amount,hour_of_day,mcc,country,velocity_5m,velocity_1h,velocity_24h,user_30d_avg,amount_to_avg_ratio,is_foreign,is_night,is_high_risk_mcc,is_fraud
21.94,10,5812,US,1,3,6,101.11,0.22,0,0,0,0
21.28,18,4121,US,1,2,4,97.97,0.22,0,0,0,0
66.7,12,5411,FR,0,1,3,85.13,0.78,1,0,0,0
20.12,16,5912,US,0,0,0,69.66,0.29,0,0,0,0
110.69,10,4121,US,2,2,3,56.07,1.97,0,0,0,0
44.72,14,5912,US,0,0,1,74.7,0.6,0,0,0,0
123.1,15,5541,US,0,1,6,107.97,1.14,0,0,0,0
80.84,14,5541,US,0,1,3,113.68,0.71,0,0,0,0
17.7,17,5732,US,1,1,2,74.5,0.24,0,0,1,0
29.25,18,5912,US,0,1,3,117.04,0.25,0,0,0,0
170.2,5,5411,US,0,3,5,117.4,1.45,0,1,0,0
38.15,19,4121,US,0,2,6,91.26,0.42,0,0,0,0
43.46,16,5541,US,1,1,2,75.26,0.58,0,0,0,0
278.08,6,5812,CA,0,1,2,97.84,2.84,1,0,0,0
20.49,16,5814,US,0,2,5,137.28,0.15,0,0,0,0
114.01,16,5912,CA,0,1,2,63.41,1.8,1,0,0,0
39.3,13,5411,US,0,1,5,115.92,0.34,0,0,0,0
13.16,9,5411,US,0,1,3,115.59,0.11,0,0,0,0
16.44,9,5311,US,0,0,3,76.22,0.22,0,0,0,0
88.31,11,5814,US,0,1,4,89.84,0.98,0,0,0,0
169.48,17,5311,US,1,3,5,69.49,2.44,0,0,0,0
542.08,20,6051,RO,8,21,34,93.51,5.8,1,0,1,1
95.58,15,5912,US,0,0,2,72.96,1.31,0,0,0,0
68.86,22,4121,US,0,1,6,141.09,0.49,0,0,0,0
1818.99,4,5944,NG,3,4,10,52.98,34.33,1,1,1,1
87.58,16,5814,FR,0,2,4,135.33,0.65,1,0,0,0
20.78,10,5411,DE,1,1,1,127.69,0.16,1,0,0,0
72.58,14,5732,US,0,1,2,129.82,0.56,0,0,1,0
79.54,10,5732,US,0,1,5,121.06,0.66,0,0,1,0
40.23,6,5541,US,0,1,5,102.97,0.39,0,0,0,0
52.83,15,5912,US,0,0,0,147.41,0.36,0,0,0,0
38.7,13,5814,US,0,1,3,115.45,0.34,0,0,0,0
82.09,13,5411,US,0,0,1,110.95,0.74,0,0,0,0
33.18,11,5732,US,0,0,2,111.94,0.3,0,0,1,0
146.49,6,5814,US,2,2,4,87.45,1.68,0,0,0,0
54.23,17,5912,US,0,0,1,124.24,0.44,0,0,0,0
33.01,11,5912,US,0,0,0,62.73,0.53,0,0,0,0
52.84,11,5541,US,1,5,8,147.01,0.36,0,0,0,0
80.51,7,5812,US,0,0,3,133.98,0.6,0,0,0,0
28.98,9,5411,US,0,1,5,133.53,0.22,0,0,0,0
42.39,14,5541,US,0,2,3,88.85,0.48,0,0,0,0
20.01,17,5814,US,0,1,1,67.0,0.3,0,0,0,0
111.21,9,5732,US,0,0,2,93.23,1.19,0,0,1,0
81.77,14,5541,US,0,1,3,138.15,0.59,0,0,0,0
14.68,16,5311,US,0,0,1,118.82,0.12,0,0,0,0
7842.55,0,5944,RO,1,4,6,48.15,162.88,1,1,1,1
178.22,10,5814,US,0,1,1,87.85,2.03,0,0,0,0
54.61,19,4121,US,0,0,4,118.81,0.46,0,0,0,0
159.82,12,5732,US,1,3,4,149.12,1.07,0,0,1,0
29.16,12,4121,US,0,0,2,100.73,0.29,0,0,0,0
35.06,16,5311,US,0,3,4,107.75,0.33,0,0,0,0
5.04,23,5411,US,0,0,3,67.02,0.08,0,0,0,0
50.43,19,5311,US,0,0,3,97.75,0.52,0,0,0,0
14.73,12,5814,US,0,0,1,84.97,0.17,0,0,0,0
22.72,9,4121,US,0,1,2,113.7,0.2,0,0,0,0
133.87,10,5411,US,0,1,2,126.19,1.06,0,0,0,0
18.99,23,5912,US,0,1,2,78.94,0.24,0,0,0,0
30.38,9,5541,US,0,2,4,103.71,0.29,0,0,0,0
58.51,16,5814,US,1,4,8,149.98,0.39,0,0,0,0
76.01,16,5541,US,1,1,1,75.55,1.01,0,0,0,0
43.68,14,5812,US,0,1,3,62.66,0.7,0,0,0,0
27.51,14,5411,US,1,5,8,114.91,0.24,0,0,0,0
14.57,13,5814,US,0,1,5,83.81,0.17,0,0,0,0
159.21,10,5912,US,0,1,6,66.98,2.38,0,0,0,0
30.97,15,5311,US,0,1,4,122.16,0.25,0,0,0,0
7.85,12,5411,US,0,0,2,100.66,0.08,0,0,0,0
13.63,18,4121,US,0,2,4,128.18,0.11,0,0,0,0
74.84,15,5812,US,0,0,1,71.13,1.05,0,0,0,0
74.8,15,5411,US,0,1,3,50.59,1.48,0,0,0,0
32.89,13,4121,US,0,1,2,103.14,0.32,0,0,0,0
22.6,15,5311,US,0,0,1,142.9,0.16,0,0,0,0
45.69,11,5814,US,0,1,4,86.25,0.53,0,0,0,0
28.86,11,5912,US,1,2,5,136.05,0.21,0,0,0,0
100.69,18,5541,US,0,1,4,130.76,0.77,0,0,0,0
342.32,12,5732,RO,8,10,29,77.28,4.43,1,0,1,1
6.43,20,5812,DE,1,1,2,96.79,0.07,1,0,0,0
22.23,13,5311,US,0,1,2,117.91,0.19,0,0,0,0
228.4,18,5814,US,0,0,1,138.81,1.65,0,0,0,0
30.83,13,5411,US,0,0,0,79.34,0.39,0,0,0,0
19.3,8,4121,US,0,0,1,140.58,0.14,0,0,0,0
79.59,23,5541,US,0,2,2,53.7,1.48,0,0,0,0
32.47,13,5814,US,1,1,1,137.34,0.24,0,0,0,0
105.62,17,4121,US,0,1,2,133.31,0.79,0,0,0,0
68.19,18,5814,US,0,3,5,79.59,0.86,0,0,0,0
33.61,16,5812,US,0,2,2,79.5,0.42,0,0,0,0
17.99,20,5541,GB,0,0,3,67.0,0.27,1,0,0,0
11.68,9,4121,US,0,1,3,60.26,0.19,0,0,0,0
78.32,13,5411,US,0,2,3,58.19,1.35,0,0,0,0
171.86,14,5311,US,1,3,7,98.73,1.74,0,0,0,0
17.86,13,4121,US,0,1,1,55.55,0.32,0,0,0,0
84.56,17,5812,US,1,1,4,66.43,1.27,0,0,0,0
13.16,15,5732,US,1,2,5,137.88,0.1,0,0,1,0
57.66,12,5541,US,0,2,3,126.19,0.46,0,0,0,0
98.06,15,5541,US,0,1,4,52.31,1.87,0,0,0,0
30.85,20,5912,US,0,1,5,84.21,0.37,0,0,0,0
19.49,13,5311,US,0,1,1,105.46,0.18,0,0,0,0
117.13,16,5732,US,1,2,4,130.42,0.9,0,0,1,0
69.6,15,5411,US,0,0,5,114.75,0.61,0,0,0,0
43.63,15,4121,US,0,2,6,99.22,0.44,0,0,0,0
98.79,20,4121,US,0,0,2,105.65,0.94,0,0,0,0
162.89,11,5411,DE,2,2,3,66.97,2.43,1,0,0,0
54.88,15,5311,US,0,1,2,146.11,0.38,0,0,0,0
30.08,7,5732,US,0,1,3,108.11,0.28,0,0,1,0
25.06,14,4121,US,0,0,2,79.64,0.31,0,0,0,0
18.72,9,5411,US,0,1,3,114.35,0.16,0,0,0,0
26.36,21,5311,US,0,3,6,72.16,0.37,0,0,0,0
28.52,13,5912,US,0,0,2,107.95,0.26,0,0,0,0
73.48,15,5912,US,0,0,3,102.74,0.72,0,0,0,0
45.06,23,5912,US,0,0,6,96.19,0.47,0,0,0,0
14.34,15,5812,US,0,0,5,68.14,0.21,0,0,0,0
40.54,10,5541,US,0,0,1,118.17,0.34,0,0,0,0
7.37,12,5411,US,0,0,2,116.54,0.06,0,0,0,0
60.96,15,5411,US,1,1,2,65.0,0.94,0,0,0,0
53.34,13,5311,US,0,1,1,132.9,0.4,0,0,0,0
64.65,19,5732,US,0,0,4,100.56,0.64,0,0,1,0
6.73,12,5311,US,0,2,4,51.13,0.13,0,0,0,0
39.63,3,5812,US,0,1,1,75.36,0.53,0,1,0,0
228.95,13,5912,US,0,1,2,91.03,2.52,0,0,0,0
49.02,13,5541,US,0,0,1,113.92,0.43,0,0,0,0
53.47,12,5411,US,0,1,3,50.49,1.06,0,0,0,0
14.28,14,5814,US,0,2,5,107.25,0.13,0,0,0,0
2.5,20,5732,US,0,0,5,92.61,0.03,0,0,1,0
31.07,17,5812,US,0,1,4,133.59,0.23,0,0,0,0
12.84,20,5814,US,0,1,7,81.11,0.16,0,0,0,0
12.58,21,5732,US,0,1,3,99.83,0.13,0,0,1,0
118.33,8,5912,US,1,3,5,145.52,0.81,0,0,0,0
12.33,16,5541,US,1,1,3,95.65,0.13,0,0,0,0
54.37,13,5814,US,0,0,2,134.58,0.4,0,0,0,0
58.76,4,5541,GB,0,2,8,140.61,0.42,1,1,0,0
3.91,17,5411,US,0,1,5,95.68,0.04,0,0,0,0
10.49,9,5732,US,0,0,1,106.19,0.1,0,0,1,0
59.0,13,4121,US,1,1,1,51.04,1.16,0,0,0,0
34.83,8,5732,US,0,0,3,71.1,0.49,0,0,1,0
72.03,14,4121,US,0,2,5,93.74,0.77,0,0,0,0
81.91,15,5812,US,1,2,5,86.68,0.94,0,0,0,0
36.36,22,5311,US,0,2,3,131.37,0.28,0,0,0,0
26.39,13,4121,US,0,2,5,59.06,0.45,0,0,0,0
35.09,17,5812,US,0,2,4,132.72,0.26,0,0,0,0
65.44,15,5912,FR,0,1,4,105.61,0.62,1,0,0,0
20.72,13,5732,US,0,2,4,148.95,0.14,0,0,1,0
11.92,22,5732,US,1,3,6,98.38,0.12,0,0,1,0
13.25,13,5732,US,0,0,2,60.06,0.22,0,0,1,0
8.42,6,5812,US,1,2,3,135.91,0.06,0,0,0,0
27.76,9,5912,US,0,0,1,59.48,0.47,0,0,0,0
105.28,16,4121,US,0,1,3,98.18,1.07,0,0,0,0
26.74,11,5812,US,0,0,0,99.89,0.27,0,0,0,0
17.82,16,4121,US,0,1,1,105.74,0.17,0,0,0,0
758.19,6,4829,GB,10,12,18,89.37,8.48,1,0,1,1
202.47,15,5311,US,0,1,4,50.95,3.97,0,0,0,0
44.42,3,5411,US,0,1,3,64.32,0.69,0,1,0,0
22.6,12,5814,US,0,0,3,148.69,0.15,0,0,0,0
4.36,5,4121,US,0,2,3,100.7,0.04,0,1,0,0
572.63,17,5411,US,0,2,4,86.32,6.63,0,0,0,0
38.1,13,5411,US,0,0,3,118.37,0.32,0,0,0,0
23.3,10,5541,US,0,0,1,52.68,0.44,0,0,0,0
198.95,8,5732,US,0,0,3,108.92,1.83,0,0,1,0
35.63,11,4121,US,0,1,4,77.81,0.46,0,0,0,0
10.95,16,5411,US,1,1,2,108.15,0.1,0,0,0,0
26.14,14,4121,US,1,3,6,98.68,0.26,0,0,0,0
129.21,9,5814,US,0,1,3,85.73,1.51,0,0,0,0
39.25,12,5541,US,0,0,1,118.7,0.33,0,0,0,0
67.67,18,5812,US,0,2,5,75.47,0.9,0,0,0,0
49.88,10,5814,US,0,1,2,89.89,0.55,0,0,0,0
51.22,16,5814,US,0,1,6,84.65,0.61,0,0,0,0
28.93,7,4121,US,0,0,3,133.9,0.22,0,0,0,0
29.08,9,5732,US,0,0,3,106.48,0.27,0,0,1,0
43.03,12,5814,US,0,1,3,107.86,0.4,0,0,0,0
32.75,9,5812,US,0,1,6,56.77,0.58,0,0,0,0
32.63,10,5311,US,1,1,7,140.1,0.23,0,0,0,0
97.04,16,5912,US,0,1,1,112.4,0.86,0,0,0,0
20.02,14,5812,US,0,4,10,80.03,0.25,0,0,0,0
20.78,11,5311,US,0,0,6,139.69,0.15,0,0,0,0
50.09,7,5732,US,0,1,4,56.61,0.88,0,0,1,0
49.97,19,5311,US,0,0,4,60.2,0.83,0,0,0,0
43.9,15,4121,US,0,0,1,123.72,0.35,0,0,0,0
33.93,19,5311,US,0,0,3,65.87,0.52,0,0,0,0
14.33,17,5541,US,0,0,3,77.62,0.18,0,0,0,0
113.18,15,4121,US,0,0,1,81.67,1.39,0,0,0,0
38.65,22,5912,US,0,0,2,85.35,0.45,0,0,0,0
30.5,11,5541,US,0,1,4,65.6,0.46,0,0,0,0
79.94,11,4121,US,0,0,3,141.95,0.56,0,0,0,0
81.14,17,4121,US,0,0,3,103.63,0.78,0,0,0,0
61.73,11,4121,US,1,1,3,127.99,0.48,0,0,0,0
44.39,14,5732,US,0,0,2,116.59,0.38,0,0,1,0
75.24,12,5812,US,0,1,3,70.61,1.07,0,0,0,0
25.03,15,4121,US,0,1,4,57.82,0.43,0,0,0,0
34.11,9,5814,US,0,0,2,129.04,0.26,0,0,0,0
133.38,8,5311,US,0,1,2,105.22,1.27,0,0,0,0
17.78,17,5732,US,0,0,1,125.54,0.14,0,0,1,0
33.06,10,5912,US,0,2,5,75.95,0.44,0,0,0,0
36.08,13,5912,US,0,1,4,67.53,0.53,0,0,0,0
100.22,12,5732,US,0,1,6,109.98,0.91,0,0,1,0
32.8,14,5732,US,1,2,7,75.74,0.43,0,0,1,0
39.44,11,4121,US,0,0,2,93.34,0.42,0,0,0,0
35.48,19,4121,US,0,1,4,78.15,0.45,0,0,0,0
149.8,18,5541,US,0,1,4,106.55,1.41,0,0,0,0
93.96,18,5812,US,0,4,7,126.58,0.74,0,0,0,0
18.52,13,5912,US,0,1,1,102.79,0.18,0,0,0,0
42.0,13,5912,US,0,0,6,113.57,0.37,0,0,0,0
30.78,17,5814,US,0,0,4,83.21,0.37,0,0,0,0
3384.45,3,6051,UA,1,5,9,95.02,35.62,1,1,1,1
13.46,12,5814,US,0,1,3,55.57,0.24,0,0,0,0
14.19,11,5814,US,2,4,8,125.62,0.11,0,0,0,0
32.18,22,5411,US,0,3,7,133.78,0.24,0,0,0,0
65.7,5,5541,US,0,0,3,68.83,0.95,0,1,0,0
162.97,16,5541,US,0,1,3,145.62,1.12,0,0,0,0
71.02,16,5814,US,0,0,6,123.62,0.57,0,0,0,0
116.56,10,5411,US,0,1,4,100.06,1.16,0,0,0,0
17.16,18,5411,US,1,3,6,86.06,0.2,0,0,0,0
48.48,17,5912,US,2,3,7,115.24,0.42,0,0,0,0
3229.01,23,5944,CN,3,4,8,74.16,43.54,1,0,1,1
14.79,12,5814,US,0,1,5,58.3,0.25,0,0,0,0
335.14,8,5732,US,0,0,2,85.37,3.93,0,0,1,0
73.7,17,5411,US,0,2,5,92.81,0.79,0,0,0,0
38.5,12,5311,US,0,2,3,132.05,0.29,0,0,0,0
59.13,11,5812,US,1,2,3,61.8,0.96,0,0,0,0
37.0,14,5541,US,1,2,6,85.32,0.43,0,0,0,0
22.15,17,5411,US,0,0,1,136.62,0.16,0,0,0,0
147.51,19,5411,US,0,0,0,54.6,2.7,0,0,0,0
202.23,14,5311,US,0,0,6,106.09,1.91,0,0,0,0
31.03,13,4121,US,0,1,4,58.06,0.53,0,0,0,0
24.84,16,5541,US,0,1,4,76.2,0.33,0,0,0,0
31.87,6,5311,US,0,1,2,146.82,0.22,0,0,0,0
170.7,20,5814,US,0,1,4,132.63,1.29,0,0,0,0
66.81,7,5732,US,0,1,4,119.1,0.56,0,0,1,0
14.78,11,5732,DE,0,2,4,137.58,0.11,1,0,1,0
22.53,12,5812,US,0,0,3,66.97,0.34,0,0,0,0
19.92,9,5912,US,0,1,2,102.92,0.19,0,0,0,0
101.96,7,5814,US,0,3,6,142.6,0.72,0,0,0,0
101.62,22,5732,US,0,1,7,112.01,0.91,0,0,1,0
60.0,15,4121,US,0,0,0,143.65,0.42,0,0,0,0
75.34,18,4121,US,0,1,2,75.48,1.0,0,0,0,0
56.74,16,5732,US,0,1,5,65.65,0.86,0,0,1,0
27.47,17,5814,US,1,2,4,121.56,0.23,0,0,0,0
89.37,17,5311,US,0,0,2,125.72,0.71,0,0,0,0
18.46,11,5732,US,0,2,4,103.83,0.18,0,0,1,0
1917.48,1,6051,CY,1,4,4,63.05,30.41,1,1,1,1
67.48,13,5311,US,0,0,0,130.75,0.52,0,0,0,0
9.77,13,5541,US,0,0,4,86.23,0.11,0,0,0,0
105.29,13,5311,US,0,1,2,70.99,1.48,0,0,0,0
69.67,16,5311,US,0,0,1,80.24,0.87,0,0,0,0
14.8,13,5311,US,0,1,2,125.28,0.12,0,0,0,0
42.82,11,5812,US,0,4,9,71.51,0.6,0,0,0,0
47.33,13,5814,US,0,0,2,50.17,0.94,0,0,0,0
55.59,16,5814,US,0,2,7,74.89,0.74,0,0,0,0
12.57,15,5912,GB,0,4,7,133.12,0.09,1,0,0,0
45.55,18,4121,US,1,3,6,138.19,0.33,0,0,0,0
71.78,17,5814,US,0,1,4,62.01,1.16,0,0,0,0
32.44,15,5814,US,0,1,7,102.43,0.32,0,0,0,0
48.69,14,5732,US,0,1,1,119.93,0.41,0,0,1,0
471.94,2,5944,RO,10,23,18,61.86,7.63,1,1,1,1
50.79,11,5541,US,0,0,5,119.38,0.43,0,0,0,0
96.0,16,5812,US,0,0,0,102.79,0.93,0,0,0,0
30.88,15,5912,US,1,1,2,128.44,0.24,0,0,0,0
20.43,12,5411,US,0,0,1,143.14,0.14,0,0,0,0
54.3,15,5411,US,0,1,4,131.17,0.41,0,0,0,0
34.76,17,5814,US,0,0,3,143.09,0.24,0,0,0,0
318.48,10,5732,US,0,0,4,73.0,4.36,0,0,1,0
235.39,16,5411,US,0,1,5,122.8,1.92,0,0,0,0
50.93,12,4121,US,0,1,5,79.56,0.64,0,0,0,0
37.98,15,5912,US,0,1,3,125.98,0.3,0,0,0,0
31.38,17,5814,US,0,2,2,87.94,0.36,0,0,0,0
19.02,12,5541,US,0,0,2,147.34,0.13,0,0,0,0
128.87,11,5912,CA,0,1,2,116.47,1.11,1,0,0,0
30.11,7,5732,US,0,1,5,136.56,0.22,0,0,1,0
47.32,11,5814,US,0,2,3,133.51,0.35,0,0,0,0
40.93,8,5411,US,1,2,6,115.86,0.35,0,0,0,0
8.29,13,5311,US,0,0,5,143.46,0.06,0,0,0,0
52.98,13,5411,US,1,2,2,87.17,0.61,0,0,0,0
46.53,14,5812,US,2,4,6,139.29,0.33,0,0,0,0
39.83,11,5812,US,0,0,5,57.45,0.69,0,0,0,0
57.41,17,5411,US,0,0,2,123.35,0.47,0,0,0,0
6.67,13,5814,US,0,0,4,85.36,0.08,0,0,0,0
28.62,23,5912,US,0,1,4,87.18,0.33,0,0,0,0
61.16,6,5541,US,0,3,6,99.21,0.62,0,0,0,0
10.71,14,5732,US,0,2,4,51.24,0.21,0,0,1,0
13.17,11,5912,US,0,2,7,128.04,0.1,0,0,0,0
133.34,15,5411,US,0,1,2,80.63,1.65,0,0,0,0
46.93,18,5732,US,0,1,2,106.27,0.44,0,0,1,0
188.36,9,5814,US,1,1,3,59.03,3.19,0,0,0,0
6.67,16,5912,US,0,1,3,91.16,0.07,0,0,0,0
7.78,16,5541,US,0,1,4,123.83,0.06,0,0,0,0
39.74,16,5411,US,0,1,4,149.48,0.27,0,0,0,0
13.6,14,5814,US,0,0,1,78.61,0.17,0,0,0,0
132.77,19,5812,US,2,2,7,149.8,0.89,0,0,0,0
73.84,18,5411,US,0,1,3,134.59,0.55,0,0,0,0
168.39,11,5541,US,0,0,3,80.55,2.09,0,0,0,0
302.3,16,5411,US,0,0,3,129.8,2.33,0,0,0,0
21.65,11,5541,US,0,1,6,94.59,0.23,0,0,0,0
94.19,19,5814,US,2,3,5,91.64,1.03,0,0,0,0
172.57,12,5541,US,1,3,7,76.27,2.26,0,0,0,0
49.94,15,5411,US,1,1,2,129.09,0.39,0,0,0,0
17.83,18,5311,US,0,3,5,94.58,0.19,0,0,0,0
20.25,10,4121,US,1,1,5,56.66,0.36,0,0,0,0
20.3,16,5311,US,0,0,6,88.41,0.23,0,0,0,0
19.29,12,5814,US,1,1,4,105.15,0.18,0,0,0,0
49.65,8,5814,US,0,0,2,126.97,0.39,0,0,0,0
37.47,11,5912,US,1,2,2,95.02,0.39,0,0,0,0
51.03,16,5814,US,0,3,6,61.93,0.82,0,0,0,0
417.34,15,5732,US,0,0,1,89.08,4.69,0,0,1,0
250.36,17,5912,US,0,0,3,118.38,2.11,0,0,0,0
35.75,13,4121,US,0,1,1,67.09,0.53,0,0,0,0
70.63,10,5541,US,0,0,2,55.9,1.26,0,0,0,0
93.85,15,5732,US,0,0,3,104.17,0.9,0,0,1,0
43.55,10,4121,US,0,1,3,76.68,0.57,0,0,0,0
58.4,14,5812,US,0,1,5,86.34,0.68,0,0,0,0
27.48,14,5732,US,0,0,1,66.29,0.41,0,0,1,0
76.3,18,5411,US,0,0,5,56.35,1.35,0,0,0,0
71.56,11,5541,US,0,1,4,102.32,0.7,0,0,0,0
135.58,19,5311,US,1,2,7,111.5,1.22,0,0,0,0
132.89,12,5812,US,0,1,3,65.96,2.01,0,0,0,0
252.14,1,5912,US,0,1,6,126.93,1.99,0,1,0,0
394.69,15,5411,JP,1,1,2,72.21,5.47,1,0,0,0
38.6,12,5411,US,1,1,5,79.79,0.48,0,0,0,0
43.65,19,5812,US,0,0,5,51.7,0.84,0,0,0,0
104.79,7,5541,US,0,2,4,82.71,1.27,0,0,0,0
51.48,21,5814,US,0,0,1,139.15,0.37,0,0,0,0
17.16,10,5812,US,0,1,3,101.31,0.17,0,0,0,0
16.8,5,4121,US,0,2,5,91.06,0.18,0,1,0,0
67.32,10,5912,US,0,0,1,107.41,0.63,0,0,0,0
36.51,17,5814,US,0,2,6,121.47,0.3,0,0,0,0
12.44,16,5812,US,0,0,2,69.78,0.18,0,0,0,0
4.18,15,5812,CA,0,1,3,148.91,0.03,1,0,0,0
21.26,14,5912,US,0,1,3,61.41,0.35,0,0,0,0
86.05,6,5814,US,0,1,2,53.9,1.6,0,0,0,0
39.02,13,4121,US,1,1,2,99.57,0.39,0,0,0,0
184.71,19,4121,US,1,1,5,65.89,2.8,0,0,0,0
195.37,13,5541,US,0,1,2,147.18,1.33,0,0,0,0
140.53,12,5541,US,0,1,5,81.34,1.73,0,0,0,0
205.1,11,4121,US,0,3,6,78.74,2.6,0,0,0,0
877.0,9,6051,GB,10,12,31,60.05,14.6,1,0,1,1
88.21,15,5912,US,0,0,1,134.05,0.66,0,0,0,0
73.21,5,5812,US,0,0,3,87.15,0.84,0,1,0,0
36.06,12,5541,DE,1,3,5,103.41,0.35,1,0,0,0
412.74,15,5311,US,0,0,3,107.09,3.85,0,0,0,0
23.54,7,5732,US,0,0,2,108.24,0.22,0,0,1,0
9.55,17,5912,US,0,2,6,81.84,0.12,0,0,0,0
78.37,11,4121,US,0,0,3,96.92,0.81,0,0,0,0
58.62,11,5912,US,0,1,4,117.18,0.5,0,0,0,0
151.12,20,5311,US,0,1,1,71.98,2.1,0,0,0,0
76.21,15,5411,US,1,2,4,143.43,0.53,0,0,0,0
61.15,15,5411,US,0,0,0,108.9,0.56,0,0,0,0
58.41,21,5912,US,0,2,6,82.01,0.71,0,0,0,0
27.95,18,5732,US,0,0,3,143.93,0.19,0,0,1,0
80.51,17,4121,US,0,0,2,88.9,0.91,0,0,0,0
41.53,16,5912,US,0,1,2,120.19,0.35,0,0,0,0
13.16,16,5912,US,0,1,3,53.27,0.25,0,0,0,0
29.93,19,5541,US,0,1,2,147.71,0.2,0,0,0,0
52.96,12,5311,US,0,2,7,61.86,0.86,0,0,0,0
58.59,11,5541,US,0,1,1,98.02,0.6,0,0,0,0
162.28,16,5311,US,0,0,1,75.83,2.14,0,0,0,0
130.83,13,5814,US,0,1,2,54.71,2.39,0,0,0,0
162.0,18,5411,US,0,2,5,123.35,1.31,0,0,0,0
22.11,12,5912,US,0,1,5,135.31,0.16,0,0,0,0
74.29,14,5411,US,0,0,2,77.85,0.95,0,0,0,0
12.24,16,4121,US,0,0,2,75.91,0.16,0,0,0,0
60.45,22,5732,US,0,1,5,90.04,0.67,0,0,1,0
17.04,17,5912,US,0,1,4,50.04,0.34,0,0,0,0
15.25,16,5812,US,0,1,2,130.48,0.12,0,0,0,0
24.24,12,5541,US,1,1,5,93.08,0.26,0,0,0,0
14.73,23,5812,US,0,0,2,148.12,0.1,0,0,0,0
20.34,17,5311,US,0,1,2,73.37,0.28,0,0,0,0
20.95,13,5411,US,0,2,2,59.41,0.35,0,0,0,0
174.89,16,5541,US,0,0,4,99.92,1.75,0,0,0,0
64.37,14,4121,US,0,0,4,72.05,0.89,0,0,0,0
67.64,11,5814,US,1,3,8,104.92,0.64,0,0,0,0
63.58,14,5814,US,2,2,3,77.69,0.82,0,0,0,0
79.82,16,5814,US,0,0,2,60.06,1.33,0,0,0,0
34.1,13,5812,FR,1,1,2,62.08,0.55,1,0,0,0
200.97,12,5912,US,1,3,4,118.22,1.7,0,0,0,0
45.6,13,5812,US,0,2,4,69.02,0.66,0,0,0,0
54.8,11,5541,US,0,1,3,118.47,0.46,0,0,0,0
2857.41,20,5732,CN,2,5,7,69.09,41.36,1,0,1,1
290.36,10,4121,US,0,1,2,75.9,3.83,0,0,0,0
4549.28,5,5944,US,2,6,5,64.02,71.06,0,1,1,1
30.93,13,5411,US,0,1,3,128.37,0.24,0,0,0,0
94.32,12,5541,US,0,1,4,93.47,1.01,0,0,0,0
2645.51,19,4829,CN,2,6,9,73.71,35.89,1,0,1,1
8641.51,1,6051,RO,1,6,4,85.53,101.03,1,1,1,1
39.08,15,4121,US,0,2,4,101.33,0.39,0,0,0,0
190.58,7,5311,US,0,0,5,122.79,1.55,0,0,0,0
14.49,14,5732,US,0,3,4,76.25,0.19,0,0,1,0
90.89,14,5411,US,0,0,2,89.81,1.01,0,0,0,0
136.12,12,5814,US,0,1,3,107.97,1.26,0,0,0,0
51.69,10,5912,DE,0,1,6,137.99,0.37,1,0,0,0
3496.71,4,4829,RU,4,7,9,78.57,44.5,1,1,1,1
13.49,11,5814,US,1,4,4,129.39,0.1,0,0,0,0
88.05,15,5814,US,1,3,5,91.69,0.96,0,0,0,0
28.07,17,5541,US,0,0,3,61.88,0.45,0,0,0,0
96.9,10,5311,US,0,0,2,90.81,1.07,0,0,0,0
68.99,15,5814,US,0,1,3,74.16,0.93,0,0,0,0
28.99,8,5732,US,0,1,5,90.68,0.32,0,0,1,0
360.49,23,6051,RO,7,10,35,91.76,3.93,1,0,1,1
167.31,21,5311,US,0,1,3,52.18,3.21,0,0,0,0
780.06,10,6051,RO,4,15,25,75.74,10.3,1,0,1,1
77.8,8,4121,US,0,0,1,138.61,0.56,0,0,0,0
34.86,9,5541,US,0,0,2,51.96,0.67,0,0,0,0
61.42,12,5411,US,0,1,3,132.12,0.46,0,0,0,0
25.34,12,4121,US,0,0,2,74.26,0.34,0,0,0,0
11.53,16,5732,US,0,1,6,123.35,0.09,0,0,1,0
11.23,19,5732,US,0,0,4,125.46,0.09,0,0,1,0
56.29,22,5411,US,0,0,2,65.93,0.85,0,0,0,0
161.38,17,5812,US,0,0,1,132.25,1.22,0,0,0,0
30.04,19,5541,US,0,0,5,141.9,0.21,0,0,0,0
15.3,14,5311,US,0,0,3,52.02,0.29,0,0,0,0
23.24,19,5814,US,0,1,2,116.85,0.2,0,0,0,0
115.79,21,5814,US,0,0,4,132.29,0.88,0,0,0,0
36.17,14,5912,US,0,0,3,141.04,0.26,0,0,0,0
141.92,16,5411,US,0,2,3,82.62,1.72,0,0,0,0
1806.21,7,5944,CN,4,2,10,64.37,28.06,1,0,1,1
122.61,13,5732,US,0,2,6,63.74,1.92,0,0,1,0
13.75,15,5912,US,1,2,2,95.58,0.14,0,0,0,0
11.31,18,5732,US,1,4,7,72.32,0.16,0,0,1,0
77.73,8,5311,US,0,1,5,96.69,0.8,0,0,0,0
34.28,17,5411,US,0,0,4,106.28,0.32,0,0,0,0
143.79,18,5411,US,0,0,1,76.96,1.87,0,0,0,0
35.9,12,5732,CA,0,0,4,61.89,0.58,1,0,1,0
291.04,19,4121,US,0,1,2,107.0,2.72,0,0,0,0
6.22,7,4121,US,0,1,4,80.78,0.08,0,0,0,0
40.2,17,5541,US,0,0,2,56.67,0.71,0,0,0,0
64.85,12,5814,US,0,0,2,69.2,0.94,0,0,0,0
24.28,7,5912,US,1,2,8,65.87,0.37,0,0,0,0
81.33,13,5541,US,0,0,3,65.1,1.25,0,0,0,0
60.53,12,5541,US,0,1,4,89.01,0.68,0,0,0,0
28.43,12,5541,US,0,1,4,65.14,0.44,0,0,0,0
21.41,15,5912,US,0,2,4,138.45,0.15,0,0,0,0
129.63,14,5311,US,0,0,1,145.18,0.89,0,0,0,0
161.88,6,5311,US,1,3,4,137.65,1.18,0,0,0,0
34.69,14,5411,US,0,0,1,137.27,0.25,0,0,0,0
106.38,15,5732,US,0,0,3,69.48,1.53,0,0,1,0
30.65,14,4121,US,0,1,6,53.01,0.58,0,0,0,0
14.89,9,5411,US,0,1,4,67.43,0.22,0,0,0,0
59.92,7,5311,US,2,4,6,93.01,0.64,0,0,0,0
14.17,19,5812,FR,0,0,3,63.37,0.22,1,0,0,0
42.32,10,5411,US,1,1,1,88.94,0.48,0,0,0,0
18.73,17,5912,US,0,0,4,63.89,0.29,0,0,0,0
32.51,13,5814,US,0,0,2,94.38,0.34,0,0,0,0
16.73,12,5541,GB,0,0,5,107.44,0.16,1,0,0,0
87.85,15,5812,US,0,0,3,54.32,1.62,0,0,0,0
24.64,14,5912,US,1,1,2,52.05,0.47,0,0,0,0
45.59,23,5912,US,0,1,2,128.0,0.36,0,0,0,0
25.63,16,5411,US,0,2,3,68.41,0.37,0,0,0,0
95.61,19,5541,US,0,1,9,63.81,1.5,0,0,0,0
42.21,21,5541,GB,0,0,0,108.36,0.39,1,0,0,0
25.17,16,5912,FR,0,0,1,97.52,0.26,1,0,0,0
19.84,10,5814,US,0,0,4,95.61,0.21,0,0,0,0
9270.61,1,5944,CY,3,5,4,59.63,155.47,1,1,1,1
27.88,8,5812,US,0,1,5,123.78,0.23,0,0,0,0
4.63,17,5732,US,0,2,6,124.78,0.04,0,0,1,0
118.57,14,5411,US,0,4,6,69.61,1.7,0,0,0,0
46.05,16,5311,US,0,0,5,126.23,0.36,0,0,0,0
32.31,22,5732,US,0,0,3,82.83,0.39,0,0,1,0
143.52,11,5411,US,0,1,3,88.68,1.62,0,0,0,0
21.38,16,5411,US,0,1,4,73.09,0.29,0,0,0,0
24.79,15,5411,US,0,0,3,91.63,0.27,0,0,0,0
36.72,20,5732,US,1,3,4,120.16,0.31,0,0,1,0
213.24,22,5814,US,0,1,3,71.46,2.98,0,0,0,0
18.37,21,5411,US,0,0,3,141.86,0.13,0,0,0,0
39.85,18,5411,US,0,1,5,136.62,0.29,0,0,0,0
55.68,11,5812,US,1,3,7,83.19,0.67,0,0,0,0
36.95,15,5732,US,0,0,1,97.32,0.38,0,0,1,0
14.78,12,5912,US,0,0,1,131.2,0.11,0,0,0,0
39.6,11,5812,US,0,0,2,51.42,0.77,0,0,0,0
2737.46,12,4829,RU,2,8,8,82.46,33.2,1,0,1,1
118.76,13,5812,US,0,0,2,135.29,0.88,0,0,0,0
32.11,10,5541,US,0,0,1,138.73,0.23,0,0,0,0
59.32,8,4121,US,0,1,3,99.51,0.6,0,0,0,0
62.68,16,5812,US,0,0,0,113.99,0.55,0,0,0,0
226.17,18,5541,US,0,0,1,143.84,1.57,0,0,0,0
31.4,6,5732,US,0,1,4,69.43,0.45,0,0,1,0
48.24,12,5311,US,0,0,0,149.46,0.32,0,0,0,0
153.46,21,5812,US,0,0,3,57.76,2.66,0,0,0,0
14.12,9,5311,US,0,0,5,115.24,0.12,0,0,0,0
141.32,15,5812,US,0,0,0,114.66,1.23,0,0,0,0
76.53,4,5732,US,0,1,2,95.14,0.8,0,1,1,0
31.91,19,5411,US,0,1,6,59.27,0.54,0,0,0,0
15.32,11,5814,GB,0,0,2,74.01,0.21,1,0,0,0
5497.97,2,6051,CY,1,5,6,60.44,90.97,1,1,1,1
22.88,15,5732,US,0,3,6,55.45,0.41,0,0,1,0
6.73,16,4121,US,0,0,7,96.04,0.07,0,0,0,0
20.74,17,5912,US,0,0,0,95.82,0.22,0,0,0,0
85.53,15,4121,US,0,0,3,126.48,0.68,0,0,0,0
37.63,14,5311,US,0,1,3,124.15,0.3,0,0,0,0
41.89,11,4121,US,0,0,2,115.69,0.36,0,0,0,0
79.23,10,5814,US,1,1,3,124.62,0.64,0,0,0,0
65.9,17,4121,US,1,4,7,96.96,0.68,0,0,0,0
70.73,21,5411,US,2,3,8,119.9,0.59,0,0,0,0
2.5,16,4121,US,0,0,1,94.05,0.03,0,0,0,0
31.36,17,5812,US,0,1,3,109.31,0.29,0,0,0,0
126.99,13,5812,US,0,2,5,89.75,1.41,0,0,0,0
126.47,14,5411,US,0,1,7,91.37,1.38,0,0,0,0
35.07,15,5814,US,1,2,4,87.01,0.4,0,0,0,0
15.71,11,5311,US,0,0,3,55.26,0.28,0,0,0,0
30.22,10,5541,US,0,0,2,50.19,0.6,0,0,0,0
92.01,13,5814,US,0,2,3,142.29,0.65,0,0,0,0
39.53,13,4121,US,1,1,2,83.33,0.47,0,0,0,0
28.6,17,5411,US,0,2,8,142.58,0.2,0,0,0,0
3.0,17,5311,UA,15,15,30,87.83,0.03,1,0,0,1
68.07,13,5732,US,1,2,2,123.59,0.55,0,0,1,0
30.59,12,5311,GB,0,0,3,61.56,0.5,1,0,0,0
108.3,11,5912,US,0,1,5,118.36,0.92,0,0,0,0
34.26,14,5411,US,0,1,3,78.87,0.43,0,0,0,0
70.45,12,4121,US,0,0,6,133.75,0.53,0,0,0,0
19.16,15,5912,US,0,1,2,138.5,0.14,0,0,0,0
1939.8,18,5732,CY,3,6,6,41.1,47.2,1,0,1,1
26.63,6,5411,US,0,2,6,122.61,0.22,0,0,0,0
49.0,11,5411,US,1,1,1,89.88,0.55,0,0,0,0
111.45,13,5541,US,0,0,1,88.91,1.25,0,0,0,0
44.75,18,5732,US,0,2,4,130.92,0.34,0,0,1,0
107.21,12,5912,US,0,1,1,58.89,1.82,0,0,0,0
20.27,15,5814,US,0,1,2,113.82,0.18,0,0,0,0
22.83,9,5411,US,0,0,0,127.29,0.18,0,0,0,0
112.54,13,5912,US,2,3,6,85.47,1.32,0,0,0,0
22.85,16,5912,US,1,2,4,126.3,0.18,0,0,0,0
17.24,18,5812,US,0,1,4,109.28,0.16,0,0,0,0
33.57,20,4121,US,0,2,4,124.9,0.27,0,0,0,0
32.38,11,5541,FR,0,2,3,132.99,0.24,1,0,0,0
27.96,19,5732,US,2,3,4,87.04,0.32,0,0,1,0
6.45,14,5814,US,0,1,2,101.22,0.06,0,0,0,0
39.59,13,5814,US,0,0,6,113.01,0.35,0,0,0,0
48.14,9,5732,US,0,1,3,50.4,0.96,0,0,1,0
10.04,10,5732,US,0,0,6,136.18,0.07,0,0,1,0
2486.82,11,5944,CY,4,6,11,57.55,43.21,1,0,1,1
40.88,19,4121,US,0,3,3,141.92,0.29,0,0,0,0
29.84,11,5311,US,0,0,5,129.6,0.23,0,0,0,0
124.7,8,5814,US,0,1,3,57.74,2.16,0,0,0,0
18.17,13,5912,US,0,1,5,81.26,0.22,0,0,0,0
2.18,16,5311,NG,13,27,38,97.73,0.02,1,0,0,1
30.83,14,5912,US,0,1,2,55.15,0.56,0,0,0,0
1044.86,13,5541,US,0,1,5,138.42,7.55,0,0,0,0
14.27,11,5812,US,0,2,4,110.09,0.13,0,0,0,0
7.95,11,5812,US,0,1,4,85.93,0.09,0,0,0,0
58.76,14,5812,US,0,1,4,146.25,0.4,0,0,0,0
21.13,16,5812,US,0,2,5,52.69,0.4,0,0,0,0
84.97,10,5732,US,0,0,3,98.66,0.86,0,0,1,0
55.48,15,5812,US,0,3,5,106.28,0.52,0,0,0,0
28.65,16,5732,US,0,3,6,98.61,0.29,0,0,1,0
921.21,17,7995,US,10,25,29,75.53,12.2,0,0,1,1
35.67,13,5541,US,0,3,5,62.79,0.57,0,0,0,0
48.98,14,5814,US,0,3,3,56.77,0.86,0,0,0,0
17.45,16,5541,US,2,2,4,137.72,0.13,0,0,0,0
52.62,12,5411,US,1,1,5,134.09,0.39,0,0,0,0
118.95,11,5912,US,0,0,1,145.4,0.82,0,0,0,0
66.81,11,5311,US,0,0,3,121.52,0.55,0,0,0,0
9.15,12,5912,US,1,3,7,142.57,0.06,0,0,0,0
52.35,14,5814,US,0,2,9,127.36,0.41,0,0,0,0
56.21,12,5311,US,0,0,2,76.08,0.74,0,0,0,0
33.84,11,5812,US,0,0,0,59.08,0.57,0,0,0,0
203.61,7,4121,US,1,3,7,124.96,1.63,0,0,0,0
211.15,18,5812,US,0,1,2,147.3,1.43,0,0,0,0
84.08,8,5732,US,0,0,3,99.99,0.84,0,0,1,0
120.59,17,5411,US,0,1,4,55.97,2.15,0,0,0,0
4599.12,4,6051,RO,3,5,10,88.96,51.7,1,1,1,1
7.85,15,5812,US,0,0,3,96.13,0.08,0,0,0,0
29.38,9,5411,US,0,1,4,94.6,0.31,0,0,0,0
52.9,15,5912,US,1,3,5,103.83,0.51,0,0,0,0
22.5,9,5732,US,0,0,3,136.86,0.16,0,0,1,0
83.13,12,4121,US,0,0,4,115.28,0.72,0,0,0,0
1.46,7,5311,UA,9,25,33,42.78,0.03,1,0,0,1
10.79,13,5814,US,0,1,2,54.32,0.2,0,0,0,0
23.16,8,5541,US,0,1,1,115.52,0.2,0,0,0,0
25.61,11,5732,US,0,2,6,113.25,0.23,0,0,1,0
7.88,15,5812,US,0,1,4,73.19,0.11,0,0,0,0
154.92,13,5311,GB,0,2,4,118.77,1.3,1,0,0,0
168.52,14,4121,US,0,0,0,117.14,1.44,0,0,0,0
52.18,11,5912,US,0,2,5,130.64,0.4,0,0,0,0
7.72,16,5541,US,0,2,3,125.32,0.06,0,0,0,0
2183.38,5,5944,CN,2,4,10,51.15,42.69,1,1,1,1
31.71,13,5812,US,0,1,4,104.98,0.3,0,0,0,0
25.83,12,5311,US,0,1,2,89.43,0.29,0,0,0,0
87.55,22,5912,US,0,2,4,66.16,1.32,0,0,0,0
22.01,15,5912,US,1,3,4,53.69,0.41,0,0,0,0
809.95,9,4829,US,5,21,33,43.19,18.75,0,0,1,1
35.42,6,5732,US,0,2,4,117.53,0.3,0,0,1,0
8.0,8,5541,US,1,1,2,111.18,0.07,0,0,0,0
17.42,11,5732,US,1,2,5,136.86,0.13,0,0,1,0
21.13,12,5541,US,0,1,6,69.78,0.3,0,0,0,0
192.07,16,5944,GB,6,8,17,82.62,2.32,1,0,1,1
130.78,14,5411,US,0,1,6,146.25,0.89,0,0,0,0
16.81,16,5541,US,0,0,4,147.08,0.11,0,0,0,0
39.78,13,5311,US,0,0,1,138.01,0.29,0,0,0,0
2504.7,1,6051,RU,1,6,8,77.67,32.25,1,1,1,1
19.84,13,5732,US,1,1,1,59.55,0.33,0,0,1,0
45.7,13,5541,US,0,1,2,131.64,0.35,0,0,0,0
20.63,13,5812,US,0,1,3,118.08,0.17,0,0,0,0
103.56,12,5812,US,2,4,4,60.97,1.7,0,0,0,0
20.85,16,5411,US,0,1,5,106.0,0.2,0,0,0,0
44.47,12,5311,US,0,1,2,146.54,0.3,0,0,0,0
92.27,19,5541,US,0,0,3,92.5,1.0,0,0,0,0
184.21,6,5311,US,0,0,0,92.68,1.99,0,0,0,0
32.15,9,5912,US,0,1,5,103.67,0.31,0,0,0,0
6.39,17,5411,US,0,1,4,94.41,0.07,0,0,0,0
107.88,9,4121,US,0,0,2,128.65,0.84,0,0,0,0
92.31,13,5812,US,1,2,2,97.9,0.94,0,0,0,0
97.47,12,5912,US,1,2,6,143.29,0.68,0,0,0,0
13.43,18,5912,US,0,3,4,76.88,0.17,0,0,0,0
87.67,23,4121,US,0,1,2,59.72,1.47,0,0,0,0
94.75,12,5541,US,2,2,5,61.29,1.55,0,0,0,0
22.44,12,5732,US,0,0,3,141.34,0.16,0,0,1,0
136.71,14,5411,US,1,1,2,95.59,1.43,0,0,0,0
58.15,12,4121,US,1,2,4,84.84,0.69,0,0,0,0
28.81,13,4121,US,0,0,0,55.12,0.52,0,0,0,0
54.41,14,5541,US,0,1,2,131.13,0.41,0,0,0,0
68.42,15,5411,US,0,1,2,147.02,0.47,0,0,0,0
21.76,16,5912,US,1,3,6,56.12,0.39,0,0,0,0
30.9,10,5814,US,0,1,7,145.0,0.21,0,0,0,0
28.27,14,5411,US,1,1,6,132.72,0.21,0,0,0,0
8.53,11,5812,US,0,0,5,124.53,0.07,0,0,0,0
54.47,23,5814,US,0,4,6,50.77,1.07,0,0,0,0
21.6,9,4121,US,1,1,6,138.91,0.16,0,0,0,0
6.56,3,5814,US,0,0,4,60.38,0.11,0,1,0,0
4465.16,5,6051,UA,3,2,10,51.3,87.04,1,1,1,1
43.95,14,5411,US,0,1,1,97.21,0.45,0,0,0,0
17.35,13,5812,US,0,2,2,123.5,0.14,0,0,0,0
26.3,15,5912,US,0,1,2,54.18,0.49,0,0,0,0
10.51,9,5812,US,1,4,6,92.03,0.11,0,0,0,0
0.92,5,5311,UA,10,18,20,57.34,0.02,1,1,0,1
56.38,14,5541,US,0,0,2,88.07,0.64,0,0,0,0
6.76,23,5812,US,0,1,4,94.83,0.07,0,0,0,0
78.47,13,5912,US,0,1,4,80.0,0.98,0,0,0,0
91.18,13,5814,US,0,0,2,112.03,0.81,0,0,0,0
38.3,13,5812,US,0,1,3,148.66,0.26,0,0,0,0
56.58,12,5311,US,0,0,1,142.27,0.4,0,0,0,0
60.85,16,5732,US,0,0,1,109.15,0.56,0,0,1,0
94.71,15,5541,US,1,1,3,64.12,1.48,0,0,0,0
4.59,12,5812,US,0,1,3,84.38,0.05,0,0,0,0
55.93,14,4121,US,0,1,6,97.8,0.57,0,0,0,0
49.6,16,5912,FR,1,2,6,125.32,0.4,1,0,0,0
69.2,16,5311,US,0,1,5,126.83,0.55,0,0,0,0
90.38,18,4121,US,0,2,4,104.26,0.87,0,0,0,0
40.57,5,5812,US,0,2,3,80.85,0.5,0,1,0,0
286.24,13,5311,US,0,1,3,135.52,2.11,0,0,0,0
112.74,11,5311,US,1,1,3,148.77,0.76,0,0,0,0
54.43,12,5814,US,1,1,2,61.9,0.88,0,0,0,0
35.0,10,5912,US,0,1,6,118.16,0.3,0,0,0,0
95.66,10,5812,US,0,0,2,58.71,1.63,0,0,0,0
80.11,9,5814,US,0,1,4,51.05,1.57,0,0,0,0
26.26,14,5814,US,0,3,4,125.31,0.21,0,0,0,0
9.44,10,5912,US,0,0,0,56.03,0.17,0,0,0,0
35.81,16,5814,US,0,0,3,138.5,0.26,0,0,0,0
20.16,9,5541,US,1,3,4,96.25,0.21,0,0,0,0
65.75,7,5311,US,1,2,3,140.06,0.47,0,0,0,0
20.86,18,5311,US,0,0,4,56.15,0.37,0,0,0,0
39.0,8,5732,US,0,0,6,147.9,0.26,0,0,1,0
37.63,20,5912,US,0,0,2,116.56,0.32,0,0,0,0
24.48,17,5912,US,0,1,3,108.05,0.23,0,0,0,0
74.41,18,5812,US,0,0,2,109.85,0.68,0,0,0,0
10.73,12,5812,US,0,1,3,123.23,0.09,0,0,0,0
65.1,15,5812,US,1,2,5,96.82,0.67,0,0,0,0
124.73,18,5912,US,0,2,5,90.53,1.38,0,0,0,0
18.96,17,5411,US,0,0,8,102.6,0.18,0,0,0,0
70.33,15,5411,US,0,3,7,79.22,0.89,0,0,0,0
28.78,13,5311,GB,0,1,6,119.46,0.24,1,0,0,0
26.91,20,5732,US,1,2,6,139.85,0.19,0,0,1,0
10.61,12,5411,US,0,1,4,104.05,0.1,0,0,0,0
22.16,4,5311,US,0,2,5,125.14,0.18,0,1,0,0
238.45,12,5814,US,1,2,6,104.49,2.28,0,0,0,0
34.98,12,5812,US,0,1,2,70.53,0.5,0,0,0,0
58.32,8,4121,US,1,2,4,109.13,0.53,0,0,0,0
21.65,5,5814,US,1,1,3,121.22,0.18,0,1,0,0
75.42,15,5814,US,0,2,4,119.21,0.63,0,0,0,0
89.01,13,5311,US,0,2,2,126.61,0.7,0,0,0,0
19.53,15,5732,US,0,3,5,93.79,0.21,0,0,1,0
58.02,22,5411,US,0,1,1,92.76,0.63,0,0,0,0
27.5,17,5541,US,0,1,5,128.22,0.21,0,0,0,0
22.72,15,5912,US,0,0,2,69.78,0.33,0,0,0,0
95.05,9,5541,US,0,0,2,62.24,1.53,0,0,0,0
203.2,11,5814,US,1,2,5,108.58,1.87,0,0,0,0
32.62,14,5814,US,0,1,2,76.04,0.43,0,0,0,0
16.94,18,5814,US,0,1,3,116.19,0.15,0,0,0,0
42.42,15,4121,US,0,0,1,100.89,0.42,0,0,0,0
227.6,13,5814,US,0,0,3,121.15,1.88,0,0,0,0
24.9,14,5812,US,1,2,4,101.13,0.25,0,0,0,0
28.14,13,5912,US,0,5,7,64.5,0.44,0,0,0,0
2.1,4,5311,NG,8,14,39,98.62,0.02,1,1,0,1
41.56,10,4121,US,1,1,3,55.91,0.74,0,0,0,0
70.78,14,5812,US,1,1,4,54.28,1.3,0,0,0,0
570.05,17,5912,US,0,1,2,111.71,5.1,0,0,0,0
23.6,10,5411,US,0,2,2,84.91,0.28,0,0,0,0
100.66,20,5311,US,0,1,3,84.07,1.2,0,0,0,0
27.0,17,5732,US,0,0,0,137.76,0.2,0,0,1,0
25.15,14,5912,US,0,3,5,140.07,0.18,0,0,0,0
23.87,10,4121,US,0,3,7,127.36,0.19,0,0,0,0
27.93,12,5912,US,0,3,7,103.3,0.27,0,0,0,0
30.51,15,5812,US,0,0,3,107.3,0.28,0,0,0,0
24.13,15,5311,US,0,2,7,89.1,0.27,0,0,0,0
36.99,8,4121,US,0,0,3,111.27,0.33,0,0,0,0
224.11,19,5814,US,0,0,3,105.05,2.13,0,0,0,0
145.97,17,5732,US,0,0,1,129.21,1.13,0,0,1,0
101.36,7,5814,US,0,0,4,110.25,0.92,0,0,0,0
22.64,15,5541,US,0,1,4,54.49,0.42,0,0,0,0
54.34,8,4121,US,0,1,6,78.59,0.69,0,0,0,0
22.55,11,5812,US,0,1,1,66.78,0.34,0,0,0,0
82.78,7,5812,US,0,0,0,136.0,0.61,0,0,0,0
17.29,11,5814,US,0,1,2,108.35,0.16,0,0,0,0
44.93,23,5814,US,0,0,2,116.7,0.39,0,0,0,0
85.78,13,5814,US,0,1,4,77.45,1.11,0,0,0,0
249.57,15,5732,US,0,1,6,117.62,2.12,0,0,1,0
36.0,16,5812,US,0,3,3,142.41,0.25,0,0,0,0
9093.72,5,5732,RU,2,4,9,90.84,100.11,1,1,1,1
78.51,10,5411,US,0,1,3,104.52,0.75,0,0,0,0
75.78,11,4121,US,1,1,3,57.08,1.33,0,0,0,0
27.07,20,5311,US,0,0,5,125.59,0.22,0,0,0,0
150.64,7,5812,US,0,0,4,53.32,2.83,0,0,0,0
37.1,18,5541,US,0,0,0,141.96,0.26,0,0,0,0
314.16,16,5814,US,0,1,5,94.51,3.32,0,0,0,0
36.35,7,5912,US,0,0,4,87.22,0.42,0,0,0,0
16.0,11,5814,US,1,1,1,100.41,0.16,0,0,0,0
17.16,22,5311,US,0,1,2,68.56,0.25,0,0,0,0
50.56,10,5732,US,0,1,5,59.78,0.85,0,0,1,0
26.21,18,5411,US,0,1,6,125.42,0.21,0,0,0,0
111.17,10,5812,US,0,1,3,83.83,1.33,0,0,0,0
38.18,14,5411,US,0,2,5,147.7,0.26,0,0,0,0
144.69,14,5311,US,1,1,4,128.44,1.13,0,0,0,0
37.16,15,5311,US,1,2,6,121.86,0.3,0,0,0,0
45.15,21,4121,US,0,0,4,127.59,0.35,0,0,0,0
18.57,11,5541,US,0,0,3,71.75,0.26,0,0,0,0
132.13,8,5912,US,1,1,2,148.73,0.89,0,0,0,0
23.93,12,5912,US,0,0,1,77.24,0.31,0,0,0,0
9.97,10,5812,US,0,5,8,144.03,0.07,0,0,0,0
35.56,14,5912,US,0,1,4,145.21,0.24,0,0,0,0
88.77,16,5912,US,0,0,3,142.16,0.62,0,0,0,0
23.87,16,5814,US,1,3,4,146.83,0.16,0,0,0,0
79.93,16,5311,US,0,1,2,64.34,1.24,0,0,0,0
41.37,9,4121,US,0,0,2,54.78,0.76,0,0,0,0
68.67,4,5912,US,0,0,5,86.08,0.8,0,1,0,0
657.2,12,5912,US,0,1,2,55.4,11.86,0,0,0,0
79.46,12,5812,US,0,0,6,148.13,0.54,0,0,0,0
72.64,17,4121,US,0,1,4,144.96,0.5,0,0,0,0
14.5,9,5814,US,0,0,4,129.61,0.11,0,0,0,0
32.72,21,5812,US,0,0,2,85.32,0.38,0,0,0,0
39.61,15,5541,US,2,2,3,84.65,0.47,0,0,0,0
23.68,13,4121,US,1,1,2,66.99,0.35,0,0,0,0
36.41,12,5912,US,0,0,2,72.9,0.5,0,0,0,0
71.15,10,5311,US,1,2,5,75.92,0.94,0,0,0,0
43.74,15,5814,US,0,0,2,98.14,0.45,0,0,0,0
27.16,14,5814,US,0,2,5,88.28,0.31,0,0,0,0
43.49,12,5541,US,0,1,6,61.51,0.71,0,0,0,0
32.96,8,5732,US,0,0,3,70.58,0.47,0,0,1,0
12.23,13,5541,US,0,2,3,80.73,0.15,0,0,0,0
10.97,16,5541,US,0,0,10,140.85,0.08,0,0,0,0
27.9,16,5411,US,0,1,6,61.33,0.45,0,0,0,0
20.08,16,4121,JP,0,1,3,120.67,0.17,1,0,0,0
3249.56,19,6051,NG,1,2,8,56.48,57.53,1,0,1,1
10.7,15,5732,US,0,2,4,76.88,0.14,0,0,1,0
18.42,12,4121,US,0,1,2,53.25,0.35,0,0,0,0
11.22,18,5541,US,0,3,4,93.61,0.12,0,0,0,0
177.51,16,5311,US,0,2,4,91.3,1.94,0,0,0,0
58.52,13,5541,US,0,1,4,103.95,0.56,0,0,0,0
1930.39,7,6051,CN,4,7,10,79.67,24.23,1,0,1,1
55.96,8,5732,US,0,0,1,107.65,0.52,0,0,1,0
371.17,7,6051,US,8,11,27,56.74,6.54,0,0,1,1
14.91,22,5541,US,1,1,3,148.29,0.1,0,0,0,0
2.41,7,5311,UA,12,11,19,88.8,0.03,1,0,0,1
26.89,18,5311,US,0,1,1,91.62,0.29,0,0,0,0
20.31,17,5814,US,0,1,3,83.52,0.24,0,0,0,0
41.84,15,5411,US,0,2,5,54.78,0.76,0,0,0,0
49.3,12,5411,US,1,1,3,105.53,0.47,0,0,0,0
149.7,7,5814,US,0,0,3,96.32,1.55,0,0,0,0
11.73,10,5311,US,1,3,7,80.86,0.15,0,0,0,0
28.09,16,5411,US,0,0,1,96.83,0.29,0,0,0,0
18.51,6,5541,US,0,0,1,80.54,0.23,0,0,0,0
18.36,10,5814,US,0,1,3,65.31,0.28,0,0,0,0
28.31,17,5814,US,0,0,1,122.45,0.23,0,0,0,0
52.66,14,5411,US,0,2,7,90.62,0.58,0,0,0,0
32.96,17,5541,US,0,1,4,82.93,0.4,0,0,0,0
14.5,22,5814,US,0,0,4,59.67,0.24,0,0,0,0
18.8,10,5812,US,0,2,6,79.19,0.24,0,0,0,0
38.66,2,5311,US,0,2,3,131.26,0.29,0,1,0,0
49.0,15,5812,US,0,2,3,108.94,0.45,0,0,0,0
30.79,11,5541,US,1,1,2,120.3,0.26,0,0,0,0
168.65,23,5541,US,0,0,1,96.33,1.75,0,0,0,0
34.18,15,4121,US,0,0,3,103.15,0.33,0,0,0,0
298.75,12,4121,US,0,0,3,138.09,2.16,0,0,0,0
25.83,14,5732,US,0,0,2,99.41,0.26,0,0,1,0
71.91,11,5912,US,0,0,0,115.38,0.62,0,0,0,0
39.18,12,5541,US,0,1,6,84.26,0.46,0,0,0,0
85.66,10,5912,US,0,1,6,123.31,0.69,0,0,0,0
19.5,11,5814,US,0,0,2,53.65,0.36,0,0,0,0
249.42,12,7995,GB,7,10,35,75.99,3.28,1,0,1,1
73.69,18,5912,US,0,0,2,142.73,0.52,0,0,0,0
21.55,10,5812,US,0,3,7,82.38,0.26,0,0,0,0
16.49,17,5311,US,0,0,2,141.45,0.12,0,0,0,0
235.15,20,5411,US,0,1,3,122.7,1.92,0,0,0,0
121.56,17,5732,US,0,1,5,52.24,2.33,0,0,1,0
21.12,15,5411,US,1,1,4,80.73,0.26,0,0,0,0
2.93,5,5311,NG,9,29,32,59.7,0.05,1,1,0,1
59.96,15,5912,US,0,0,3,114.83,0.52,0,0,0,0
27.98,16,5541,US,0,0,1,141.07,0.2,0,0,0,0
947.96,13,6051,RO,6,18,31,92.27,10.27,1,0,1,1
19.02,10,5814,FR,0,2,2,56.84,0.33,1,0,0,0
42.23,19,5814,US,1,2,3,69.08,0.61,0,0,0,0
149.74,5,5732,US,0,0,2,68.93,2.17,0,1,1,0
61.17,15,4121,US,0,0,2,115.64,0.53,0,0,0,0
67.89,18,5411,US,0,1,3,65.62,1.03,0,0,0,0
18.22,17,5812,US,0,1,3,119.09,0.15,0,0,0,0
68.44,9,5814,US,1,1,3,139.35,0.49,0,0,0,0
45.58,19,4121,US,0,1,5,117.92,0.39,0,0,0,0
44.01,23,5411,US,1,1,2,91.02,0.48,0,0,0,0
106.33,10,4121,US,0,0,0,143.02,0.74,0,0,0,0
37.7,12,5814,US,0,3,8,89.62,0.42,0,0,0,0
34.37,20,5812,US,0,1,1,68.9,0.5,0,0,0,0
40.96,14,5311,US,2,2,9,69.79,0.59,0,0,0,0
57.73,9,5912,US,0,2,5,138.67,0.42,0,0,0,0
60.16,14,5311,GB,0,3,6,81.11,0.74,1,0,0,0
334.51,19,5812,US,0,2,6,126.48,2.64,0,0,0,0
38.44,6,5311,US,0,1,2,123.87,0.31,0,0,0,0
101.99,17,4121,US,0,1,6,129.34,0.79,0,0,0,0
12.85,11,5411,US,0,1,6,95.87,0.13,0,0,0,0
26.6,19,5311,US,0,1,4,104.74,0.25,0,0,0,0
50.77,16,5311,US,0,0,0,113.21,0.45,0,0,0,0
10.13,11,5814,US,0,1,2,146.79,0.07,0,0,0,0
13.11,10,4121,US,0,1,3,117.7,0.11,0,0,0,0
19.19,16,5812,US,0,1,4,116.02,0.17,0,0,0,0
47.88,18,5411,US,0,0,1,114.82,0.42,0,0,0,0
200.23,13,5812,US,1,2,5,52.86,3.79,0,0,0,0
21.15,16,5912,JP,0,1,3,130.72,0.16,1,0,0,0
27.78,8,5411,US,0,1,6,56.59,0.49,0,0,0,0
28.55,16,5311,US,0,0,4,64.41,0.44,0,0,0,0
45.38,17,5814,US,1,1,2,146.06,0.31,0,0,0,0
32.79,11,4121,US,0,0,3,83.27,0.39,0,0,0,0
10.22,15,5541,US,0,0,3,148.95,0.07,0,0,0,0
90.29,10,5311,US,0,0,0,91.34,0.99,0,0,0,0
67.36,17,5311,US,0,1,4,119.22,0.57,0,0,0,0
19.53,11,4121,US,0,0,7,94.63,0.21,0,0,0,0
395.43,16,5411,US,0,0,2,97.12,4.07,0,0,0,0
54.17,17,4121,US,0,1,5,122.95,0.44,0,0,0,0
129.44,10,4121,US,0,0,4,52.25,2.48,0,0,0,0
171.69,7,5541,US,0,0,3,123.68,1.39,0,0,0,0
57.76,16,5411,US,1,3,8,77.11,0.75,0,0,0,0
0.89,14,5311,US,11,10,27,96.97,0.01,0,0,0,1
84.82,17,5311,US,0,0,2,107.89,0.79,0,0,0,0
74.37,13,4121,US,0,1,4,132.59,0.56,0,0,0,0
27.46,12,5812,US,0,0,5,111.25,0.25,0,0,0,0
28.52,14,5541,US,0,3,5,88.25,0.32,0,0,0,0
22.05,15,4121,US,1,1,3,75.81,0.29,0,0,0,0
154.79,17,5732,CA,0,1,3,66.7,2.32,1,0,1,0
31.74,11,5411,US,0,0,5,129.1,0.25,0,0,0,0
83.9,15,5541,US,0,2,6,78.15,1.07,0,0,0,0
3.17,10,5732,US,0,0,2,130.17,0.02,0,0,1,0
6.83,14,5541,US,0,0,0,73.67,0.09,0,0,0,0
9.01,17,5814,US,0,0,2,111.66,0.08,0,0,0,0
11.58,19,4121,US,0,0,0,84.82,0.14,0,0,0,0
27.97,11,5812,US,0,1,6,119.65,0.23,0,0,0,0
33.9,15,5411,US,0,2,4,78.5,0.43,0,0,0,0
35.76,9,5912,US,1,5,9,132.94,0.27,0,0,0,0
1720.65,9,7995,CY,1,6,6,93.15,18.47,1,0,1,1
18.96,13,5411,US,0,1,5,134.3,0.14,0,0,0,0
10.98,5,5912,US,0,1,4,100.66,0.11,0,1,0,0
16.05,18,4121,US,1,4,11,70.2,0.23,0,0,0,0
12.56,10,5912,US,0,0,2,137.24,0.09,0,0,0,0
342.66,13,5912,US,0,0,1,63.5,5.4,0,0,0,0
2.95,23,5311,US,13,24,31,63.3,0.05,0,0,0,1
71.62,15,5541,US,1,3,5,129.79,0.55,0,0,0,0
114.59,19,5732,US,1,3,5,140.58,0.82,0,0,1,0
58.52,11,5732,US,0,0,2,52.11,1.12,0,0,1,0
18.28,12,5812,US,0,0,2,107.64,0.17,0,0,0,0
47.01,16,5732,US,1,1,2,80.65,0.58,0,0,1,0
22.49,11,5814,US,2,2,2,146.79,0.15,0,0,0,0
19.05,14,5814,US,1,1,3,94.49,0.2,0,0,0,0
169.11,15,5311,US,0,0,1,115.19,1.47,0,0,0,0
4656.44,4,5732,CY,1,6,9,60.73,76.67,1,1,1,1
53.06,11,5311,US,0,0,5,69.82,0.76,0,0,0,0
29.76,14,5541,US,0,0,3,147.86,0.2,0,0,0,0
7.42,19,5311,US,0,2,4,82.56,0.09,0,0,0,0
34.25,14,4121,US,0,0,5,53.64,0.64,0,0,0,0
101.55,9,5541,US,1,2,4,87.32,1.16,0,0,0,0
65.09,15,5411,US,0,0,3,120.94,0.54,0,0,0,0
28.65,10,5311,US,0,0,3,140.23,0.2,0,0,0,0
51.5,18,5812,US,0,0,7,113.45,0.45,0,0,0,0
47.31,7,5311,FR,0,0,1,54.95,0.86,1,0,0,0
30.25,5,5814,US,0,1,3,145.64,0.21,0,1,0,0
37.79,18,4121,CA,0,3,7,55.89,0.68,1,0,0,0
36.39,23,5912,US,0,0,1,112.81,0.32,0,0,0,0
34.45,9,5411,US,2,3,11,90.04,0.38,0,0,0,0
5.45,17,5912,US,0,3,8,97.55,0.06,0,0,0,0
909.97,19,5732,GB,8,9,28,83.33,10.92,1,0,1,1
25.02,19,5812,US,0,0,4,149.89,0.17,0,0,0,0
123.62,14,5311,US,1,1,2,146.54,0.84,0,0,0,0
9.44,14,5411,US,0,1,4,64.08,0.15,0,0,0,0
17.99,19,5311,US,0,0,3,71.29,0.25,0,0,0,0
85.99,13,5812,US,1,5,10,58.34,1.47,0,0,0,0
207.32,12,5311,US,0,1,6,148.72,1.39,0,0,0,0
121.74,13,4121,US,0,0,2,77.55,1.57,0,0,0,0
49.37,15,5814,US,1,1,2,132.47,0.37,0,0,0,0
96.33,13,5311,US,1,2,3,92.7,1.04,0,0,0,0
27.38,13,5912,US,1,3,6,128.77,0.21,0,0,0,0
36.19,4,5814,US,0,0,4,122.6,0.3,0,1,0,0
180.85,15,5814,US,0,1,3,55.47,3.26,0,0,0,0
95.8,13,4121,US,0,0,6,112.9,0.85,0,0,0,0
12.47,18,5912,US,0,1,3,53.58,0.23,0,0,0,0
36.6,14,5732,US,1,3,6,78.44,0.47,0,0,1,0
160.87,10,5732,US,1,2,7,66.91,2.4,0,0,1,0
27.8,15,5814,US,0,1,3,94.6,0.29,0,0,0,0
27.68,14,5912,US,1,4,6,117.95,0.23,0,0,0,0
101.8,19,5411,US,0,2,2,72.34,1.41,0,0,0,0
48.75,18,5311,US,2,5,6,54.39,0.9,0,0,0,0
91.41,16,5732,US,0,0,2,86.45,1.06,0,0,1,0
50.4,16,5912,US,0,0,3,69.02,0.73,0,0,0,0
42.34,9,5411,US,0,0,1,131.14,0.32,0,0,0,0
21.63,20,5912,US,1,2,5,51.34,0.42,0,0,0,0
86.59,5,5311,US,0,0,3,138.15,0.63,0,1,0,0
86.85,20,4121,US,0,0,2,80.02,1.09,0,0,0,0
129.2,17,4121,US,0,0,3,112.98,1.14,0,0,0,0
73.0,9,5541,US,0,1,2,125.87,0.58,0,0,0,0
4.37,10,5311,US,0,0,2,134.17,0.03,0,0,0,0
165.32,16,5541,US,0,2,8,114.86,1.44,0,0,0,0
41.36,12,5311,US,0,1,1,119.69,0.35,0,0,0,0
26.52,16,5311,US,0,2,3,102.61,0.26,0,0,0,0
53.64,19,5814,US,0,1,1,58.95,0.91,0,0,0,0
18.97,19,5411,US,0,0,3,58.09,0.33,0,0,0,0
56.68,14,5814,DE,0,0,5,130.74,0.43,1,0,0,0
59.64,21,5311,US,0,0,1,67.76,0.88,0,0,0,0
308.06,11,5814,US,0,0,2,117.51,2.62,0,0,0,0
108.25,12,5411,US,0,4,6,88.24,1.23,0,0,0,0
66.46,15,5732,US,0,1,2,62.9,1.06,0,0,1,0
19.66,20,5541,US,0,2,4,135.4,0.15,0,0,0,0
154.84,15,5812,US,0,3,9,66.47,2.33,0,0,0,0
12.65,23,5311,US,0,1,3,51.25,0.25,0,0,0,0
86.09,11,5311,US,0,1,2,77.49,1.11,0,0,0,0
18.74,12,5311,US,1,3,3,64.73,0.29,0,0,0,0
37.42,12,5912,US,2,3,5,84.23,0.44,0,0,0,0
2334.44,18,4829,RU,4,8,7,90.23,25.87,1,0,1,1
53.5,17,5541,US,0,0,0,63.43,0.84,0,0,0,0
28.83,12,5541,US,0,1,6,78.61,0.37,0,0,0,0
1675.66,6,5944,NG,2,7,12,89.83,18.65,1,0,1,1
28.76,18,5912,US,0,1,2,102.34,0.28,0,0,0,0
6.37,21,5812,US,1,3,6,112.27,0.06,0,0,0,0
34.2,15,4121,US,0,1,3,141.34,0.24,0,0,0,0
50.62,15,5814,US,0,1,5,146.14,0.35,0,0,0,0
6.3,13,5411,US,0,2,3,136.85,0.05,0,0,0,0
4.15,17,5311,CA,0,0,2,64.26,0.06,1,0,0,0
2603.83,1,5944,UA,2,3,8,57.77,45.07,1,1,1,1
51.8,16,5812,US,0,0,4,69.33,0.75,0,0,0,0
67.91,10,5912,US,0,0,1,147.59,0.46,0,0,0,0
24.73,14,5814,CA,0,2,4,72.13,0.34,1,0,0,0
29.58,10,5732,US,0,1,3,136.01,0.22,0,0,1,0
71.29,21,5912,FR,0,0,2,77.81,0.92,1,0,0,0
283.83,16,5812,US,0,0,0,74.32,3.82,0,0,0,0
73.34,12,5912,US,0,0,3,87.28,0.84,0,0,0,0
9.47,4,5411,US,1,2,2,125.07,0.08,0,1,0,0
45.59,13,5541,CA,0,0,0,149.99,0.3,1,0,0,0
43.3,20,5411,US,0,0,0,108.77,0.4,0,0,0,0
18.32,9,4121,US,0,0,1,148.48,0.12,0,0,0,0
145.1,15,5311,US,0,3,5,130.44,1.11,0,0,0,0
32.17,9,5912,US,0,0,6,131.93,0.24,0,0,0,0
30.27,18,4121,US,0,0,1,148.73,0.2,0,0,0,0
40.05,10,5541,US,0,1,1,103.49,0.39,0,0,0,0
41.03,11,5411,US,1,4,7,91.54,0.45,0,0,0,0
71.32,12,5732,US,0,0,3,57.37,1.24,0,0,1,0
91.01,13,5541,US,0,0,5,59.89,1.52,0,0,0,0
58.21,14,5541,US,0,0,1,117.71,0.49,0,0,0,0
10.63,8,5814,US,0,0,5,133.3,0.08,0,0,0,0
117.6,11,4121,US,0,1,3,56.2,2.09,0,0,0,0
33.47,15,5812,US,0,1,3,85.49,0.39,0,0,0,0
60.79,15,5812,US,0,3,6,126.26,0.48,0,0,0,0
18.81,14,5912,US,0,1,3,132.09,0.14,0,0,0,0
15.95,13,5732,US,0,0,4,108.89,0.15,0,0,1,0
41.01,11,5814,US,0,0,2,122.1,0.34,0,0,0,0
40.44,12,4121,US,0,1,4,69.5,0.58,0,0,0,0
12.0,17,5912,US,0,2,4,138.0,0.09,0,0,0,0
23.68,17,5912,US,1,2,7,135.84,0.17,0,0,0,0
23.84,12,5541,US,0,0,1,90.9,0.26,0,0,0,0
32.1,15,5411,US,0,0,1,105.44,0.3,0,0,0,0
66.01,16,5541,US,2,2,5,54.05,1.22,0,0,0,0
13.04,12,5541,US,1,2,5,147.48,0.09,0,0,0,0
16.5,15,5912,US,1,2,5,147.5,0.11,0,0,0,0
24.91,10,5311,JP,0,0,0,107.68,0.23,1,0,0,0
2788.4,3,5944,CY,2,4,8,98.82,28.22,1,1,1,1
63.69,13,5812,US,0,1,4,126.87,0.5,0,0,0,0
223.73,17,5541,CA,0,0,2,59.58,3.76,1,0,0,0
35.53,18,5812,US,0,1,2,115.0,0.31,0,0,0,0
250.58,18,5732,US,0,0,3,136.3,1.84,0,0,1,0
14.73,17,5541,US,0,0,1,78.21,0.19,0,0,0,0
79.95,17,5912,US,0,0,3,77.26,1.03,0,0,0,0
188.83,7,6051,RO,9,22,16,70.43,2.68,1,0,1,1
11.9,9,5732,US,0,0,1,90.2,0.13,0,0,1,0
80.52,10,4121,US,1,1,4,134.03,0.6,0,0,0,0
42.04,10,5732,CA,0,1,4,148.24,0.28,1,0,1,0
88.33,12,5812,US,0,1,4,133.95,0.66,0,0,0,0
319.86,13,5311,US,0,0,4,69.75,4.59,0,0,0,0
91.55,10,5311,US,0,0,4,111.51,0.82,0,0,0,0
101.49,8,5411,US,0,0,5,59.13,1.72,0,0,0,0
54.29,19,5311,CA,0,1,4,112.45,0.48,1,0,0,0
137.92,14,5411,US,0,0,3,60.86,2.27,0,0,0,0
52.2,7,5732,US,0,1,4,132.41,0.39,0,0,1,0
37.49,11,5411,FR,0,1,1,102.13,0.37,1,0,0,0
105.8,9,5812,US,1,1,4,79.76,1.33,0,0,0,0
8.38,15,5814,US,0,1,3,85.73,0.1,0,0,0,0
68.11,8,5411,US,0,1,4,135.43,0.5,0,0,0,0
134.79,7,5812,US,0,1,1,104.13,1.29,0,0,0,0
40.15,17,4121,US,0,0,0,139.05,0.29,0,0,0,0
68.05,11,5812,US,0,2,5,117.98,0.58,0,0,0,0
50.71,17,5814,US,0,0,2,137.12,0.37,0,0,0,0
73.43,13,5812,US,0,0,2,125.39,0.59,0,0,0,0
7.09,9,5912,US,0,1,3,128.32,0.06,0,0,0,0
72.26,11,5311,US,0,1,3,87.18,0.83,0,0,0,0
36.69,15,5541,US,0,0,1,145.74,0.25,0,0,0,0
130.01,8,4121,US,0,0,5,149.23,0.87,0,0,0,0
125.52,10,5732,US,0,0,3,90.09,1.39,0,0,1,0
16.66,19,5311,US,0,1,5,94.04,0.18,0,0,0,0
10.99,20,5732,DE,0,0,3,97.92,0.11,1,0,1,0
233.17,12,5411,US,0,1,4,101.98,2.29,0,0,0,0
3.57,9,5732,US,0,0,3,68.63,0.05,0,0,1,0
55.46,10,5411,US,0,0,2,88.96,0.62,0,0,0,0
52.96,11,5541,US,0,0,4,93.86,0.56,0,0,0,0
27.62,19,5812,FR,1,1,4,57.7,0.48,1,0,0,0
16.89,13,5814,US,0,1,4,120.44,0.14,0,0,0,0
400.36,16,5541,US,0,1,2,130.38,3.07,0,0,0,0
13.12,15,5912,US,0,0,2,145.39,0.09,0,0,0,0
54.51,8,5411,US,1,2,6,108.97,0.5,0,0,0,0
29.86,13,5814,US,1,2,7,94.44,0.32,0,0,0,0
56.44,15,5311,US,0,0,4,141.08,0.4,0,0,0,0
123.38,17,5311,US,0,0,2,115.54,1.07,0,0,0,0
38.28,7,5411,JP,1,1,4,53.49,0.72,1,0,0,0
3.05,13,5311,UA,5,10,41,86.38,0.04,1,0,0,1
101.19,12,5912,DE,0,0,4,82.11,1.23,1,0,0,0
61.33,23,5812,CA,0,2,3,63.07,0.97,1,0,0,0
1664.51,5,5732,NG,1,4,10,73.29,22.71,1,1,1,1
539.04,17,7995,GB,8,21,23,59.0,9.14,1,0,1,1
82.93,5,5912,US,0,0,1,79.0,1.05,0,1,0,0
64.63,14,5912,US,0,0,0,61.19,1.06,0,0,0,0
40.58,19,5812,US,0,0,1,82.21,0.49,0,0,0,0
38.48,11,5912,CA,1,2,3,54.5,0.71,1,0,0,0
104.29,8,5912,US,0,0,2,114.82,0.91,0,0,0,0
98.34,13,5311,US,0,0,5,131.1,0.75,0,0,0,0
36.62,16,5812,US,0,0,4,78.01,0.47,0,0,0,0
46.87,13,5411,US,0,2,5,94.15,0.5,0,0,0,0
23.44,15,5732,US,0,1,1,74.74,0.31,0,0,1,0
50.19,12,5732,US,0,0,1,84.06,0.6,0,0,1,0
184.11,12,5732,US,0,0,2,57.29,3.21,0,0,1,0
8.03,20,5812,US,0,0,2,85.59,0.09,0,0,0,0
123.52,17,5812,US,0,1,4,116.76,1.06,0,0,0,0
56.29,12,5814,US,0,1,5,92.96,0.61,0,0,0,0
45.31,14,5812,US,0,0,2,86.74,0.52,0,0,0,0
19.25,10,5541,US,0,1,4,106.71,0.18,0,0,0,0
56.26,19,4121,US,0,0,7,72.1,0.78,0,0,0,0
72.1,13,5814,US,1,2,5,77.97,0.92,0,0,0,0
75.97,13,5732,US,0,0,5,109.42,0.69,0,0,1,0
21.04,17,5411,US,0,0,4,128.62,0.16,0,0,0,0
129.7,10,4121,US,0,0,2,56.0,2.32,0,0,0,0
3.41,19,5311,US,10,25,39,71.73,0.05,0,0,0,1
41.22,13,5812,US,1,1,4,117.24,0.35,0,0,0,0
49.82,10,5912,US,0,1,5,57.3,0.87,0,0,0,0
20.75,10,5814,US,0,3,5,120.91,0.17,0,0,0,0
37.09,19,5541,US,0,0,1,85.79,0.43,0,0,0,0
12.37,15,5311,US,0,0,3,134.66,0.09,0,0,0,0
26.07,16,5541,US,0,0,2,127.8,0.2,0,0,0,0
2172.73,19,6051,CN,4,6,10,45.39,47.87,1,0,1,1
80.61,15,4121,US,1,1,6,72.86,1.11,0,0,0,0
86.1,10,5812,US,0,0,1,63.1,1.36,0,0,0,0
13.25,13,5311,US,0,0,3,101.31,0.13,0,0,0,0
113.77,17,5732,FR,0,1,5,75.23,1.51,1,0,1,0
219.49,8,5912,US,0,0,1,81.5,2.69,0,0,0,0
53.42,19,5912,US,0,0,2,53.74,0.99,0,0,0,0
25.72,12,5411,US,0,0,6,133.2,0.19,0,0,0,0
68.09,13,5814,US,1,2,4,146.32,0.47,0,0,0,0
39.43,21,5732,US,0,0,4,61.71,0.64,0,0,1,0
11.81,13,5812,US,0,0,5,98.26,0.12,0,0,0,0
39.1,13,5814,US,0,2,7,107.3,0.36,0,0,0,0
149.12,18,4121,US,2,2,5,127.75,1.17,0,0,0,0
111.36,13,5411,US,0,0,5,67.9,1.64,0,0,0,0
411.85,19,5311,CA,0,1,2,63.56,6.48,1,0,0,0
29.46,14,4121,US,0,0,3,138.98,0.21,0,0,0,0
8.43,19,5411,US,0,1,4,101.32,0.08,0,0,0,0
30.43,17,5411,US,1,1,4,54.54,0.56,0,0,0,0
22.87,22,4121,US,0,0,5,95.71,0.24,0,0,0,0
81.64,14,5411,US,0,4,7,84.33,0.97,0,0,0,0
26.14,14,5541,US,0,0,3,86.7,0.3,0,0,0,0
37.51,14,5311,US,1,2,3,126.73,0.3,0,0,0,0
89.48,10,5732,US,1,1,7,122.44,0.73,0,0,1,0
131.49,10,5912,US,0,1,6,82.76,1.59,0,0,0,0
110.51,12,5812,US,0,2,4,51.55,2.14,0,0,0,0
92.92,13,5732,US,0,3,5,52.93,1.76,0,0,1,0
25.78,11,5311,US,2,2,3,83.4,0.31,0,0,0,0
11.29,16,5732,US,0,2,5,107.59,0.1,0,0,1,0
2.8,13,5311,NG,7,11,50,42.89,0.07,1,0,0,1
22.6,15,5541,US,1,2,4,114.31,0.2,0,0,0,0
37.32,17,5732,US,0,0,0,138.61,0.27,0,0,1,0
7.6,10,4121,US,0,1,5,122.96,0.06,0,0,0,0
11.32,14,5411,US,0,0,0,125.86,0.09,0,0,0,0
29.32,11,5541,US,0,0,1,69.32,0.42,0,0,0,0
25.71,16,5541,US,1,1,6,65.17,0.39,0,0,0,0
110.14,16,5912,US,0,1,2,137.14,0.8,0,0,0,0
21.1,14,5812,US,1,1,3,61.78,0.34,0,0,0,0
62.85,12,5912,US,0,3,4,99.92,0.63,0,0,0,0
58.95,16,5411,US,0,2,6,127.55,0.46,0,0,0,0
75.96,14,5732,US,0,1,5,84.19,0.9,0,0,1,0
71.04,16,5541,US,1,1,3,68.75,1.03,0,0,0,0
11.94,19,5814,US,0,0,0,132.82,0.09,0,0,0,0
319.14,18,5944,US,5,11,32,76.5,4.17,0,0,1,1
17.09,17,5311,US,0,3,8,81.04,0.21,0,0,0,0
69.18,15,5311,US,0,0,1,120.92,0.57,0,0,0,0
2.37,10,5311,NG,10,11,45,41.93,0.06,1,0,0,1
35.55,17,5814,US,0,1,1,91.07,0.39,0,0,0,0
29.75,16,5541,US,0,2,5,109.83,0.27,0,0,0,0
87.46,21,5912,US,0,3,4,145.04,0.6,0,0,0,0
15.99,13,5812,DE,0,1,2,73.87,0.22,1,0,0,0
17.73,14,5411,US,0,2,5,106.32,0.17,0,0,0,0
19.87,14,5812,US,0,0,6,140.78,0.14,0,0,0,0
40.52,10,5541,US,0,1,4,137.61,0.29,0,0,0,0
11.82,12,5732,DE,0,0,1,106.03,0.11,1,0,1,0
67.93,14,4121,US,0,0,2,135.46,0.5,0,0,0,0
14.61,15,5812,US,0,1,4,59.2,0.25,0,0,0,0
835.98,20,4829,RO,4,25,29,95.76,8.73,1,0,1,1
27.63,18,5812,US,0,0,1,58.35,0.47,0,0,0,0
83.01,14,5812,US,0,0,2,134.21,0.62,0,0,0,0
55.03,17,5541,US,0,0,0,53.32,1.03,0,0,0,0
21.62,14,5411,US,0,1,2,75.3,0.29,0,0,0,0
59.67,15,5812,US,0,2,4,62.96,0.95,0,0,0,0
40.93,20,5812,US,0,0,1,110.81,0.37,0,0,0,0
55.79,10,5912,US,0,0,5,101.36,0.55,0,0,0,0
89.92,19,5812,GB,0,0,2,112.46,0.8,1,0,0,0
51.76,15,5541,US,0,0,1,138.9,0.37,0,0,0,0
95.09,10,4121,US,0,1,3,61.83,1.54,0,0,0,0
795.85,7,7995,GB,5,9,19,79.79,9.97,1,0,1,1
34.16,15,5541,US,0,2,4,63.92,0.53,0,0,0,0
49.93,14,5541,US,0,2,2,101.2,0.49,0,0,0,0
8.3,12,5311,US,0,0,2,121.21,0.07,0,0,0,0
32.58,17,5912,US,0,1,4,56.54,0.58,0,0,0,0
129.5,16,5912,US,0,1,1,84.57,1.53,0,0,0,0
114.37,18,5311,US,0,0,4,101.58,1.13,0,0,0,0
21.18,14,5311,US,0,1,4,138.31,0.15,0,0,0,0
34.33,15,5541,US,0,0,7,70.83,0.48,0,0,0,0
67.4,5,5311,US,0,3,6,84.64,0.8,0,1,0,0
67.21,15,5541,US,0,2,6,79.86,0.84,0,0,0,0
1372.33,8,5944,RU,2,8,6,42.97,31.94,1,0,1,1
29.72,10,5912,US,1,4,6,99.69,0.3,0,0,0,0
155.04,12,5411,US,0,2,5,113.14,1.37,0,0,0,0
57.56,10,5812,US,0,1,6,119.82,0.48,0,0,0,0
34.45,14,5812,US,0,2,3,54.86,0.63,0,0,0,0
216.28,5,4121,US,0,0,1,55.37,3.91,0,1,0,0
334.18,13,4829,GB,5,17,37,59.19,5.65,1,0,1,1
40.08,19,5541,US,0,0,2,52.54,0.76,0,0,0,0
30.34,9,5812,US,0,0,3,120.11,0.25,0,0,0,0
10.46,11,5541,US,0,2,5,147.72,0.07,0,0,0,0
37.56,14,5912,US,0,3,6,66.06,0.57,0,0,0,0
106.06,9,5311,US,0,0,2,118.39,0.9,0,0,0,0
34.54,11,5912,US,0,0,0,77.0,0.45,0,0,0,0
147.23,15,5812,US,1,2,5,100.26,1.47,0,0,0,0
50.86,16,5541,US,0,1,3,110.37,0.46,0,0,0,0
153.63,18,5411,US,0,0,3,114.58,1.34,0,0,0,0
141.78,19,5541,US,0,1,1,68.82,2.06,0,0,0,0
18.89,20,5812,US,0,1,6,116.44,0.16,0,0,0,0
253.4,20,5814,US,0,0,0,134.52,1.88,0,0,0,0
301.42,19,4121,US,0,1,3,95.02,3.17,0,0,0,0
64.52,13,5812,US,0,0,1,109.19,0.59,0,0,0,0
116.27,18,5814,US,0,1,4,106.97,1.09,0,0,0,0
194.0,11,5311,US,0,0,2,116.46,1.67,0,0,0,0
9.86,18,5812,US,0,0,2,53.8,0.18,0,0,0,0
35.32,13,5812,US,0,2,6,139.86,0.25,0,0,0,0
128.72,12,4121,US,0,0,3,142.94,0.9,0,0,0,0
12.99,3,5541,US,1,1,4,87.36,0.15,0,1,0,0
76.05,16,5541,US,0,2,3,114.45,0.66,0,0,0,0
33.99,22,5411,US,0,1,5,93.38,0.36,0,0,0,0
99.34,10,5541,US,1,1,4,128.72,0.77,0,0,0,0
108.3,13,5812,US,0,0,4,72.74,1.49,0,0,0,0
132.4,12,5912,US,0,2,5,118.39,1.12,0,0,0,0
51.08,15,5732,US,0,2,4,107.9,0.47,0,0,1,0
12.85,13,5411,US,0,0,1,76.73,0.17,0,0,0,0
112.65,14,5814,US,0,1,4,108.59,1.04,0,0,0,0
17.41,18,5311,US,0,3,5,99.4,0.18,0,0,0,0
60.07,20,5814,US,0,0,2,78.3,0.77,0,0,0,0
174.43,13,5732,US,0,0,1,117.7,1.48,0,0,1,0
59.16,12,5411,US,1,1,5,147.23,0.4,0,0,0,0
23.62,16,5411,US,1,2,2,111.18,0.21,0,0,0,0
96.73,7,4121,US,0,2,6,146.96,0.66,0,0,0,0
111.03,21,5912,US,0,0,3,106.83,1.04,0,0,0,0
82.14,12,5912,US,0,0,4,106.4,0.77,0,0,0,0
32.2,12,5812,US,1,1,5,112.28,0.29,0,0,0,0
30.74,9,5812,US,0,1,2,72.54,0.42,0,0,0,0
144.35,11,5411,US,0,1,3,91.99,1.57,0,0,0,0
16.29,15,4121,US,2,3,8,67.8,0.24,0,0,0,0
43.49,22,5541,US,0,0,2,86.47,0.5,0,0,0,0
77.72,22,5814,US,1,1,2,105.88,0.73,0,0,0,0
24.33,15,5732,US,0,0,0,111.75,0.22,0,0,1,0
96.5,22,4121,US,1,1,5,143.7,0.67,0,0,0,0
21.69,15,5812,US,0,0,3,85.23,0.25,0,0,0,0
134.07,13,5812,US,0,1,5,124.68,1.08,0,0,0,0
87.6,10,5814,US,0,0,3,60.97,1.44,0,0,0,0
24.44,14,4121,US,0,1,6,56.64,0.43,0,0,0,0
90.71,18,5814,US,0,0,3,60.14,1.51,0,0,0,0
50.5,10,4121,US,0,2,3,77.03,0.66,0,0,0,0
34.79,18,5912,US,0,1,5,123.69,0.28,0,0,0,0
128.95,10,5732,CA,0,0,3,148.69,0.87,1,0,1,0
95.17,14,5541,US,0,0,1,95.4,1.0,0,0,0,0
26.41,7,5311,US,0,1,2,104.16,0.25,0,0,0,0
23.07,20,5912,US,2,5,5,106.94,0.22,0,0,0,0
17.86,17,5541,US,0,0,2,124.1,0.14,0,0,0,0
34.12,16,5814,US,1,1,2,103.66,0.33,0,0,0,0
75.49,16,5732,US,0,0,3,85.09,0.89,0,0,1,0
283.88,9,5732,US,0,0,1,101.92,2.79,0,0,1,0
43.19,21,5732,US,0,1,5,70.11,0.62,0,0,1,0
78.85,16,5812,US,0,1,1,141.64,0.56,0,0,0,0
1865.93,9,6051,RU,3,4,7,91.18,20.46,1,0,1,1
4.1,11,5912,US,0,2,5,102.43,0.04,0,0,0,0
62.88,19,5541,US,0,0,1,98.72,0.64,0,0,0,0
240.4,11,5311,US,0,0,3,139.92,1.72,0,0,0,0
21.76,14,4121,US,0,2,9,51.83,0.42,0,0,0,0
62.73,9,5311,DE,0,1,3,139.6,0.45,1,0,0,0
31.19,12,5732,US,1,1,3,72.37,0.43,0,0,1,0
20.96,13,5411,US,1,2,5,77.38,0.27,0,0,0,0
3.39,6,4121,US,0,0,1,141.45,0.02,0,0,0,0
8.91,11,4121,US,0,0,4,136.18,0.07,0,0,0,0
156.39,12,5732,US,0,0,2,140.51,1.11,0,0,1,0
42.71,13,5912,US,0,1,5,83.72,0.51,0,0,0,0
46.1,13,5814,US,0,1,4,128.73,0.36,0,0,0,0
17.82,15,5814,US,0,2,3,131.66,0.14,0,0,0,0
33.16,12,5311,US,1,1,5,87.33,0.38,0,0,0,0
69.66,13,5311,US,1,1,3,110.23,0.63,0,0,0,0
57.96,10,4121,US,0,2,4,128.36,0.45,0,0,0,0
89.25,20,5912,US,1,2,7,86.79,1.03,0,0,0,0
41.94,11,5812,US,0,1,2,52.97,0.79,0,0,0,0
184.31,9,5912,US,0,1,2,110.09,1.67,0,0,0,0
22.85,11,5912,US,0,0,1,92.22,0.25,0,0,0,0
56.61,18,5411,US,0,0,3,138.97,0.41,0,0,0,0
21.22,12,4121,US,1,2,3,75.32,0.28,0,0,0,0
776.87,4,7995,RU,1,7,12,61.4,12.65,1,1,1,1
14.28,12,5812,US,0,0,1,98.69,0.14,0,0,0,0
28.85,16,5411,FR,0,1,2,94.18,0.31,1,0,0,0
5425.86,3,5944,UA,2,4,9,71.35,76.05,1,1,1,1
56.07,16,5912,CA,0,0,7,67.86,0.83,1,0,0,0
87.54,9,5311,US,0,0,5,58.78,1.49,0,0,0,0
41.84,15,5912,US,0,0,1,81.79,0.51,0,0,0,0
75.68,18,5311,US,0,2,4,69.14,1.09,0,0,0,0
88.11,17,5812,US,0,1,3,109.67,0.8,0,0,0,0
158.03,16,5311,US,1,2,4,143.0,1.11,0,0,0,0
79.34,10,4121,US,0,1,2,107.73,0.74,0,0,0,0
31.97,8,5912,US,0,1,6,126.16,0.25,0,0,0,0
50.69,8,4121,US,0,1,4,75.05,0.68,0,0,0,0
3.72,20,4121,US,2,2,6,145.66,0.03,0,0,0,0
18.39,8,5541,US,0,1,4,104.31,0.18,0,0,0,0
52.24,15,5732,US,0,1,3,52.6,0.99,0,0,1,0
134.1,14,5912,US,0,0,3,108.66,1.23,0,0,0,0
25.9,6,5311,US,0,2,3,104.78,0.25,0,0,0,0
24.95,12,5912,US,0,0,1,88.86,0.28,0,0,0,0
157.2,7,5311,US,0,1,4,137.63,1.14,0,0,0,0
16.63,7,5912,US,0,1,4,137.73,0.12,0,0,0,0
52.35,11,5411,US,0,1,4,61.34,0.85,0,0,0,0
75.04,9,5732,US,0,3,4,127.75,0.59,0,0,1,0
96.95,10,5814,US,0,0,0,100.08,0.97,0,0,0,0
27.98,11,5411,US,0,2,4,147.75,0.19,0,0,0,0
14.62,18,4121,US,0,1,4,116.04,0.13,0,0,0,0
61.28,15,5541,US,0,0,2,50.37,1.22,0,0,0,0
34.32,9,5732,US,1,3,6,52.85,0.65,0,0,1,0
60.11,14,5814,US,0,2,4,142.85,0.42,0,0,0,0
15.26,15,5411,US,0,1,2,82.14,0.19,0,0,0,0
82.76,20,5812,US,0,1,5,81.63,1.01,0,0,0,0
59.42,16,5311,US,0,2,5,108.67,0.55,0,0,0,0
10.58,18,5912,US,0,1,3,124.75,0.08,0,0,0,0
22.42,18,5732,US,0,0,2,129.13,0.17,0,0,1,0
20.88,14,5411,DE,1,2,5,64.24,0.33,1,0,0,0
8950.25,4,5732,CN,2,2,8,76.02,117.74,1,1,1,1
5704.58,5,5732,RO,3,5,7,95.33,59.84,1,1,1,1
21.98,15,5814,US,1,3,6,61.39,0.36,0,0,0,0
22.77,8,4121,US,0,2,4,96.98,0.23,0,0,0,0
87.98,12,5541,US,0,1,6,65.75,1.34,0,0,0,0
49.89,17,5411,US,0,0,6,121.14,0.41,0,0,0,0
9.94,11,5912,US,0,1,3,123.19,0.08,0,0,0,0
6.29,8,5732,US,0,1,5,119.5,0.05,0,0,1,0
214.2,13,5912,US,0,0,2,100.31,2.14,0,0,0,0
107.09,18,5541,US,1,3,7,100.91,1.06,0,0,0,0
1675.14,13,7995,NG,2,7,10,81.99,20.43,1,0,1,1
70.07,13,5732,US,0,0,2,125.46,0.56,0,0,1,0
54.88,19,5732,US,0,0,1,140.78,0.39,0,0,1,0
95.07,16,5912,US,1,2,7,127.88,0.74,0,0,0,0
41.36,13,5311,US,0,2,3,147.91,0.28,0,0,0,0
38.92,14,5411,US,0,1,3,110.31,0.35,0,0,0,0
13.93,9,5411,US,0,2,3,110.1,0.13,0,0,0,0
0.51,3,5311,NG,5,22,46,88.52,0.01,1,1,0,1
13.14,10,5912,US,0,0,0,65.11,0.2,0,0,0,0
23.45,17,5812,US,0,2,6,73.25,0.32,0,0,0,0
31.64,19,5311,US,1,2,3,104.97,0.3,0,0,0,0
48.7,14,5311,US,0,0,3,90.66,0.54,0,0,0,0
19.72,13,5814,US,1,2,7,135.94,0.15,0,0,0,0
48.1,18,5812,US,1,2,2,117.4,0.41,0,0,0,0
6898.8,2,5732,RO,1,2,8,84.98,81.18,1,1,1,1
73.77,11,5812,US,0,0,3,79.31,0.93,0,0,0,0
19.38,13,4121,US,0,1,2,76.51,0.25,0,0,0,0
15.33,16,5912,US,0,0,4,136.26,0.11,0,0,0,0
39.54,15,5541,US,0,1,1,141.99,0.28,0,0,0,0
292.91,14,5912,US,0,0,0,64.8,4.52,0,0,0,0
75.86,12,5411,US,0,0,1,84.35,0.9,0,0,0,0
63.52,11,5814,US,0,2,3,94.84,0.67,0,0,0,0
13.79,13,5311,US,0,0,4,90.1,0.15,0,0,0,0
82.58,10,5814,US,0,0,1,51.43,1.61,0,0,0,0
7.4,9,5814,US,2,4,7,90.87,0.08,0,0,0,0
585.75,11,5732,US,5,17,35,55.78,10.5,0,0,1,1
13.92,14,5912,US,0,3,4,132.6,0.1,0,0,0,0
74.66,15,5311,US,0,0,3,138.94,0.54,0,0,0,0
23.67,12,5311,US,0,1,2,99.11,0.24,0,0,0,0
72.2,17,5311,US,0,0,4,80.18,0.9,0,0,0,0
83.92,16,5814,US,1,4,7,131.54,0.64,0,0,0,0
32.14,14,5732,US,0,2,6,119.18,0.27,0,0,1,0
86.03,15,4121,US,0,2,3,147.35,0.58,0,0,0,0
53.55,22,5311,CA,0,2,8,73.94,0.72,1,0,0,0
6464.51,1,6051,NG,2,6,4,45.85,140.99,1,1,1,1
126.73,13,5411,US,1,3,5,147.88,0.86,0,0,0,0
5.75,22,5812,US,0,0,4,127.07,0.05,0,0,0,0
218.99,17,5814,US,0,0,4,141.49,1.55,0,0,0,0
226.93,16,5732,US,1,2,5,133.05,1.71,0,0,1,0
20.59,13,5411,US,0,0,2,50.13,0.41,0,0,0,0
82.94,4,5912,US,0,0,2,123.05,0.67,0,1,0,0
62.94,13,4121,US,0,0,3,147.7,0.43,0,0,0,0
154.42,19,5311,US,0,0,2,68.98,2.24,0,0,0,0
2105.28,0,5732,CN,4,2,8,95.69,22.0,1,1,1,1
64.18,13,5732,US,1,3,6,77.37,0.83,0,0,1,0
105.89,9,5732,US,0,0,3,138.2,0.77,0,0,1,0
37.77,12,5541,US,1,2,5,78.19,0.48,0,0,0,0
32.18,7,5411,US,0,2,3,105.37,0.31,0,0,0,0
43.77,12,5912,GB,0,2,3,143.09,0.31,1,0,0,0
30.31,8,5814,US,0,0,2,142.11,0.21,0,0,0,0
61.22,8,5411,US,0,0,3,109.14,0.56,0,0,0,0
66.61,17,5912,US,0,2,4,80.54,0.83,0,0,0,0
28.0,17,5812,US,0,0,0,97.02,0.29,0,0,0,0
136.66,15,4121,US,1,2,5,148.84,0.92,0,0,0,0
112.45,13,5541,DE,0,0,4,126.44,0.89,1,0,0,0
8.06,14,5812,US,0,1,2,73.29,0.11,0,0,0,0
132.91,16,5541,US,0,0,1,67.84,1.96,0,0,0,0
26.7,9,5812,US,0,0,2,66.9,0.4,0,0,0,0
3496.09,3,7995,NG,4,5,7,45.1,77.52,1,1,1,1
31.5,8,5814,US,1,1,2,78.97,0.4,0,0,0,0
3659.84,0,5944,UA,3,5,5,76.25,48.0,1,1,1,1
214.72,11,5812,US,0,0,1,121.37,1.77,0,0,0,0
14.82,16,5812,US,0,1,4,62.56,0.24,0,0,0,0
1189.3,6,6051,CY,4,2,7,50.81,23.41,1,0,1,1
20.97,12,5814,US,0,3,6,117.32,0.18,0,0,0,0
56.9,11,5912,US,0,0,4,86.42,0.66,0,0,0,0
30.81,14,5814,US,0,1,4,148.53,0.21,0,0,0,0
23.4,18,5812,US,0,1,4,83.68,0.28,0,0,0,0
12.45,7,4121,US,0,1,3,113.37,0.11,0,0,0,0
31.01,15,5311,US,0,2,5,62.58,0.5,0,0,0,0
8430.16,0,5732,US,3,2,7,84.3,100.0,0,1,1,1
66.06,11,5814,US,1,1,4,70.82,0.93,0,0,0,0
43.1,13,5812,US,0,1,4,138.46,0.31,0,0,0,0
28.58,14,5812,US,1,2,5,64.71,0.44,0,0,0,0
17.72,14,5411,US,0,1,3,99.92,0.18,0,0,0,0
7.07,17,5311,US,0,1,3,108.49,0.07,0,0,0,0
492.86,11,5732,US,0,0,6,146.54,3.36,0,0,1,0
98.16,17,5732,US,0,1,4,101.45,0.97,0,0,1,0
174.55,16,5541,US,0,1,2,55.88,3.12,0,0,0,0
63.41,8,5812,US,0,4,7,99.03,0.64,0,0,0,0
34.2,15,5411,US,0,0,3,58.56,0.58,0,0,0,0
178.93,17,5912,US,0,2,4,65.94,2.71,0,0,0,0
3527.69,0,5944,RO,3,6,5,53.37,66.1,1,1,1,1
59.76,11,5541,US,0,1,2,126.85,0.47,0,0,0,0
44.54,11,5732,US,0,0,4,147.12,0.3,0,0,1,0
36.67,15,5812,US,0,0,4,79.31,0.46,0,0,0,0
114.3,11,5311,US,0,0,3,99.16,1.15,0,0,0,0
47.96,10,5812,US,0,1,2,97.61,0.49,0,0,0,0
59.83,16,5311,US,0,2,6,59.13,1.01,0,0,0,0
103.18,15,5912,US,1,1,5,59.59,1.73,0,0,0,0
62.99,16,5732,DE,0,0,2,92.15,0.68,1,0,1,0
13.72,15,5732,US,0,0,2,79.16,0.17,0,0,1,0
167.02,13,5812,US,0,2,4,91.44,1.83,0,0,0,0
20.49,12,5912,US,0,0,3,66.59,0.31,0,0,0,0
21.02,11,5411,US,0,0,4,133.15,0.16,0,0,0,0
36.88,19,5814,US,0,0,0,107.34,0.34,0,0,0,0
8434.23,5,6051,CY,1,2,6,96.95,87.0,1,1,1,1
29.76,10,4121,US,0,1,4,69.64,0.43,0,0,0,0
35.77,17,5732,US,0,1,3,56.21,0.64,0,0,1,0
5.36,14,5812,US,0,2,2,126.96,0.04,0,0,0,0
12.57,17,5732,US,1,1,3,91.85,0.14,0,0,1,0
31.28,13,5411,US,0,2,5,50.36,0.62,0,0,0,0
18.72,13,5812,US,1,2,6,90.65,0.21,0,0,0,0
51.2,17,4121,US,1,1,1,100.73,0.51,0,0,0,0
35.15,11,5541,US,0,0,1,76.93,0.46,0,0,0,0
124.46,16,5311,US,1,2,6,116.69,1.07,0,0,0,0
35.42,10,5311,US,0,1,5,133.44,0.27,0,0,0,0
16.41,11,4121,US,0,2,5,86.51,0.19,0,0,0,0
43.96,7,4121,US,1,2,6,60.33,0.73,0,0,0,0
58.43,14,5814,US,1,1,5,104.38,0.56,0,0,0,0
41.4,9,5812,US,0,0,2,65.55,0.63,0,0,0,0
35.83,13,5814,US,0,1,5,95.7,0.37,0,0,0,0
52.82,16,5912,US,0,3,4,138.29,0.38,0,0,0,0
67.22,12,5732,US,0,2,7,67.25,1.0,0,0,1,0
36.76,15,5732,US,0,0,5,145.04,0.25,0,0,1,0
73.91,19,4121,US,3,3,5,75.25,0.98,0,0,0,0
30.79,13,5541,US,0,2,7,123.96,0.25,0,0,0,0
71.75,12,5732,US,0,2,8,57.8,1.24,0,0,1,0
13.74,15,5732,US,0,2,5,128.39,0.11,0,0,1,0
44.81,3,5311,US,0,1,4,71.0,0.63,0,1,0,0
9.37,18,5541,US,1,2,4,102.32,0.09,0,0,0,0
30.28,14,5912,US,0,0,2,108.84,0.28,0,0,0,0
550.64,23,5944,RO,5,13,32,96.84,5.69,1,0,1,1
25.47,18,4121,US,0,1,4,106.43,0.24,0,0,0,0
56.45,14,5812,US,0,1,4,134.56,0.42,0,0,0,0
200.92,15,5732,US,1,3,5,84.88,2.37,0,0,1,0
2270.61,0,6051,CN,4,5,7,54.15,41.93,1,1,1,1
22.13,18,5814,US,0,0,4,65.7,0.34,0,0,0,0
163.53,7,5411,US,0,0,3,113.06,1.45,0,0,0,0
74.93,21,5812,US,1,3,5,59.09,1.27,0,0,0,0
39.4,11,5814,US,0,1,2,102.98,0.38,0,0,0,0
57.23,10,5912,US,0,0,2,73.19,0.78,0,0,0,0
53.63,12,5814,US,0,1,3,73.75,0.73,0,0,0,0
140.85,13,5912,US,0,0,3,105.9,1.33,0,0,0,0
38.9,15,5541,US,1,2,7,130.51,0.3,0,0,0,0
23.96,10,5311,US,0,0,1,127.83,0.19,0,0,0,0
27.59,10,5812,US,0,1,4,126.56,0.22,0,0,0,0
151.73,11,5311,US,0,1,6,57.36,2.65,0,0,0,0
34.94,10,4121,US,0,1,2,112.52,0.31,0,0,0,0
30.05,18,5411,US,0,0,0,132.18,0.23,0,0,0,0
13.7,14,5814,US,0,1,5,58.23,0.24,0,0,0,0
25.81,13,5732,US,0,1,1,133.18,0.19,0,0,1,0
24.26,23,5812,US,0,1,6,144.06,0.17,0,0,0,0
48.72,12,5814,US,0,1,5,83.16,0.59,0,0,0,0
102.77,13,5311,US,0,1,2,112.44,0.91,0,0,0,0
14.94,5,4121,US,0,0,1,80.86,0.18,0,1,0,0
73.06,21,5311,US,0,1,3,116.87,0.63,0,0,0,0
60.76,13,5732,US,0,1,8,135.05,0.45,0,0,1,0
13.68,21,5311,US,0,1,6,59.69,0.23,0,0,0,0
76.17,23,5541,US,0,1,5,87.57,0.87,0,0,0,0
73.62,13,5912,US,0,2,3,96.19,0.77,0,0,0,0
1347.89,13,4121,US,0,1,6,145.85,9.24,0,0,0,0
20.59,10,5541,US,0,2,6,55.31,0.37,0,0,0,0
24.47,20,5814,US,0,1,2,84.69,0.29,0,0,0,0
24.69,18,5812,US,0,1,2,66.65,0.37,0,0,0,0
54.32,16,4121,US,1,4,7,96.58,0.56,0,0,0,0
45.87,14,5541,US,0,3,8,147.45,0.31,0,0,0,0
66.66,10,5411,US,0,3,5,138.55,0.48,0,0,0,0
86.07,12,5814,GB,1,1,4,81.56,1.06,1,0,0,0
20.31,11,4121,US,1,2,4,149.19,0.14,0,0,0,0
15.83,13,5912,US,1,2,5,144.35,0.11,0,0,0,0
29.93,17,5411,US,0,0,4,118.94,0.25,0,0,0,0
22.66,10,5812,US,1,1,5,137.06,0.17,0,0,0,0
65.21,15,5541,US,0,0,1,119.06,0.55,0,0,0,0
3421.87,0,6051,UA,2,3,10,62.28,54.94,1,1,1,1
14.34,12,5311,US,0,0,3,72.3,0.2,0,0,0,0
78.44,12,5814,US,0,0,4,119.17,0.66,0,0,0,0
14.96,9,5814,US,0,1,4,120.01,0.12,0,0,0,0
48.58,11,5541,US,0,1,3,57.24,0.85,0,0,0,0
75.92,12,5732,US,0,1,3,69.42,1.09,0,0,1,0
2376.08,0,5944,US,1,2,4,49.55,47.95,0,1,1,1
143.23,18,5411,US,0,1,3,119.39,1.2,0,0,0,0
12.8,12,5411,US,0,0,4,101.52,0.13,0,0,0,0
32.66,13,5732,US,1,1,3,129.45,0.25,0,0,1,0
54.54,12,5912,US,0,1,1,117.51,0.46,0,0,0,0
48.36,22,5814,US,1,2,3,110.36,0.44,0,0,0,0
59.58,8,5311,US,0,0,5,125.43,0.48,0,0,0,0
39.76,15,5732,US,0,1,5,101.76,0.39,0,0,1,0
19.15,15,4121,US,1,3,4,106.43,0.18,0,0,0,0
79.14,12,5411,US,0,3,7,125.68,0.63,0,0,0,0
24.84,18,5814,US,1,2,5,103.2,0.24,0,0,0,0
20.96,13,5814,US,0,1,6,144.77,0.14,0,0,0,0
29.82,16,5541,US,0,0,2,135.01,0.22,0,0,0,0
39.78,15,5912,GB,1,1,3,130.92,0.3,1,0,0,0
3160.34,1,5732,US,2,6,7,68.52,46.12,0,1,1,1
30.97,8,5541,US,0,0,3,99.17,0.31,0,0,0,0
70.63,9,5814,US,1,1,2,76.49,0.92,0,0,0,0
7.68,20,5311,US,1,3,4,128.83,0.06,0,0,0,0
40.58,7,5814,JP,0,1,1,61.25,0.66,1,0,0,0
174.14,8,5912,US,0,1,3,60.13,2.9,0,0,0,0
17.01,11,5814,US,0,2,6,139.85,0.12,0,0,0,0
93.39,15,5311,US,0,2,4,90.75,1.03,0,0,0,0
151.92,17,5912,US,0,0,3,103.64,1.47,0,0,0,0
33.2,8,5411,US,1,2,3,115.06,0.29,0,0,0,0
139.08,16,5812,US,0,0,1,75.93,1.83,0,0,0,0
114.94,13,5912,US,1,1,3,91.44,1.26,0,0,0,0
132.98,11,4121,US,0,1,4,129.55,1.03,0,0,0,0
5.89,9,5912,US,0,2,4,123.81,0.05,0,0,0,0
98.02,12,5411,US,0,0,1,94.98,1.03,0,0,0,0
136.18,15,5812,US,0,1,3,58.74,2.32,0,0,0,0
37.72,17,5311,US,0,1,3,137.89,0.27,0,0,0,0
39.17,3,5411,US,0,0,3,90.84,0.43,0,1,0,0
2.42,1,5311,US,12,30,28,75.11,0.03,0,1,0,1
17.62,10,5411,US,0,0,2,144.16,0.12,0,0,0,0
710.83,6,7995,CN,3,2,11,79.89,8.9,1,0,1,1
7656.53,0,5944,UA,2,2,4,65.81,116.34,1,1,1,1
63.4,14,5814,US,2,3,4,53.09,1.19,0,0,0,0
40.56,14,5814,US,0,0,1,103.05,0.39,0,0,0,0
45.9,12,5411,US,0,1,3,144.6,0.32,0,0,0,0
63.53,8,5311,US,0,1,3,93.79,0.68,0,0,0,0
61.98,16,5912,US,0,0,2,142.93,0.43,0,0,0,0
12.68,23,5311,US,0,0,3,83.36,0.15,0,0,0,0
138.19,19,5814,US,0,0,1,144.74,0.95,0,0,0,0
15.97,23,5814,US,0,1,2,73.34,0.22,0,0,0,0
11.31,14,5541,US,0,0,2,57.83,0.2,0,0,0,0
35.16,16,5541,US,0,0,2,111.82,0.31,0,0,0,0
493.78,14,5812,US,0,0,0,50.21,9.83,0,0,0,0
75.76,9,4121,JP,0,1,3,53.34,1.42,1,0,0,0
77.04,11,5541,US,1,2,2,118.35,0.65,0,0,0,0
1974.06,4,5944,NG,1,2,11,99.66,19.81,1,1,1,1
25.02,11,5541,US,0,1,3,73.83,0.34,0,0,0,0
43.66,12,5311,US,0,0,2,52.27,0.84,0,0,0,0
3.41,17,5912,US,1,1,5,50.54,0.07,0,0,0,0
183.77,16,5814,US,0,1,4,115.33,1.59,0,0,0,0
8.24,12,5812,US,0,0,2,113.82,0.07,0,0,0,0
132.25,14,5912,US,0,1,2,67.42,1.96,0,0,0,0
32.22,19,5812,US,0,0,2,88.58,0.36,0,0,0,0
10.14,13,4121,US,0,0,2,59.15,0.17,0,0,0,0
122.51,16,5311,US,0,0,2,74.73,1.64,0,0,0,0
43.75,15,5812,US,0,2,4,60.33,0.73,0,0,0,0
38.17,15,5541,US,0,0,0,146.54,0.26,0,0,0,0
109.12,14,5732,US,0,0,1,123.18,0.89,0,0,1,0
72.29,23,5311,US,0,2,3,79.86,0.91,0,0,0,0
75.92,15,5732,US,0,0,0,138.41,0.55,0,0,1,0
57.92,17,5912,US,0,1,6,82.5,0.7,0,0,0,0
102.15,19,5541,US,1,1,3,116.3,0.88,0,0,0,0
197.86,16,5411,US,0,2,8,111.89,1.77,0,0,0,0
105.47,10,5812,US,1,1,4,56.79,1.86,0,0,0,0
7.38,9,5411,US,0,0,2,72.13,0.1,0,0,0,0
196.46,13,5541,US,2,3,5,55.04,3.57,0,0,0,0
53.37,16,5311,US,1,2,5,105.53,0.51,0,0,0,0
73.42,14,5912,US,1,3,5,106.55,0.69,0,0,0,0
26.33,22,5732,US,0,1,5,62.97,0.42,0,0,1,0
95.17,13,5732,US,0,2,7,141.34,0.67,0,0,1,0
35.99,15,4121,US,1,2,11,116.89,0.31,0,0,0,0
34.13,6,5912,US,0,1,4,60.51,0.56,0,0,0,0
1.61,14,5311,UA,7,23,43,68.36,0.02,1,0,0,1
51.68,7,5411,US,1,1,3,58.4,0.88,0,0,0,0
18.08,12,5311,US,0,1,1,136.49,0.13,0,0,0,0
47.26,16,5812,US,0,1,3,90.45,0.52,0,0,0,0
100.13,13,5812,US,1,1,1,133.69,0.75,0,0,0,0
218.8,14,5311,US,0,1,4,69.11,3.17,0,0,0,0
32.75,18,5732,US,1,3,4,65.87,0.5,0,0,1,0
14.67,11,5732,US,0,1,1,126.37,0.12,0,0,1,0
53.56,18,5411,US,2,2,3,127.7,0.42,0,0,0,0
8507.93,5,6051,RU,3,3,10,85.66,99.32,1,1,1,1
123.82,22,5912,US,1,1,6,100.22,1.24,0,0,0,0
219.44,15,5912,US,1,3,5,53.46,4.1,0,0,0,0
25.42,10,5912,US,0,0,4,109.94,0.23,0,0,0,0
40.68,3,4121,US,1,1,6,130.5,0.31,0,1,0,0
52.65,12,5732,US,0,0,1,140.13,0.38,0,0,1,0
6.92,13,4121,US,0,2,9,98.65,0.07,0,0,0,0
59.71,18,4121,US,0,2,6,133.75,0.45,0,0,0,0
119.46,13,5812,US,0,1,2,101.64,1.18,0,0,0,0
214.04,14,5812,US,1,1,3,73.54,2.91,0,0,0,0
49.21,13,5541,US,0,0,3,114.94,0.43,0,0,0,0
61.99,15,5311,DE,0,1,4,93.47,0.66,1,0,0,0
145.41,15,5814,US,0,1,3,95.44,1.52,0,0,0,0
106.72,20,5732,US,0,0,2,118.74,0.9,0,0,1,0
135.85,19,5812,US,1,1,5,91.84,1.48,0,0,0,0
75.27,12,5732,US,0,1,3,101.88,0.74,0,0,1,0
64.74,11,5814,US,0,4,7,97.01,0.67,0,0,0,0
71.99,9,5541,US,1,3,3,136.6,0.53,0,0,0,0
56.25,16,5541,US,1,3,5,125.55,0.45,0,0,0,0
152.17,13,4121,US,1,1,4,80.4,1.89,0,0,0,0
223.98,12,5311,JP,0,0,1,94.8,2.36,1,0,0,0
71.52,11,5411,US,0,0,1,138.56,0.52,0,0,0,0
24.82,11,5814,CA,0,1,3,84.54,0.29,1,0,0,0
157.45,12,5541,US,0,0,2,147.82,1.07,0,0,0,0
40.21,11,5814,US,0,0,2,89.81,0.45,0,0,0,0
30.85,15,5311,US,0,2,3,51.77,0.6,0,0,0,0
72.72,10,5732,US,0,2,5,58.07,1.25,0,0,1,0
35.18,15,5732,US,0,0,4,64.58,0.54,0,0,1,0
200.63,15,4121,US,0,0,5,134.86,1.49,0,0,0,0
41.81,17,5411,US,0,0,5,67.8,0.62,0,0,0,0
73.85,2,5732,US,0,0,2,93.88,0.79,0,1,1,0
28.08,11,5541,GB,0,0,2,138.1,0.2,1,0,0,0
99.97,15,5912,US,0,0,2,59.05,1.69,0,0,0,0
31.81,9,4121,US,1,3,9,110.38,0.29,0,0,0,0
3030.49,11,5944,RU,3,4,11,51.48,58.87,1,0,1,1
54.65,16,5912,US,0,1,2,97.35,0.56,0,0,0,0
35.42,12,5311,US,0,3,6,101.47,0.35,0,0,0,0
14.89,10,5812,US,0,0,2,54.77,0.27,0,0,0,0
73.79,14,5541,US,0,2,3,98.92,0.75,0,0,0,0
82.08,16,5732,US,0,1,2,134.47,0.61,0,0,1,0
26.74,9,5311,US,1,5,10,58.23,0.46,0,0,0,0
36.57,12,5814,US,0,1,2,102.13,0.36,0,0,0,0
2.11,20,5311,NG,12,16,32,90.5,0.02,1,0,0,1
55.72,14,4121,US,0,1,3,145.34,0.38,0,0,0,0
23.99,13,5912,US,1,1,2,98.49,0.24,0,0,0,0
24.33,12,5311,US,0,1,3,54.33,0.45,0,0,0,0
62.53,14,5812,JP,0,1,3,128.04,0.49,1,0,0,0
60.64,11,5912,US,0,1,4,123.01,0.49,0,0,0,0
57.94,6,5411,US,0,1,2,143.46,0.4,0,0,0,0
21.67,15,5541,US,1,2,8,103.55,0.21,0,0,0,0
37.46,7,5812,US,0,1,5,73.52,0.51,0,0,0,0
28.03,23,5732,US,0,1,5,98.85,0.28,0,0,1,0
72.59,14,5814,US,1,4,7,75.61,0.96,0,0,0,0
30.12,20,5912,US,0,0,1,118.97,0.25,0,0,0,0
50.0,13,5812,US,0,1,5,53.15,0.94,0,0,0,0
18.87,7,4121,US,0,1,4,87.43,0.22,0,0,0,0
39.27,18,5541,US,1,1,2,101.82,0.39,0,0,0,0
376.98,6,5541,US,1,2,5,74.46,5.06,0,0,0,0
33.69,18,5311,US,1,2,2,105.74,0.32,0,0,0,0
120.88,11,5814,US,0,1,3,71.58,1.69,0,0,0,0
31.06,15,5311,US,2,3,3,72.73,0.43,0,0,0,0
212.31,13,5812,US,0,0,3,129.57,1.64,0,0,0,0
30.84,13,5411,US,0,0,1,103.21,0.3,0,0,0,0
163.66,14,4121,US,0,1,3,68.54,2.39,0,0,0,0
76.75,16,5311,US,0,1,2,63.69,1.21,0,0,0,0
60.35,7,5732,US,0,0,1,146.17,0.41,0,0,1,0
11.19,18,5814,US,0,0,2,134.83,0.08,0,0,0,0
19.17,9,5814,US,0,0,6,66.17,0.29,0,0,0,0
124.39,16,5912,US,0,2,5,112.36,1.11,0,0,0,0
10.29,12,5812,US,0,0,3,91.17,0.11,0,0,0,0
84.72,17,5912,US,0,0,3,135.26,0.63,0,0,0,0
2.39,11,5311,UA,8,10,17,49.95,0.05,1,0,0,1
151.63,18,5732,US,0,0,2,145.45,1.04,0,0,1,0
12.37,13,5912,US,0,1,2,147.05,0.08,0,0,0,0
15.81,16,5541,US,1,2,2,142.27,0.11,0,0,0,0
35.38,12,4121,US,1,2,7,78.64,0.45,0,0,0,0
91.23,4,5411,US,0,0,2,99.38,0.92,0,1,0,0
158.74,14,5411,US,0,1,5,62.52,2.54,0,0,0,0
57.01,9,5311,US,0,1,4,114.74,0.5,0,0,0,0
121.6,15,5732,US,0,3,4,137.16,0.89,0,0,1,0
48.45,18,5411,US,0,0,3,82.6,0.59,0,0,0,0
113.11,10,5814,US,0,1,2,126.71,0.89,0,0,0,0
162.19,14,5311,US,0,3,6,135.38,1.2,0,0,0,0
79.97,14,5814,US,0,0,1,136.67,0.59,0,0,0,0
144.45,15,5311,US,0,1,8,67.03,2.16,0,0,0,0
25.21,12,5814,US,0,0,2,98.85,0.26,0,0,0,0
47.28,13,5814,US,0,1,5,51.89,0.91,0,0,0,0
36.03,15,5411,US,0,1,4,64.32,0.56,0,0,0,0
99.49,15,5912,US,1,1,3,64.66,1.54,0,0,0,0
99.17,6,4121,US,0,1,2,93.71,1.06,0,0,0,0
228.53,13,5411,US,0,1,1,127.11,1.8,0,0,0,0
48.37,16,5814,US,0,2,5,97.19,0.5,0,0,0,0
109.49,9,5311,US,0,0,2,71.16,1.54,0,0,0,0
15.87,14,5814,US,0,0,6,76.86,0.21,0,0,0,0
17.91,17,5812,US,0,1,5,130.68,0.14,0,0,0,0
88.76,12,5411,US,0,0,2,117.17,0.76,0,0,0,0
58.42,18,4121,US,0,1,2,65.92,0.89,0,0,0,0
16.41,13,5732,US,0,0,0,64.75,0.25,0,0,1,0
47.61,12,5541,US,0,1,7,85.24,0.56,0,0,0,0
248.13,23,5541,US,0,0,1,86.47,2.87,0,0,0,0
100.7,15,5411,US,1,1,3,84.3,1.19,0,0,0,0
54.01,19,5814,US,0,0,3,139.44,0.39,0,0,0,0
80.34,23,5912,US,0,0,4,64.16,1.25,0,0,0,0
10.26,18,5812,US,0,1,4,135.65,0.08,0,0,0,0
52.76,14,5541,US,0,0,4,58.3,0.9,0,0,0,0
619.35,10,5812,US,1,2,4,82.82,7.48,0,0,0,0
1.59,13,5311,UA,6,16,42,58.03,0.03,1,0,0,1
22.27,10,5732,US,0,0,3,75.19,0.3,0,0,1,0
6.0,13,5541,US,0,0,1,106.5,0.06,0,0,0,0
67.23,16,5411,US,0,1,5,105.64,0.64,0,0,0,0
41.91,12,5812,US,0,0,1,90.95,0.46,0,0,0,0
30.12,13,5732,US,0,0,3,141.95,0.21,0,0,1,0
27.72,14,5812,US,0,2,2,63.85,0.43,0,0,0,0
36.25,10,5411,US,0,0,2,145.61,0.25,0,0,0,0
86.27,19,5812,US,0,0,1,76.53,1.13,0,0,0,0
1.42,2,5311,UA,11,27,36,56.72,0.03,1,1,0,1
13.9,9,5912,US,0,0,4,59.99,0.23,0,0,0,0
109.29,17,5541,US,0,2,7,71.23,1.53,0,0,0,0
59.27,14,5812,US,0,1,3,125.28,0.47,0,0,0,0
34.44,11,5814,US,0,1,2,146.84,0.23,0,0,0,0
16.3,4,5732,US,0,2,7,100.61,0.16,0,1,1,0
32.56,16,5814,US,0,0,3,141.47,0.23,0,0,0,0
19.39,14,5541,US,0,0,4,122.69,0.16,0,0,0,0
149.63,18,5311,US,1,1,4,134.54,1.11,0,0,0,0
19.75,17,5732,US,0,1,4,145.05,0.14,0,0,1,0
63.76,16,5541,US,0,2,6,126.28,0.5,0,0,0,0
35.62,16,5912,US,0,1,1,61.35,0.58,0,0,0,0
28.11,21,5814,US,0,1,4,118.67,0.24,0,0,0,0
42.41,11,5732,US,0,1,6,139.47,0.3,0,0,1,0
2.04,18,5311,NG,14,16,29,78.77,0.03,1,0,0,1
75.28,15,5812,US,1,1,3,73.47,1.02,0,0,0,0
17.34,15,5732,US,0,1,4,123.34,0.14,0,0,1,0
79.88,18,5814,US,0,0,3,91.6,0.87,0,0,0,0
80.53,15,5541,US,0,1,1,146.44,0.55,0,0,0,0
86.37,16,5541,US,0,0,2,110.68,0.78,0,0,0,0
15.44,16,5812,US,0,0,1,54.15,0.29,0,0,0,0
20.63,10,5732,US,0,3,6,100.81,0.2,0,0,1,0
20.08,13,5541,US,0,0,5,51.28,0.39,0,0,0,0
643.03,11,4829,RO,8,17,39,61.87,10.39,1,0,1,1
63.06,10,5541,US,1,2,4,88.51,0.71,0,0,0,0
46.69,10,5541,US,0,1,4,120.99,0.39,0,0,0,0
42.89,14,5311,US,0,1,2,133.91,0.32,0,0,0,0
109.42,15,5411,US,0,0,2,136.89,0.8,0,0,0,0
1.51,17,5311,UA,13,12,29,88.32,0.02,1,0,0,1
10.81,14,5411,US,0,0,0,88.56,0.12,0,0,0,0
93.81,16,5541,US,0,1,3,59.05,1.59,0,0,0,0
27.71,15,5732,US,0,1,3,142.7,0.19,0,0,1,0
39.35,10,4121,US,0,0,3,83.93,0.47,0,0,0,0
119.97,19,5541,US,0,1,1,112.5,1.07,0,0,0,0
28.47,9,4121,US,0,1,2,78.07,0.36,0,0,0,0
69.89,14,5814,US,0,3,7,54.93,1.27,0,0,0,0
110.55,11,4121,US,0,0,3,146.03,0.76,0,0,0,0
75.64,10,5812,US,0,1,5,124.28,0.61,0,0,0,0
562.44,14,5541,US,1,1,2,97.73,5.76,0,0,0,0
144.08,11,5732,US,0,1,3,72.12,2.0,0,0,1,0
331.76,8,5311,US,0,1,6,65.62,5.06,0,0,0,0
195.76,19,4121,US,3,4,8,143.38,1.37,0,0,0,0
30.37,17,5541,US,1,1,2,142.21,0.21,0,0,0,0
24.58,18,5814,US,0,2,5,111.28,0.22,0,0,0,0
37.28,0,4121,US,0,2,4,91.98,0.41,0,1,0,0
42.79,16,5541,US,1,3,4,145.51,0.29,0,0,0,0
73.3,13,4121,US,0,2,3,90.61,0.81,0,0,0,0
38.79,11,5732,US,0,1,4,100.08,0.39,0,0,1,0
92.25,11,5814,US,0,1,4,136.14,0.68,0,0,0,0
147.5,21,5411,US,0,0,0,51.24,2.88,0,0,0,0
157.62,9,5732,US,1,2,7,89.27,1.77,0,0,1,0
51.01,19,5541,US,0,1,2,59.07,0.86,0,0,0,0
21.93,17,5411,US,0,3,6,55.73,0.39,0,0,0,0
51.79,10,5411,US,0,0,3,53.09,0.98,0,0,0,0
122.72,2,4121,US,2,3,7,81.98,1.5,0,1,0,0
44.46,15,5812,US,0,1,1,124.97,0.36,0,0,0,0
27.52,20,5411,JP,0,2,6,127.18,0.22,1,0,0,0
75.98,12,5812,US,0,0,2,120.83,0.63,0,0,0,0
2233.72,5,7995,CN,1,3,5,82.96,26.93,1,1,1,1
209.04,7,5411,US,0,1,2,97.64,2.14,0,0,0,0
49.95,9,5541,US,1,1,2,117.96,0.42,0,0,0,0
13.72,16,5812,US,0,1,1,66.86,0.21,0,0,0,0
20.32,13,5411,US,0,0,4,55.56,0.37,0,0,0,0
70.59,18,4121,US,2,2,2,71.73,0.98,0,0,0,0
32.6,6,4121,US,1,1,4,108.38,0.3,0,0,0,0
49.07,9,5541,US,0,0,2,95.94,0.51,0,0,0,0
50.41,13,5912,US,0,2,2,133.56,0.38,0,0,0,0
23.42,19,5814,US,0,1,2,57.22,0.41,0,0,0,0
201.04,20,5541,US,0,0,0,149.43,1.35,0,0,0,0
49.6,12,5541,US,0,1,7,149.31,0.33,0,0,0,0
37.8,18,5812,US,0,1,4,55.58,0.68,0,0,0,0
149.44,13,5814,US,0,1,4,72.79,2.05,0,0,0,0
10.0,9,5812,US,0,0,0,115.98,0.09,0,0,0,0
65.9,9,5732,US,1,1,4,142.98,0.46,0,0,1,0
39.26,14,5812,US,0,2,3,72.98,0.54,0,0,0,0
8.71,10,5912,US,0,1,2,80.27,0.11,0,0,0,0
3125.2,21,6051,NG,2,5,11,63.56,49.17,1,0,1,1
68.7,13,4121,US,0,1,1,85.11,0.81,0,0,0,0
38.49,15,5411,US,0,1,6,148.16,0.26,0,0,0,0
354.83,17,5732,JP,0,0,5,114.09,3.11,1,0,1,0
59.39,14,5541,US,0,2,3,81.84,0.73,0,0,0,0
55.96,11,5311,US,2,3,4,112.22,0.5,0,0,0,0
14.66,16,5912,US,0,1,5,61.38,0.24,0,0,0,0
24.78,12,5912,US,0,0,1,138.1,0.18,0,0,0,0
49.6,9,5912,US,0,0,0,72.39,0.69,0,0,0,0
1.96,17,5311,US,13,24,36,96.79,0.02,0,0,0,1
78.12,11,5411,US,0,0,4,88.87,0.88,0,0,0,0
13.74,23,4121,US,0,0,3,107.15,0.13,0,0,0,0
146.98,21,5411,US,0,0,3,96.81,1.52,0,0,0,0
17.67,16,5814,US,0,1,2,142.47,0.12,0,0,0,0
119.03,17,5311,US,0,0,3,72.37,1.64,0,0,0,0
61.7,13,4121,US,0,0,0,98.51,0.63,0,0,0,0
101.89,18,5812,US,0,1,2,81.55,1.25,0,0,0,0
17.38,10,5411,US,2,2,3,104.03,0.17,0,0,0,0
16.24,12,5912,US,0,1,1,137.23,0.12,0,0,0,0
37.48,19,5912,US,1,3,5,60.71,0.62,0,0,0,0
8.26,13,5814,FR,0,1,2,126.21,0.07,1,0,0,0
49.81,12,5541,US,0,1,6,133.85,0.37,0,0,0,0
30.69,14,5912,US,0,2,2,99.48,0.31,0,0,0,0
168.45,19,5814,JP,0,2,3,132.06,1.28,1,0,0,0
27.59,12,5732,US,0,2,4,86.49,0.32,0,0,1,0
26.37,17,5814,US,0,0,3,116.67,0.23,0,0,0,0
32.49,11,5912,US,0,0,1,95.84,0.34,0,0,0,0
24.47,17,4121,US,0,1,3,142.78,0.17,0,0,0,0
13.86,16,5912,US,0,0,4,59.04,0.23,0,0,0,0
35.94,9,5732,US,0,2,2,115.54,0.31,0,0,1,0
104.25,18,5541,US,0,0,2,84.49,1.23,0,0,0,0
6.65,9,5411,US,0,1,3,91.54,0.07,0,0,0,0
46.69,16,5411,US,0,1,6,72.33,0.65,0,0,0,0
47.58,17,5311,US,0,1,1,135.42,0.35,0,0,0,0
104.56,11,5732,US,0,0,2,132.69,0.79,0,0,1,0
28.28,13,5311,US,1,1,3,99.83,0.28,0,0,0,0
40.06,9,5912,US,1,3,6,136.36,0.29,0,0,0,0
181.05,14,5541,US,1,1,3,65.31,2.77,0,0,0,0
156.43,15,5411,US,0,0,2,66.61,2.35,0,0,0,0
26.08,13,5814,US,0,3,5,114.99,0.23,0,0,0,0
56.92,13,5311,US,0,1,4,112.93,0.5,0,0,0,0
15.55,10,5812,US,1,1,1,67.92,0.23,0,0,0,0
1.56,13,5311,UA,12,14,27,82.58,0.02,1,0,0,1
14.39,17,5311,US,0,5,7,141.62,0.1,0,0,0,0
32.78,19,5541,US,0,1,3,133.47,0.25,0,0,0,0
122.4,16,5814,US,0,0,4,81.13,1.51,0,0,0,0
49.83,10,5311,US,0,0,4,61.91,0.8,0,0,0,0
19.5,19,5814,US,0,1,3,72.44,0.27,0,0,0,0
372.33,11,5732,US,0,3,5,114.22,3.26,0,0,1,0
23.58,13,5814,US,0,0,1,97.82,0.24,0,0,0,0
59.14,15,5812,US,0,2,5,144.49,0.41,0,0,0,0
18.95,14,5814,US,0,1,3,132.11,0.14,0,0,0,0
14.87,8,5812,US,0,0,2,95.44,0.16,0,0,0,0
7713.69,2,5732,RO,3,2,4,96.59,79.86,1,1,1,1
171.89,21,4121,US,0,4,5,97.79,1.76,0,0,0,0
69.69,16,5541,US,0,0,0,115.06,0.61,0,0,0,0
42.25,11,5732,US,0,1,3,144.17,0.29,0,0,1,0
62.6,10,5311,US,0,0,1,95.6,0.65,0,0,0,0
63.41,7,5732,US,0,0,3,74.42,0.85,0,0,1,0
51.86,15,5814,US,0,0,0,120.87,0.43,0,0,0,0
38.31,17,5541,US,1,2,4,144.2,0.27,0,0,0,0
25.99,12,5814,US,0,1,6,93.4,0.28,0,0,0,0
15.58,21,5812,US,1,1,5,105.85,0.15,0,0,0,0
53.62,15,5912,US,0,0,2,141.57,0.38,0,0,0,0
35.89,19,5814,US,0,0,8,128.38,0.28,0,0,0,0
2471.62,1,5944,NG,2,6,10,58.11,42.53,1,1,1,1
168.07,8,4121,US,0,0,0,63.4,2.65,0,0,0,0
34.05,15,5732,US,0,1,4,101.63,0.34,0,0,1,0
65.58,16,5411,US,0,2,5,68.23,0.96,0,0,0,0
58.16,14,5311,US,0,0,4,92.0,0.63,0,0,0,0
40.73,13,5541,US,0,1,3,128.83,0.32,0,0,0,0
20.43,10,5912,US,0,1,3,62.69,0.33,0,0,0,0
64.05,10,5814,US,0,1,6,75.91,0.84,0,0,0,0
125.77,22,5732,US,0,1,3,124.23,1.01,0,0,1,0
30.31,15,5814,US,1,2,4,59.45,0.51,0,0,0,0
47.31,14,5814,US,0,1,4,94.82,0.5,0,0,0,0
85.22,14,5912,US,0,1,2,144.31,0.59,0,0,0,0
27.79,16,5912,US,0,0,2,110.6,0.25,0,0,0,0
3.24,5,5311,US,10,20,40,46.13,0.07,0,1,0,1
101.97,3,5814,US,0,0,7,57.48,1.77,0,1,0,0
23.86,7,5411,US,0,2,5,50.77,0.47,0,0,0,0
43.07,15,4121,US,0,1,3,143.39,0.3,0,0,0,0
43.5,10,5814,US,0,0,3,118.46,0.37,0,0,0,0
52.28,13,5411,US,0,1,2,142.08,0.37,0,0,0,0
25.06,17,5732,US,0,3,6,117.26,0.21,0,0,1,0
295.7,11,5912,US,1,3,6,121.45,2.43,0,0,0,0
3116.6,8,5732,CN,3,8,9,64.41,48.39,1,0,1,1
89.42,19,5541,US,0,1,2,88.44,1.01,0,0,0,0
119.67,15,5814,US,0,0,2,123.65,0.97,0,0,0,0
18.19,13,5912,US,0,1,2,106.1,0.17,0,0,0,0
15.51,18,5541,US,0,1,2,76.35,0.2,0,0,0,0
355.93,14,5814,US,0,2,7,110.88,3.21,0,0,0,0
42.54,12,5311,US,0,0,1,126.17,0.34,0,0,0,0
39.46,12,5541,US,0,0,2,82.9,0.48,0,0,0,0
88.84,16,4121,US,0,1,4,149.41,0.59,0,0,0,0
47.07,16,5732,US,0,0,3,90.17,0.52,0,0,1,0
391.08,1,6051,US,5,25,19,69.53,5.62,0,1,1,1
120.73,17,5541,US,1,1,5,79.7,1.51,0,0,0,0
17.36,22,5814,US,0,0,1,60.75,0.29,0,0,0,0
33.56,12,5814,US,0,0,0,82.25,0.41,0,0,0,0
18.67,17,5814,US,1,3,5,114.56,0.16,0,0,0,0
27.89,8,4121,US,1,1,3,148.81,0.19,0,0,0,0
3.81,12,4121,US,1,1,1,129.8,0.03,0,0,0,0
44.78,13,5814,US,0,2,4,129.65,0.35,0,0,0,0
105.74,10,5912,US,0,0,2,139.56,0.76,0,0,0,0
7.09,22,5732,US,0,0,2,60.06,0.12,0,0,1,0
64.05,5,5732,US,0,2,6,85.34,0.75,0,1,1,0
61.44,12,5541,US,0,0,4,123.72,0.5,0,0,0,0
18.66,12,5732,US,0,2,2,124.06,0.15,0,0,1,0
74.82,11,5912,US,0,0,5,121.76,0.61,0,0,0,0
17.97,14,5411,US,0,4,5,118.96,0.15,0,0,0,0
1947.21,4,6051,CY,1,3,7,90.69,21.47,1,1,1,1
59.49,20,5541,US,0,1,4,140.08,0.42,0,0,0,0
2.89,12,5311,US,7,14,37,83.2,0.03,0,0,0,1
30.26,14,5732,US,0,0,1,103.44,0.29,0,0,1,0
43.0,7,5732,US,0,0,1,120.03,0.36,0,0,1,0
46.51,8,5814,US,0,3,8,137.43,0.34,0,0,0,0
19.69,12,5311,US,0,0,4,73.32,0.27,0,0,0,0
34.26,16,5541,US,1,4,6,139.36,0.25,0,0,0,0
337.6,10,5814,US,0,1,4,130.92,2.58,0,0,0,0
219.85,14,5541,US,0,1,3,69.89,3.15,0,0,0,0
18.71,9,5814,US,1,2,5,73.17,0.26,0,0,0,0
319.79,13,5732,US,0,0,2,128.03,2.5,0,0,1,0
37.42,15,5541,US,0,3,4,100.35,0.37,0,0,0,0
14.44,10,5311,US,1,1,1,123.16,0.12,0,0,0,0
126.35,12,5541,US,0,2,5,124.28,1.02,0,0,0,0
62.25,12,5541,US,0,1,4,131.01,0.48,0,0,0,0
29.84,11,5541,US,0,1,3,72.95,0.41,0,0,0,0
179.48,12,5541,US,1,3,5,71.46,2.51,0,0,0,0
50.96,12,5411,US,0,0,1,129.82,0.39,0,0,0,0
19.99,17,5912,US,0,1,4,56.69,0.35,0,0,0,0
15.43,13,5912,US,0,0,2,118.58,0.13,0,0,0,0
76.17,14,5912,US,0,1,2,73.7,1.03,0,0,0,0
23.93,5,5732,US,0,1,4,89.67,0.27,0,1,1,0
296.88,20,5732,US,0,0,2,147.9,2.01,0,0,1,0
85.23,15,5912,US,0,2,3,111.77,0.76,0,0,0,0
13.58,13,5812,US,1,1,4,118.52,0.11,0,0,0,0
34.57,12,5411,US,0,0,0,129.38,0.27,0,0,0,0
24.74,15,5912,US,1,2,3,112.27,0.22,0,0,0,0
19.54,16,4121,US,0,1,2,122.01,0.16,0,0,0,0
14.77,13,5814,US,0,0,2,118.77,0.12,0,0,0,0
20.86,18,5732,US,1,1,3,90.02,0.23,0,0,1,0
280.3,23,5814,US,0,1,5,118.1,2.37,0,0,0,0
22.04,19,5732,US,0,2,8,52.07,0.42,0,0,1,0
48.0,18,4121,US,0,1,4,65.11,0.74,0,0,0,0
84.63,19,5411,US,0,2,4,94.21,0.9,0,0,0,0
44.62,8,4121,US,0,1,3,130.19,0.34,0,0,0,0
28.34,12,5912,DE,0,0,4,113.54,0.25,1,0,0,0
41.74,17,5912,US,0,0,4,78.03,0.53,0,0,0,0
24.52,12,5912,US,0,1,3,140.32,0.17,0,0,0,0
24.24,22,5912,US,0,1,2,125.86,0.19,0,0,0,0
35.01,13,5812,US,0,1,2,111.85,0.31,0,0,0,0
75.05,23,5814,US,0,0,3,145.3,0.52,0,0,0,0
63.3,7,5912,US,0,0,1,143.1,0.44,0,0,0,0
33.51,10,5311,GB,0,0,0,51.77,0.65,1,0,0,0
93.11,9,5812,US,1,2,3,57.33,1.62,0,0,0,0
44.51,15,5812,US,0,2,4,134.45,0.33,0,0,0,0
134.74,12,4121,US,0,0,3,149.35,0.9,0,0,0,0
101.38,21,5411,US,0,1,2,82.83,1.22,0,0,0,0
41.41,9,5812,US,0,1,1,139.24,0.3,0,0,0,0
23.34,8,5912,US,0,2,2,110.59,0.21,0,0,0,0
232.36,12,5732,US,0,1,3,63.52,3.66,0,0,1,0
46.47,18,5311,US,0,0,3,121.1,0.38,0,0,0,0
71.99,11,5541,US,0,3,4,50.47,1.43,0,0,0,0
53.08,14,5812,US,0,1,2,66.97,0.79,0,0,0,0
95.28,18,5311,US,0,1,4,122.9,0.78,0,0,0,0
42.25,15,5541,US,1,1,2,102.61,0.41,0,0,0,0
242.88,18,5812,US,0,1,3,94.2,2.58,0,0,0,0
60.84,12,5311,US,1,1,4,128.59,0.47,0,0,0,0
42.91,19,5812,US,0,2,3,72.12,0.59,0,0,0,0
35.04,11,5912,US,0,0,1,63.91,0.55,0,0,0,0
58.4,14,5732,US,0,1,4,138.54,0.42,0,0,1,0
94.69,14,5541,US,0,0,2,96.43,0.98,0,0,0,0
23.79,8,5541,US,0,1,2,135.3,0.18,0,0,0,0
7.57,14,5411,US,0,2,4,108.56,0.07,0,0,0,0
155.44,17,5541,US,0,0,2,146.12,1.06,0,0,0,0
19.12,16,5814,US,0,2,8,92.78,0.21,0,0,0,0
16.98,15,5311,US,0,0,3,55.37,0.31,0,0,0,0
62.94,19,5812,US,0,0,1,64.42,0.98,0,0,0,0
36.91,12,5812,US,1,1,3,110.44,0.33,0,0,0,0
4.34,13,5732,US,1,1,3,71.4,0.06,0,0,1,0
20.99,19,5541,US,0,0,4,84.91,0.25,0,0,0,0
15.9,13,5814,US,0,0,5,93.79,0.17,0,0,0,0
138.74,17,5541,US,0,1,2,113.65,1.22,0,0,0,0
151.86,10,5411,US,1,2,2,114.45,1.33,0,0,0,0
73.73,17,5311,US,0,0,3,85.07,0.87,0,0,0,0
17.05,17,5812,US,0,1,2,70.67,0.24,0,0,0,0
47.06,20,5814,DE,0,0,3,134.72,0.35,1,0,0,0
36.77,16,4121,US,0,1,5,65.65,0.56,0,0,0,0
85.49,9,5411,US,0,0,1,125.57,0.68,0,0,0,0
30.19,4,4121,US,0,1,5,61.31,0.49,0,1,0,0
20.62,15,5411,US,0,0,3,69.42,0.3,0,0,0,0
4.48,10,5812,US,0,0,4,120.84,0.04,0,0,0,0
22.64,14,5912,US,0,1,3,65.28,0.35,0,0,0,0
27.0,18,5814,US,0,0,2,133.02,0.2,0,0,0,0
39.1,12,5812,US,1,3,5,111.93,0.35,0,0,0,0
205.94,14,5411,US,0,1,5,79.8,2.58,0,0,0,0
75.13,17,5814,US,1,2,5,88.99,0.84,0,0,0,0
6.89,21,5541,US,2,2,3,140.79,0.05,0,0,0,0
291.37,11,5311,US,0,0,1,53.93,5.4,0,0,0,0
11.05,17,5912,US,0,1,3,103.93,0.11,0,0,0,0
15.83,18,5311,US,0,0,3,59.31,0.27,0,0,0,0
145.02,18,5411,US,0,1,5,120.08,1.21,0,0,0,0
28.18,8,5812,US,1,1,7,54.63,0.52,0,0,0,0
36.48,17,5732,US,0,1,2,110.71,0.33,0,0,1,0
11.97,14,5912,US,0,0,4,86.99,0.14,0,0,0,0
133.5,14,5732,US,0,1,5,69.62,1.92,0,0,1,0
30.14,13,5541,US,0,2,2,57.38,0.53,0,0,0,0
43.94,18,5814,US,0,1,1,116.08,0.38,0,0,0,0
18.33,14,5311,US,0,0,4,61.23,0.3,0,0,0,0
96.09,17,4121,US,2,5,5,148.43,0.65,0,0,0,0
55.97,18,5814,US,1,1,5,131.94,0.42,0,0,0,0
47.16,8,5814,US,1,1,8,147.87,0.32,0,0,0,0
10.71,10,5732,US,0,1,4,146.02,0.07,0,0,1,0
41.61,4,5814,US,0,2,6,143.78,0.29,0,1,0,0
34.19,23,5812,US,1,2,3,70.03,0.49,0,0,0,0
74.64,11,5912,US,1,2,5,60.71,1.23,0,0,0,0
100.06,17,5732,US,2,3,4,147.05,0.68,0,0,1,0
70.33,19,5814,US,0,1,6,139.74,0.5,0,0,0,0
120.27,21,4121,US,0,0,1,126.84,0.95,0,0,0,0
50.83,16,5814,US,2,2,10,132.7,0.38,0,0,0,0
27.72,11,5912,US,1,1,2,78.4,0.35,0,0,0,0
42.49,12,4121,US,1,4,8,69.19,0.61,0,0,0,0
81.62,6,5732,US,0,1,3,60.52,1.35,0,0,1,0
77.33,17,5912,US,0,0,2,50.91,1.52,0,0,0,0
97.9,16,5411,US,0,1,7,61.61,1.59,0,0,0,0
66.98,10,4121,US,0,0,2,91.21,0.73,0,0,0,0
499.64,11,5912,US,0,2,7,71.58,6.98,0,0,0,0
69.24,12,5732,US,0,0,4,77.99,0.89,0,0,1,0
19.41,16,4121,JP,0,0,1,75.61,0.26,1,0,0,0
96.79,7,4121,US,0,2,5,74.75,1.29,0,0,0,0
99.02,12,5311,US,0,1,3,76.13,1.3,0,0,0,0
23.65,16,5814,US,0,0,3,74.0,0.32,0,0,0,0
39.97,15,5411,US,0,0,2,99.49,0.4,0,0,0,0
47.51,15,5411,US,0,1,4,109.62,0.43,0,0,0,0
33.71,10,5732,US,0,1,3,113.01,0.3,0,0,1,0
62.16,15,5912,US,0,1,5,76.63,0.81,0,0,0,0
121.77,23,5732,US,0,0,4,140.2,0.87,0,0,1,0
14.9,10,5814,US,0,0,5,74.7,0.2,0,0,0,0
49.94,10,5311,US,0,0,3,75.26,0.66,0,0,0,0
329.96,13,5732,US,0,1,3,138.95,2.37,0,0,1,0
17.55,18,5912,US,0,5,5,58.68,0.3,0,0,0,0
1938.14,6,7995,RU,2,5,9,87.55,22.14,1,0,1,1
20.76,7,5812,US,0,1,4,85.38,0.24,0,0,0,0
28.48,19,5411,US,0,0,1,80.39,0.35,0,0,0,0
7.67,15,5411,US,0,1,2,140.75,0.05,0,0,0,0
71.71,4,5311,US,0,0,2,145.11,0.49,0,1,0,0
23.43,17,5814,US,0,1,5,55.58,0.42,0,0,0,0
263.62,15,5411,US,0,0,1,57.53,4.58,0,0,0,0
26.01,19,5311,US,0,2,4,95.64,0.27,0,0,0,0
30.09,12,5541,US,0,0,0,142.05,0.21,0,0,0,0
91.74,18,5812,US,0,1,2,123.79,0.74,0,0,0,0
155.37,17,5411,US,0,2,6,143.4,1.08,0,0,0,0
98.6,5,4121,US,1,1,2,141.16,0.7,0,1,0,0
41.06,16,5411,US,0,1,2,98.97,0.41,0,0,0,0
34.69,17,5814,US,1,1,2,80.62,0.43,0,0,0,0
145.37,16,5812,US,0,0,0,103.17,1.41,0,0,0,0
32.67,9,5812,US,0,1,2,71.18,0.46,0,0,0,0
30.03,18,5812,US,0,0,3,130.6,0.23,0,0,0,0
11.68,10,5812,US,0,1,6,118.91,0.1,0,0,0,0
281.0,17,5732,US,0,1,2,111.32,2.52,0,0,1,0
34.39,9,5541,US,1,1,2,73.86,0.47,0,0,0,0
8.14,12,5812,US,0,0,3,142.7,0.06,0,0,0,0
90.68,10,5541,US,0,0,5,51.21,1.77,0,0,0,0
67.21,14,5732,US,0,1,2,80.26,0.84,0,0,1,0
84.85,18,5912,US,0,0,3,50.72,1.67,0,0,0,0
31.8,23,5912,US,0,0,2,94.1,0.34,0,0,0,0
16.09,13,5812,US,0,2,5,93.95,0.17,0,0,0,0
130.95,13,5541,US,1,2,5,55.42,2.36,0,0,0,0
15.56,13,5812,US,1,2,5,84.07,0.19,0,0,0,0
76.16,14,5912,US,0,1,5,96.4,0.79,0,0,0,0
164.07,17,5912,US,1,2,4,108.39,1.51,0,0,0,0
64.9,14,5912,US,0,1,1,61.84,1.05,0,0,0,0
29.27,19,5812,US,0,0,4,116.56,0.25,0,0,0,0
47.94,13,5541,US,0,0,4,76.73,0.62,0,0,0,0
27.58,12,5311,US,2,2,4,55.69,0.5,0,0,0,0
15.52,8,5311,US,0,0,0,110.15,0.14,0,0,0,0
27.66,23,5541,US,1,2,5,67.06,0.41,0,0,0,0
12.26,11,5814,FR,0,0,1,92.65,0.13,1,0,0,0
69.84,12,5812,US,0,0,1,90.74,0.77,0,0,0,0
27.33,16,4121,US,0,1,2,108.66,0.25,0,0,0,0
27.34,11,5411,US,0,1,4,60.36,0.45,0,0,0,0
11.15,12,5814,US,0,0,1,85.32,0.13,0,0,0,0
8.17,19,4121,CA,0,0,2,107.66,0.08,1,0,0,0
18.6,17,5411,US,0,1,5,60.24,0.31,0,0,0,0
172.63,12,4121,US,0,0,1,118.07,1.46,0,0,0,0
90.6,10,5814,JP,0,3,4,93.57,0.97,1,0,0,0
74.83,11,5411,US,1,1,1,112.9,0.66,0,0,0,0
432.17,10,5732,US,9,15,27,82.88,5.21,0,0,1,1
258.55,17,5812,US,0,0,1,109.24,2.37,0,0,0,0
31.87,15,5812,US,0,1,2,105.72,0.3,0,0,0,0
443.77,11,5732,US,0,2,4,112.17,3.96,0,0,1,0
66.98,18,5541,US,0,1,5,142.67,0.47,0,0,0,0
56.06,13,5732,US,0,2,6,148.46,0.38,0,0,1,0
20.87,18,5912,US,0,1,3,83.01,0.25,0,0,0,0
71.31,15,5411,US,0,0,1,58.81,1.21,0,0,0,0
44.49,6,5411,US,0,0,0,124.41,0.36,0,0,0,0
28.66,16,5812,US,0,1,1,143.65,0.2,0,0,0,0
25.32,18,5311,US,0,1,3,98.49,0.26,0,0,0,0
27.01,9,5541,FR,0,1,2,139.25,0.19,1,0,0,0
68.73,18,5541,US,0,1,3,68.6,1.0,0,0,0,0
32.83,18,5814,FR,0,0,3,53.73,0.61,1,0,0,0
31.96,5,5732,US,0,0,2,66.52,0.48,0,1,1,0
12.83,8,4121,US,1,2,2,136.12,0.09,0,0,0,0
112.84,11,5411,US,0,2,3,100.27,1.13,0,0,0,0
214.92,8,5814,US,2,2,2,90.8,2.37,0,0,0,0
778.29,23,6051,NG,4,6,12,44.54,17.47,1,0,1,1
48.85,15,5912,US,0,1,3,137.89,0.35,0,0,0,0
66.75,15,4121,US,0,1,2,73.65,0.91,0,0,0,0
84.18,17,5732,US,1,3,5,132.47,0.64,0,0,1,0
5.81,17,5311,US,0,4,6,73.9,0.08,0,0,0,0
2.5,17,5732,US,0,3,4,123.72,0.02,0,0,1,0
421.44,18,5912,US,0,0,3,51.65,8.16,0,0,0,0
42.05,10,4121,US,0,0,1,60.47,0.7,0,0,0,0
118.01,20,5411,US,1,1,4,67.38,1.75,0,0,0,0
826.32,17,4829,GB,9,25,39,81.25,10.17,1,0,1,1
27.57,12,5814,US,0,1,4,79.55,0.35,0,0,0,0
56.44,11,5912,US,1,2,2,102.11,0.55,0,0,0,0
94.66,18,5411,US,0,1,2,70.54,1.34,0,0,0,0
109.93,11,5411,US,0,1,3,73.81,1.49,0,0,0,0
56.9,7,4121,US,0,1,3,107.66,0.53,0,0,0,0
1816.64,3,6051,CN,2,2,5,53.54,33.93,1,1,1,1
203.24,11,5814,US,0,1,1,63.75,3.19,0,0,0,0
119.14,9,4121,FR,0,0,3,97.32,1.22,1,0,0,0
48.62,19,5812,US,1,1,5,78.63,0.62,0,0,0,0
428.29,13,5732,US,0,2,3,66.89,6.4,0,0,1,0
245.24,14,5541,US,0,0,2,60.95,4.02,0,0,0,0
281.82,15,5814,US,0,0,4,145.67,1.93,0,0,0,0
4609.24,3,5732,NG,3,2,8,80.28,57.41,1,1,1,1
18.61,15,5912,US,0,1,6,142.07,0.13,0,0,0,0
12.64,16,5411,US,0,0,1,141.78,0.09,0,0,0,0
29.61,18,5411,US,0,1,5,119.83,0.25,0,0,0,0
28.8,12,5732,US,1,3,5,74.07,0.39,0,0,1,0
9256.29,2,6051,NG,1,3,4,58.04,159.48,1,1,1,1
131.93,16,5814,US,0,0,2,103.99,1.27,0,0,0,0
102.96,12,5311,US,0,2,4,137.44,0.75,0,0,0,0
2.66,9,5311,US,7,30,44,74.12,0.04,0,0,0,1
67.53,13,5311,US,0,0,3,137.19,0.49,0,0,0,0
35.43,3,5814,US,0,4,7,135.41,0.26,0,1,0,0
84.8,19,5912,US,0,2,5,131.89,0.64,0,0,0,0
73.79,9,5812,US,0,0,1,101.17,0.73,0,0,0,0
135.04,14,5411,US,1,1,3,75.44,1.79,0,0,0,0
29.58,12,5732,US,0,2,6,123.04,0.24,0,0,1,0
351.21,4,5944,GB,5,13,24,92.98,3.78,1,1,1,1
69.86,9,5814,US,1,2,3,72.92,0.96,0,0,0,0
100.73,9,5814,US,0,1,3,65.53,1.54,0,0,0,0
21.34,13,5732,US,0,0,2,105.37,0.2,0,0,1,0
52.27,11,5912,US,0,0,2,110.21,0.47,0,0,0,0
17.04,15,5311,US,0,0,2,60.14,0.28,0,0,0,0
17.21,17,5311,US,0,2,3,96.35,0.18,0,0,0,0
2484.76,16,7995,NG,3,3,11,90.84,27.35,1,0,1,1
73.09,7,5411,US,0,0,4,99.52,0.73,0,0,0,0
142.25,12,5732,US,0,1,3,140.28,1.01,0,0,1,0
50.04,14,5541,US,0,0,5,72.3,0.69,0,0,0,0
43.47,15,5912,US,0,2,2,101.97,0.43,0,0,0,0
61.04,13,5732,US,1,2,7,115.26,0.53,0,0,1,0
66.13,19,5912,US,1,2,5,84.98,0.78,0,0,0,0
254.3,12,5812,US,0,1,4,145.23,1.75,0,0,0,0
17.3,10,5812,US,0,0,2,56.18,0.31,0,0,0,0
54.28,15,5732,US,1,3,3,74.4,0.73,0,0,1,0
27.1,11,5814,US,1,1,4,119.98,0.23,0,0,0,0
16.87,12,5814,US,0,0,1,66.18,0.25,0,0,0,0
72.19,15,5311,US,1,2,6,107.49,0.67,0,0,0,0
118.81,8,4121,US,1,6,6,104.97,1.13,0,0,0,0
30.05,14,5814,US,0,1,3,91.95,0.33,0,0,0,0
64.89,16,5814,US,0,1,5,56.01,1.16,0,0,0,0
19.42,14,5912,US,0,1,4,60.8,0.32,0,0,0,0
71.16,16,5411,US,0,0,4,141.07,0.5,0,0,0,0
159.91,11,5732,US,0,1,1,99.72,1.6,0,0,1,0
58.37,13,5812,US,0,1,9,64.59,0.9,0,0,0,0
51.5,11,5411,US,0,1,2,86.23,0.6,0,0,0,0
37.62,14,5311,US,0,0,2,100.23,0.38,0,0,0,0
67.18,13,5814,US,1,1,4,118.75,0.57,0,0,0,0
35.24,18,5732,US,0,0,5,58.31,0.6,0,0,1,0
36.95,18,5732,US,0,1,3,133.82,0.28,0,0,1,0
42.29,17,5411,US,0,1,4,105.37,0.4,0,0,0,0
65.18,21,5541,US,0,1,5,76.69,0.85,0,0,0,0
32.59,10,5541,US,0,0,1,70.15,0.46,0,0,0,0
268.69,18,5541,GB,0,2,4,101.48,2.65,1,0,0,0
29.73,19,5732,US,1,1,4,60.8,0.49,0,0,1,0
16.66,16,5814,US,0,1,4,139.22,0.12,0,0,0,0
67.75,12,5311,US,1,2,2,99.41,0.68,0,0,0,0
85.52,16,5311,US,0,0,3,52.88,1.62,0,0,0,0
26.48,5,4121,US,0,1,4,60.01,0.44,0,1,0,0
41.37,9,5411,FR,0,1,2,122.1,0.34,1,0,0,0
103.81,19,5541,US,0,2,5,95.26,1.09,0,0,0,0
19.08,11,4121,US,0,3,3,80.64,0.24,0,0,0,0
72.16,15,5912,US,0,0,2,73.37,0.98,0,0,0,0
23.79,17,5812,US,0,0,7,71.67,0.33,0,0,0,0
2536.32,4,6051,US,3,3,10,71.7,35.37,0,1,1,1
45.94,15,5732,US,0,2,3,60.65,0.76,0,0,1,0
153.28,20,5912,US,0,0,2,143.77,1.07,0,0,0,0
182.95,8,5912,US,0,0,1,56.56,3.23,0,0,0,0
34.44,18,4121,US,1,1,3,103.66,0.33,0,0,0,0
13.6,15,5812,US,0,0,3,60.62,0.22,0,0,0,0
18.52,9,4121,US,0,0,2,115.15,0.16,0,0,0,0
12.72,8,5732,US,0,1,2,70.88,0.18,0,0,1,0
20.98,19,5541,US,1,4,6,105.77,0.2,0,0,0,0
8.5,16,5311,US,1,2,5,147.25,0.06,0,0,0,0
395.97,12,5541,US,0,2,5,129.79,3.05,0,0,0,0
124.69,9,5812,US,0,2,6,146.51,0.85,0,0,0,0
25.4,11,5541,US,1,2,2,63.44,0.4,0,0,0,0
59.33,22,5814,US,0,0,2,96.18,0.62,0,0,0,0
57.11,9,5732,US,0,1,2,137.22,0.42,0,0,1,0
37.14,11,5814,US,0,1,3,126.03,0.29,0,0,0,0
3.24,14,5311,NG,5,18,48,80.82,0.04,1,0,0,1
4.98,13,5732,US,0,1,5,147.07,0.03,0,0,1,0
7403.74,2,5944,CN,2,2,7,96.33,76.86,1,1,1,1
39.59,11,5812,US,0,0,3,106.34,0.37,0,0,0,0
27.39,8,5541,US,0,0,2,149.5,0.18,0,0,0,0
187.48,13,5812,US,0,1,1,124.14,1.51,0,0,0,0
26.8,17,4121,US,0,1,5,73.63,0.36,0,0,0,0
2334.68,3,5732,UA,1,2,6,79.99,29.19,1,1,1,1
76.14,18,5812,US,0,0,2,57.8,1.32,0,0,0,0
25.67,8,5732,US,0,1,3,121.11,0.21,0,0,1,0
19.99,15,4121,JP,0,0,1,119.99,0.17,1,0,0,0
7.06,15,5541,US,0,0,4,105.11,0.07,0,0,0,0
157.17,12,4121,US,0,2,2,116.53,1.35,0,0,0,0
178.07,17,5812,US,0,1,2,105.11,1.69,0,0,0,0
47.4,9,4121,FR,0,1,3,107.1,0.44,1,0,0,0
66.17,14,5732,US,0,0,1,105.78,0.63,0,0,1,0
1994.97,2,5944,RO,1,5,7,95.29,20.94,1,1,1,1
18.55,21,5411,US,0,1,4,113.16,0.16,0,0,0,0
258.52,14,5812,US,0,1,4,54.82,4.72,0,0,0,0
29.13,19,5814,DE,0,0,2,117.29,0.25,1,0,0,0
37.72,13,5812,US,0,1,4,77.64,0.49,0,0,0,0
36.81,23,4121,US,0,0,3,72.62,0.51,0,0,0,0
37.28,23,5311,US,1,1,2,132.28,0.28,0,0,0,0
7633.8,3,6051,NG,3,4,5,85.66,89.12,1,1,1,1
22.32,19,5732,US,0,1,3,50.16,0.44,0,0,1,0
29.77,17,5411,US,0,2,3,69.01,0.43,0,0,0,0
67.83,18,5311,US,0,2,2,140.63,0.48,0,0,0,0
170.41,14,5311,US,0,2,3,132.34,1.29,0,0,0,0
100.69,9,5812,US,0,1,3,67.24,1.5,0,0,0,0
82.17,16,5814,US,0,2,4,76.53,1.07,0,0,0,0
67.83,15,5912,US,0,1,3,96.83,0.7,0,0,0,0
164.08,15,5311,US,0,0,4,90.0,1.82,0,0,0,0
13.12,9,5912,JP,0,0,1,148.86,0.09,1,0,0,0
30.83,16,5311,US,0,2,4,71.16,0.43,0,0,0,0
19.87,11,4121,US,0,0,3,74.1,0.27,0,0,0,0
152.48,14,5912,US,0,0,2,128.61,1.19,0,0,0,0
93.06,11,4121,US,0,1,3,85.53,1.09,0,0,0,0
315.26,15,5814,US,0,1,5,128.81,2.45,0,0,0,0
61.97,12,4121,US,1,1,3,59.92,1.03,0,0,0,0
95.95,20,5912,US,0,2,3,116.53,0.82,0,0,0,0
42.62,21,4121,US,0,1,2,80.73,0.53,0,0,0,0
29.53,15,5411,US,0,1,2,80.48,0.37,0,0,0,0
14.17,19,5814,DE,1,1,7,97.24,0.15,1,0,0,0
30.98,10,5814,US,0,1,3,88.64,0.35,0,0,0,0
26.07,9,5311,US,0,0,2,81.02,0.32,0,0,0,0
8.55,19,4121,FR,0,0,5,125.68,0.07,1,0,0,0
15.9,10,4121,DE,0,1,3,130.13,0.12,1,0,0,0
171.23,10,5814,US,0,0,3,97.35,1.76,0,0,0,0
26.7,22,5311,US,0,1,1,128.38,0.21,0,0,0,0
6.52,16,5311,US,0,1,3,149.32,0.04,0,0,0,0
8.3,16,4121,US,0,0,3,69.18,0.12,0,0,0,0
11.23,16,5411,US,1,2,6,85.97,0.13,0,0,0,0
15.15,5,5732,DE,0,0,2,76.05,0.2,1,1,1,0
44.72,16,5541,US,1,2,2,69.07,0.65,0,0,0,0
23.88,14,5311,US,0,1,2,86.02,0.28,0,0,0,0
21.46,15,5411,DE,0,1,9,72.86,0.29,1,0,0,0
9.13,12,5812,US,0,1,8,71.72,0.13,0,0,0,0
257.39,14,5732,US,0,1,3,148.0,1.74,0,0,1,0
79.11,11,5541,FR,1,1,6,117.97,0.67,1,0,0,0
65.2,9,5311,JP,0,0,5,132.29,0.49,1,0,0,0
300.42,18,5541,US,0,0,1,64.61,4.65,0,0,0,0
56.71,16,5411,US,0,0,1,144.15,0.39,0,0,0,0
193.01,13,5812,US,0,2,5,74.72,2.58,0,0,0,0
67.72,12,5912,US,0,0,1,92.29,0.73,0,0,0,0
87.58,13,4121,US,2,2,6,51.62,1.7,0,0,0,0
16.84,12,5541,US,1,2,3,134.89,0.12,0,0,0,0
37.17,16,4121,US,2,3,3,123.97,0.3,0,0,0,0
397.91,19,4121,US,0,0,2,91.05,4.37,0,0,0,0
14.96,15,4121,US,0,0,2,128.46,0.12,0,0,0,0
76.25,12,5541,US,0,1,3,109.26,0.7,0,0,0,0
42.64,15,5311,US,0,3,5,62.96,0.68,0,0,0,0
35.93,14,5541,US,0,1,5,80.29,0.45,0,0,0,0
88.04,7,5814,US,0,3,4,54.3,1.62,0,0,0,0
25.79,16,5812,US,0,1,2,147.26,0.18,0,0,0,0
61.22,12,4121,US,0,1,6,84.34,0.73,0,0,0,0
163.62,19,5814,US,0,2,4,114.88,1.42,0,0,0,0
67.02,11,4121,US,0,1,2,144.09,0.47,0,0,0,0
1605.63,5,6051,NG,3,8,8,45.65,35.17,1,1,1,1
83.14,17,5732,US,0,0,3,117.54,0.71,0,0,1,0
14.56,10,5814,US,0,1,5,68.62,0.21,0,0,0,0
63.92,11,5814,US,0,0,0,87.45,0.73,0,0,0,0
175.4,23,5814,US,0,1,4,58.34,3.01,0,0,0,0
109.27,16,4121,US,0,0,3,143.41,0.76,0,0,0,0
164.21,17,5411,US,0,1,4,146.02,1.12,0,0,0,0
31.45,14,4121,US,0,1,3,126.5,0.25,0,0,0,0
86.36,7,5814,US,0,0,1,57.84,1.49,0,0,0,0
43.71,13,5912,US,0,3,7,71.86,0.61,0,0,0,0
56.64,15,4121,US,0,0,2,128.51,0.44,0,0,0,0
46.1,15,5411,US,1,2,4,117.83,0.39,0,0,0,0
175.96,15,5311,US,0,0,1,145.0,1.21,0,0,0,0
37.64,13,5814,DE,0,0,5,125.46,0.3,1,0,0,0
37.41,15,5541,US,0,0,3,118.46,0.32,0,0,0,0
22.45,13,5411,GB,0,0,3,56.08,0.4,1,0,0,0
50.32,17,4121,GB,2,2,5,94.15,0.53,1,0,0,0
28.15,9,5541,US,1,2,6,86.65,0.32,0,0,0,0
211.16,11,5732,US,0,2,2,125.77,1.68,0,0,1,0
50.97,14,5812,US,0,1,5,76.02,0.67,0,0,0,0
78.15,19,5411,US,0,0,1,96.39,0.81,0,0,0,0
25.59,10,5541,US,0,1,3,79.39,0.32,0,0,0,0
34.76,16,5814,US,0,0,6,116.16,0.3,0,0,0,0
15.91,17,5732,US,0,1,3,52.59,0.3,0,0,1,0
113.08,8,5732,US,0,1,2,82.41,1.37,0,0,1,0
33.62,19,5732,US,0,1,2,79.53,0.42,0,0,1,0
43.51,16,5812,US,0,3,3,85.72,0.51,0,0,0,0
67.71,11,5311,US,0,0,0,68.24,0.99,0,0,0,0
2.79,10,5311,UA,7,24,35,96.51,0.03,1,0,0,1
298.98,16,4121,US,0,0,1,74.41,4.02,0,0,0,0
26.86,13,5311,US,0,0,3,74.99,0.36,0,0,0,0
10.45,10,5311,US,0,0,3,83.15,0.13,0,0,0,0
35.38,19,5814,US,1,3,4,85.89,0.41,0,0,0,0
5.13,16,5311,US,0,1,4,57.3,0.09,0,0,0,0
213.02,16,5812,US,0,0,1,73.6,2.89,0,0,0,0
43.14,19,5912,US,0,0,1,72.9,0.59,0,0,0,0
50.72,16,4121,US,0,1,3,81.88,0.62,0,0,0,0
22.6,14,5814,FR,0,0,0,58.18,0.39,1,0,0,0
83.65,9,5912,US,0,2,3,139.2,0.6,0,0,0,0
5.99,21,5912,US,1,2,2,102.65,0.06,0,0,0,0
49.97,15,5311,US,0,0,2,99.06,0.5,0,0,0,0
26.63,8,5541,GB,0,0,2,133.58,0.2,1,0,0,0
20.33,13,5541,US,0,2,6,102.43,0.2,0,0,0,0
261.56,11,5912,US,0,2,7,90.3,2.9,0,0,0,0
37.99,14,5912,US,0,0,2,137.25,0.28,0,0,0,0
27.41,20,5732,CA,0,0,6,124.12,0.22,1,0,1,0
37.05,10,5541,US,0,2,3,59.38,0.62,0,0,0,0
72.79,13,5812,US,0,1,3,97.97,0.74,0,0,0,0
55.13,10,5732,US,0,0,3,90.96,0.61,0,0,1,0
46.46,12,5732,US,1,3,5,110.77,0.42,0,0,1,0
54.39,11,5732,US,0,1,3,58.11,0.94,0,0,1,0
12.62,16,5814,US,0,1,3,95.19,0.13,0,0,0,0
21.12,18,5311,US,0,0,0,120.94,0.17,0,0,0,0
220.3,16,4121,US,0,0,2,74.19,2.97,0,0,0,0
43.51,17,5411,US,0,0,0,73.0,0.6,0,0,0,0
128.82,16,5411,US,0,2,3,82.16,1.57,0,0,0,0
46.79,12,5311,US,0,0,2,82.16,0.57,0,0,0,0
26.02,17,5541,US,0,2,8,73.29,0.36,0,0,0,0
19.3,11,5311,US,1,1,4,73.4,0.26,0,0,0,0
41.86,18,5732,US,0,2,5,121.97,0.34,0,0,1,0
63.75,12,5411,US,0,1,3,94.28,0.68,0,0,0,0
30.89,13,5311,US,0,0,1,69.42,0.44,0,0,0,0
79.45,17,5812,US,0,0,1,127.29,0.62,0,0,0,0
87.91,13,5814,US,0,0,4,66.58,1.32,0,0,0,0
49.7,19,5732,US,0,1,3,127.01,0.39,0,0,1,0
371.83,18,7995,US,4,15,19,58.24,6.38,0,0,1,1
13.45,11,5732,US,0,1,2,145.52,0.09,0,0,1,0
47.04,16,5912,US,0,2,9,50.23,0.94,0,0,0,0
24.73,12,5541,US,0,0,0,79.66,0.31,0,0,0,0
2.51,1,4121,US,0,1,3,99.0,0.03,0,1,0,0
8.95,6,4121,US,1,1,3,135.11,0.07,0,0,0,0
83.91,9,5732,US,0,2,3,110.11,0.76,0,0,1,0
13.38,16,5912,US,0,2,4,129.26,0.1,0,0,0,0
95.9,19,5541,US,1,2,6,126.47,0.76,0,0,0,0
72.44,11,5311,US,1,1,5,51.83,1.4,0,0,0,0
104.7,13,5814,US,0,0,0,123.27,0.85,0,0,0,0
92.66,7,5732,US,0,1,7,57.8,1.6,0,0,1,0
38.27,12,5411,US,0,1,1,98.25,0.39,0,0,0,0
30.3,10,5812,US,0,0,5,90.0,0.34,0,0,0,0
44.93,13,5814,US,0,0,2,119.14,0.38,0,0,0,0
10.43,17,5541,US,0,0,5,96.39,0.11,0,0,0,0
13.95,18,5541,US,0,2,6,133.27,0.1,0,0,0,0
30.56,20,5732,US,0,1,3,120.25,0.25,0,0,1,0
21.59,20,4121,FR,0,1,9,135.51,0.16,1,0,0,0
47.32,21,5812,US,1,3,5,127.86,0.37,0,0,0,0
33.83,20,4121,US,0,1,2,138.49,0.24,0,0,0,0
7146.44,3,6051,CN,1,3,9,65.23,109.56,1,1,1,1
37.77,17,5411,US,0,1,3,124.06,0.3,0,0,0,0
3.29,20,5311,NG,5,19,35,47.68,0.07,1,0,0,1
94.32,18,5912,JP,0,0,4,82.72,1.14,1,0,0,0
45.66,14,5732,US,0,1,4,143.43,0.32,0,0,1,0
122.5,12,5541,US,0,1,2,101.95,1.2,0,0,0,0
97.05,4,5912,US,0,1,1,129.62,0.75,0,1,0,0
11.1,15,5541,US,0,0,4,76.52,0.15,0,0,0,0
36.46,15,5814,US,1,1,3,90.21,0.4,0,0,0,0
25.14,11,5411,US,1,1,4,54.0,0.47,0,0,0,0
32.63,11,5541,JP,0,0,3,50.48,0.65,1,0,0,0
89.57,23,5411,US,3,3,8,140.64,0.64,0,0,0,0
249.1,15,5732,US,0,0,1,78.7,3.17,0,0,1,0
32.63,16,5814,US,0,0,4,115.82,0.28,0,0,0,0
19.17,21,5912,US,1,1,4,121.3,0.16,0,0,0,0
13.76,12,5732,US,0,1,4,130.88,0.11,0,0,1,0
33.95,13,5814,US,0,0,0,56.23,0.6,0,0,0,0
70.94,11,5411,US,1,2,4,61.16,1.16,0,0,0,0
77.19,10,5732,US,0,1,4,100.71,0.77,0,0,1,0
12.88,9,5814,US,0,0,6,80.94,0.16,0,0,0,0
9.17,16,5541,US,0,1,4,83.51,0.11,0,0,0,0
32.78,11,5814,US,0,0,3,118.87,0.28,0,0,0,0
41.06,11,5812,US,0,0,6,89.56,0.46,0,0,0,0
25.26,14,5541,US,0,0,3,55.71,0.45,0,0,0,0
8.12,6,5732,US,0,0,1,123.06,0.07,0,0,1,0
76.18,10,5311,US,0,0,2,60.06,1.27,0,0,0,0
48.84,20,5732,US,0,0,2,83.37,0.59,0,0,1,0
76.98,9,5912,US,0,1,3,115.34,0.67,0,0,0,0
58.97,15,5732,US,0,2,6,74.47,0.79,0,0,1,0
24.75,15,5311,US,0,0,5,125.74,0.2,0,0,0,0
101.0,12,5541,US,0,0,2,68.23,1.48,0,0,0,0
22.53,18,5812,US,0,2,7,125.22,0.18,0,0,0,0
200.39,12,5812,US,0,1,3,128.78,1.56,0,0,0,0
40.0,21,5311,US,0,1,3,82.15,0.49,0,0,0,0
122.34,23,5541,US,1,3,5,85.04,1.44,0,0,0,0
144.91,13,5541,US,0,0,5,137.56,1.05,0,0,0,0
649.06,8,4829,RO,9,10,19,66.98,9.69,1,0,1,1
16.96,12,5732,US,0,2,3,96.18,0.18,0,0,1,0
16.62,21,5411,US,0,1,4,52.31,0.32,0,0,0,0
97.6,17,5732,FR,0,1,4,120.15,0.81,1,0,1,0
15.69,16,5812,US,0,0,2,117.93,0.13,0,0,0,0
42.53,22,5541,US,1,1,3,65.35,0.65,0,0,0,0
254.24,23,5732,US,0,0,0,74.55,3.41,0,0,1,0
44.74,17,5411,US,0,0,1,112.39,0.4,0,0,0,0
10.96,21,4121,US,0,1,2,103.13,0.11,0,0,0,0
47.94,11,5732,US,0,1,1,126.84,0.38,0,0,1,0
53.64,17,4121,US,0,0,2,148.44,0.36,0,0,0,0
29.97,11,5541,US,0,1,5,71.35,0.42,0,0,0,0
6.54,12,5812,US,0,0,1,74.4,0.09,0,0,0,0
112.79,15,5411,US,0,1,4,110.01,1.03,0,0,0,0
105.92,4,5411,US,0,0,2,123.32,0.86,0,1,0,0
54.54,8,4121,US,0,1,3,143.12,0.38,0,0,0,0
7.64,12,5814,US,0,0,4,123.85,0.06,0,0,0,0
27.0,13,5814,US,0,1,1,92.63,0.29,0,0,0,0
27.73,14,5411,US,0,1,3,79.62,0.35,0,0,0,0
76.33,10,4121,US,0,1,3,77.39,0.99,0,0,0,0
17.36,9,5814,US,0,0,5,148.23,0.12,0,0,0,0
64.38,10,5912,US,0,2,6,124.66,0.52,0,0,0,0
57.56,10,5814,US,0,1,3,137.7,0.42,0,0,0,0
178.06,8,5311,US,0,2,4,78.29,2.27,0,0,0,0
15.62,16,5732,US,0,0,0,60.74,0.26,0,0,1,0
238.32,10,5541,US,0,1,2,96.25,2.48,0,0,0,0
35.43,10,5541,US,1,1,3,64.1,0.55,0,0,0,0
128.82,19,5311,US,0,1,2,131.55,0.98,0,0,0,0
82.17,20,5812,US,0,1,3,104.31,0.79,0,0,0,0
80.25,15,5912,US,0,2,6,92.66,0.87,0,0,0,0
27.54,14,5411,US,0,1,5,80.12,0.34,0,0,0,0
54.52,12,5311,US,0,0,3,102.91,0.53,0,0,0,0
37.12,12,5732,FR,0,3,5,119.32,0.31,1,0,1,0
24.14,16,5814,US,1,1,4,83.33,0.29,0,0,0,0
276.32,8,5541,US,0,0,3,110.3,2.51,0,0,0,0
609.5,13,5944,GB,9,13,27,57.54,10.59,1,0,1,1
22.62,7,5541,US,0,2,2,98.78,0.23,0,0,0,0
54.94,9,5311,US,0,0,2,134.0,0.41,0,0,0,0
10.27,21,5814,US,0,0,4,67.94,0.15,0,0,0,0
13.14,13,5541,US,1,1,4,55.75,0.24,0,0,0,0
13.18,7,5912,US,0,2,4,144.12,0.09,0,0,0,0
146.44,11,5311,US,0,1,7,122.64,1.19,0,0,0,0
38.65,13,5814,US,0,2,4,59.05,0.65,0,0,0,0
57.14,17,5311,US,0,3,7,103.27,0.55,0,0,0,0
62.9,12,5541,US,0,0,2,101.89,0.62,0,0,0,0
237.96,12,5541,US,0,3,3,136.52,1.74,0,0,0,0
17.88,12,5732,US,0,2,3,74.61,0.24,0,0,1,0
120.0,14,5411,US,0,1,4,57.88,2.07,0,0,0,0
265.3,19,5311,US,0,1,1,129.3,2.05,0,0,0,0
36.5,11,4121,US,0,0,2,106.13,0.34,0,0,0,0
79.13,11,5311,US,0,0,2,62.92,1.26,0,0,0,0
22.94,12,5812,US,0,1,5,71.4,0.32,0,0,0,0
21.79,10,5311,US,0,0,3,104.55,0.21,0,0,0,0
22.08,13,5411,US,0,0,2,142.77,0.15,0,0,0,0
13.44,9,5912,US,0,1,2,139.81,0.1,0,0,0,0
18.18,20,4121,US,0,0,4,64.15,0.28,0,0,0,0
26.95,19,5732,US,1,2,4,74.94,0.36,0,0,1,0
71.14,16,5812,US,0,1,2,115.62,0.62,0,0,0,0
27.29,13,5311,US,0,0,2,80.74,0.34,0,0,0,0
21.65,14,4121,US,0,2,5,76.86,0.28,0,0,0,0
7.14,9,5411,US,1,1,6,122.97,0.06,0,0,0,0
75.95,13,5411,US,0,0,2,148.84,0.51,0,0,0,0
24.73,7,5812,US,1,1,4,77.93,0.32,0,0,0,0
79.81,18,5311,US,0,1,4,82.34,0.97,0,0,0,0
28.23,15,5311,US,0,1,3,127.04,0.22,0,0,0,0
76.71,14,5541,US,0,1,3,113.18,0.68,0,0,0,0
52.52,17,5311,US,0,0,2,121.07,0.43,0,0,0,0
74.1,17,5411,US,0,4,8,126.18,0.59,0,0,0,0
78.05,9,5311,US,0,1,2,56.96,1.37,0,0,0,0
28.16,16,5812,US,0,1,5,60.94,0.46,0,0,0,0
2007.84,5,5944,CY,3,6,6,49.23,40.78,1,1,1,1
58.57,16,5411,US,1,1,3,115.87,0.51,0,0,0,0
41.66,12,5812,US,0,1,2,126.19,0.33,0,0,0,0
34.69,17,5814,US,0,0,1,123.39,0.28,0,0,0,0
79.35,16,5541,US,0,1,3,133.9,0.59,0,0,0,0
43.91,18,5411,US,0,0,4,113.77,0.39,0,0,0,0
22.18,8,5732,US,0,0,4,135.48,0.16,0,0,1,0
31.32,7,5812,US,1,2,4,100.74,0.31,0,0,0,0
30.01,13,5541,JP,0,0,4,91.3,0.33,1,0,0,0
94.81,14,5311,US,0,0,1,69.48,1.36,0,0,0,0
2213.49,7,4829,NG,3,4,11,42.93,51.56,1,0,1,1
47.71,16,5732,US,1,3,7,117.86,0.4,0,0,1,0
27.61,20,5732,US,1,1,6,54.39,0.51,0,0,1,0
86.65,6,5732,US,0,0,3,99.53,0.87,0,0,1,0
23.13,15,5411,US,0,0,2,125.95,0.18,0,0,0,0
7.04,23,5814,US,1,1,2,52.75,0.13,0,0,0,0
15.58,14,5411,US,1,2,3,145.3,0.11,0,0,0,0
112.31,8,5411,US,0,0,3,64.43,1.74,0,0,0,0
65.33,5,5814,US,0,0,1,113.09,0.58,0,1,0,0
46.63,11,5814,US,0,0,3,106.63,0.44,0,0,0,0
51.91,21,5541,US,0,0,5,104.67,0.5,0,0,0,0
211.01,7,5912,US,0,0,2,131.43,1.61,0,0,0,0
14.99,10,5311,US,0,0,1,62.86,0.24,0,0,0,0
115.93,14,5411,US,0,1,4,101.36,1.14,0,0,0,0
184.32,13,5912,US,1,1,4,50.44,3.65,0,0,0,0
117.52,16,5912,JP,1,1,5,62.4,1.88,1,0,0,0
89.5,10,5732,US,0,0,3,79.69,1.12,0,0,1,0
31.74,18,5732,US,0,0,1,113.46,0.28,0,0,1,0
51.96,16,4121,US,1,2,2,118.96,0.44,0,0,0,0
53.93,2,5541,US,0,0,2,102.05,0.53,0,1,0,0
66.89,14,5814,US,0,1,5,103.37,0.65,0,0,0,0
64.15,17,5541,US,0,0,4,143.19,0.45,0,0,0,0
16.29,17,5411,US,1,1,4,125.78,0.13,0,0,0,0
127.17,17,5732,US,0,0,2,71.46,1.78,0,0,1,0
48.94,22,5732,US,2,2,3,79.06,0.62,0,0,1,0
65.56,12,5812,US,0,0,6,92.52,0.71,0,0,0,0
78.35,11,5814,DE,0,0,1,125.58,0.62,1,0,0,0
77.46,11,4121,US,0,0,2,91.57,0.85,0,0,0,0
40.35,18,5912,GB,0,1,4,68.0,0.59,1,0,0,0
18.26,21,5411,US,0,2,3,54.77,0.33,0,0,0,0
220.15,20,5912,US,0,0,2,108.89,2.02,0,0,0,0
1.01,17,5311,UA,6,16,24,54.59,0.02,1,0,0,1
26.93,14,5814,US,0,1,7,143.59,0.19,0,0,0,0
50.81,16,5541,US,0,0,1,148.91,0.34,0,0,0,0
24.68,23,5541,US,0,2,7,94.82,0.26,0,0,0,0
76.8,11,5311,US,0,3,4,65.91,1.17,0,0,0,0
216.0,10,5912,US,0,0,4,51.59,4.19,0,0,0,0
151.18,8,4121,US,0,1,5,103.18,1.47,0,0,0,0
24.27,14,5311,US,0,1,4,125.46,0.19,0,0,0,0
19.53,16,4121,US,0,1,2,139.02,0.14,0,0,0,0
48.18,12,5812,US,0,1,4,135.48,0.36,0,0,0,0
109.73,13,5912,US,1,1,1,128.21,0.86,0,0,0,0
79.66,19,5311,US,0,0,4,95.79,0.83,0,0,0,0
6.0,14,5311,US,0,0,2,68.15,0.09,0,0,0,0
6.2,13,5814,US,0,0,0,112.59,0.06,0,0,0,0
55.97,6,4121,CA,0,1,6,62.69,0.89,1,0,0,0
51.72,13,5541,US,0,0,1,61.08,0.85,0,0,0,0
72.12,19,5732,US,0,2,2,133.7,0.54,0,0,1,0
64.2,17,5912,US,0,0,4,76.81,0.84,0,0,0,0
45.04,12,5411,US,0,0,4,102.11,0.44,0,0,0,0
51.12,8,5732,FR,0,0,3,111.2,0.46,1,0,1,0
31.5,16,5411,CA,0,2,6,60.95,0.52,1,0,0,0
3.4,22,5311,UA,6,10,30,96.95,0.04,1,0,0,1
764.23,10,4829,NG,2,5,8,82.19,9.3,1,0,1,1
44.73,14,5812,US,0,0,0,121.81,0.37,0,0,0,0
111.6,15,5732,US,0,0,5,95.04,1.17,0,0,1,0
287.13,15,5541,US,0,0,1,102.45,2.8,0,0,0,0
21.33,16,5912,US,1,2,3,143.15,0.15,0,0,0,0
37.12,6,5732,US,0,1,4,113.5,0.33,0,0,1,0
18.53,16,5814,US,0,0,0,110.67,0.17,0,0,0,0
105.79,6,5814,US,0,0,3,141.6,0.75,0,0,0,0
23.28,11,5812,US,0,0,3,54.87,0.42,0,0,0,0
1126.52,23,5944,CY,1,7,9,55.45,20.32,1,0,1,1
84.47,9,5541,US,0,2,5,138.26,0.61,0,0,0,0
20.75,7,5912,US,0,2,5,113.47,0.18,0,0,0,0
30.32,9,5311,US,0,2,3,71.8,0.42,0,0,0,0
34.97,10,5732,US,0,2,2,125.68,0.28,0,0,1,0
140.57,16,5732,US,0,2,5,108.38,1.3,0,0,1,0
6.51,15,5812,US,0,0,2,106.45,0.06,0,0,0,0
30.27,15,4121,US,0,0,3,121.04,0.25,0,0,0,0
30.75,13,5311,US,0,0,5,144.74,0.21,0,0,0,0
30.15,15,5411,US,0,0,3,108.29,0.28,0,0,0,0
5.75,13,5411,US,0,1,3,82.11,0.07,0,0,0,0
27.16,22,5812,US,0,0,3,80.44,0.34,0,0,0,0
109.05,16,5732,US,0,1,1,65.84,1.66,0,0,1,0
59.15,11,5912,US,0,0,0,119.78,0.49,0,0,0,0
55.47,17,5541,US,0,1,5,92.84,0.6,0,0,0,0
8.28,20,5814,DE,0,2,2,56.32,0.15,1,0,0,0
28.98,20,5814,US,0,2,6,123.84,0.23,0,0,0,0
75.5,7,5732,US,0,0,2,124.92,0.6,0,0,1,0
11.97,13,5812,US,0,2,4,91.89,0.13,0,0,0,0
97.52,12,5732,US,1,2,3,133.53,0.73,0,0,1,0
6287.03,2,6051,UA,2,4,5,53.39,117.76,1,1,1,1
37.46,16,5311,US,0,2,4,145.34,0.26,0,0,0,0
0.61,20,5311,NG,5,30,46,66.0,0.01,1,0,0,1
109.6,12,5541,US,0,0,3,145.73,0.75,0,0,0,0
5.69,13,5411,US,0,0,3,134.2,0.04,0,0,0,0
96.7,15,5912,US,0,1,1,110.23,0.88,0,0,0,0
8.79,14,5411,US,0,0,5,54.81,0.16,0,0,0,0
86.01,13,5912,US,0,0,2,118.45,0.73,0,0,0,0
131.92,15,5411,US,0,3,6,108.73,1.21,0,0,0,0
143.58,14,5541,US,1,2,2,58.15,2.47,0,0,0,0
81.44,14,5812,US,0,1,5,81.68,1.0,0,0,0,0
53.68,14,5912,US,0,1,4,128.82,0.42,0,0,0,0
19.63,14,5912,US,0,1,3,109.02,0.18,0,0,0,0
106.92,13,5814,US,1,2,4,112.14,0.95,0,0,0,0
21.28,12,5311,US,0,0,4,72.0,0.3,0,0,0,0
68.02,17,5812,US,0,0,1,101.04,0.67,0,0,0,0
16.66,21,5311,US,0,0,5,119.13,0.14,0,0,0,0
48.82,16,5814,US,0,1,2,124.97,0.39,0,0,0,0
102.94,12,5814,US,0,0,0,120.25,0.86,0,0,0,0
52.22,14,5912,US,0,1,2,123.0,0.42,0,0,0,0
12.71,8,5814,US,0,0,3,129.24,0.1,0,0,0,0
40.46,9,5311,US,0,0,1,53.13,0.76,0,0,0,0
42.14,15,5814,US,0,1,4,107.61,0.39,0,0,0,0
44.6,13,5814,US,0,1,6,142.03,0.31,0,0,0,0
6.68,9,5732,US,0,3,4,57.21,0.12,0,0,1,0
69.83,11,5411,US,0,0,2,116.73,0.6,0,0,0,0
25.88,12,5812,US,0,1,2,77.27,0.33,0,0,0,0
25.13,12,4121,US,1,3,5,92.69,0.27,0,0,0,0
320.53,15,4121,US,0,1,3,115.42,2.78,0,0,0,0
12.34,12,5732,US,0,0,8,132.72,0.09,0,0,1,0
100.46,7,4121,US,0,2,6,99.23,1.01,0,0,0,0
15.31,10,5814,US,0,1,2,145.91,0.1,0,0,0,0
28.72,12,5732,US,0,1,6,80.48,0.36,0,0,1,0
2504.77,20,7995,CY,3,6,5,66.06,37.92,1,0,1,1
31.99,15,5814,US,0,1,4,149.61,0.21,0,0,0,0
115.69,10,5411,US,0,0,2,63.24,1.83,0,0,0,0
21.66,13,5812,US,0,0,1,65.8,0.33,0,0,0,0
102.17,18,5311,US,0,1,4,104.13,0.98,0,0,0,0
48.4,14,5541,US,0,2,6,128.02,0.38,0,0,0,0
23.47,13,5814,US,0,0,1,149.98,0.16,0,0,0,0
9.15,10,5541,US,0,0,4,137.8,0.07,0,0,0,0
62.41,12,5541,US,0,3,5,110.73,0.56,0,0,0,0
50.17,17,5541,US,0,0,3,75.85,0.66,0,0,0,0
31.16,15,5912,US,0,1,2,146.92,0.21,0,0,0,0
9.27,14,5912,US,0,1,3,106.01,0.09,0,0,0,0
21.55,10,5541,US,0,1,4,81.41,0.26,0,0,0,0
13.42,9,5311,US,0,0,4,53.26,0.25,0,0,0,0
91.96,13,5732,US,0,0,2,70.57,1.3,0,0,1,0
18.03,17,5541,US,0,1,2,94.75,0.19,0,0,0,0
33.07,12,5311,US,1,1,4,88.07,0.38,0,0,0,0
49.55,18,4121,US,0,1,5,98.52,0.5,0,0,0,0
27.87,10,5732,US,0,0,0,106.43,0.26,0,0,1,0
61.16,11,5912,US,0,3,8,144.01,0.42,0,0,0,0
120.91,17,5732,FR,0,1,3,55.54,2.18,1,0,1,0
56.44,20,5812,US,0,1,4,139.22,0.41,0,0,0,0
30.19,8,5912,US,1,1,5,118.03,0.26,0,0,0,0
28.27,23,5912,US,0,0,4,107.86,0.26,0,0,0,0
34.51,15,5311,US,1,1,4,139.27,0.25,0,0,0,0
122.33,12,5812,CA,0,0,1,83.49,1.47,1,0,0,0
58.97,12,5411,US,1,4,8,73.38,0.8,0,0,0,0
100.14,12,5311,US,1,3,8,87.09,1.15,0,0,0,0
8.17,20,5812,US,0,0,1,129.86,0.06,0,0,0,0
16.47,16,5812,US,2,3,7,62.97,0.26,0,0,0,0
62.71,19,5311,US,0,0,2,75.94,0.83,0,0,0,0
37.09,13,5311,US,0,1,3,62.83,0.59,0,0,0,0
52.83,14,5812,US,0,0,2,142.6,0.37,0,0,0,0
31.93,13,5541,US,0,1,4,130.31,0.25,0,0,0,0
25.86,20,5814,US,0,0,2,60.78,0.43,0,0,0,0
19.14,11,5814,US,0,0,3,114.33,0.17,0,0,0,0
41.95,16,5814,US,1,5,8,97.88,0.43,0,0,0,0
28.9,10,4121,US,1,2,6,55.34,0.52,0,0,0,0
9.61,17,4121,US,0,1,3,108.46,0.09,0,0,0,0
36.65,11,5912,US,0,1,3,106.13,0.35,0,0,0,0
40.67,15,5732,US,0,1,3,87.5,0.46,0,0,1,0
20.59,16,4121,US,0,2,6,112.72,0.18,0,0,0,0
34.74,11,4121,US,0,0,1,57.74,0.6,0,0,0,0
48.6,8,5814,US,0,0,3,101.33,0.48,0,0,0,0
74.2,15,5541,US,0,2,4,119.89,0.62,0,0,0,0
19.55,12,5541,US,0,1,2,93.59,0.21,0,0,0,0
323.71,14,5732,US,1,2,5,123.18,2.63,0,0,1,0
5.79,13,5814,US,0,1,1,117.86,0.05,0,0,0,0
117.29,8,5814,US,0,1,5,120.05,0.98,0,0,0,0
191.32,9,5411,US,0,2,5,141.02,1.36,0,0,0,0
54.73,15,5732,US,3,5,8,72.03,0.76,0,0,1,0
9.57,10,5732,US,0,1,4,89.2,0.11,0,0,1,0
528.23,15,5732,US,7,22,21,65.04,8.12,0,0,1,1
32.79,19,5732,US,0,0,2,103.72,0.32,0,0,1,0
27.25,8,5814,US,1,3,5,132.95,0.2,0,0,0,0
2.99,20,5311,NG,9,30,43,72.36,0.04,1,0,0,1
6165.8,5,5732,CN,1,5,10,80.63,76.47,1,1,1,1
92.75,11,5814,US,0,0,2,57.15,1.62,0,0,0,0
1.48,0,5311,UA,5,29,50,83.99,0.02,1,1,0,1
8.71,5,4121,US,0,1,6,106.22,0.08,0,1,0,0
79.58,12,5814,US,1,1,2,96.35,0.83,0,0,0,0
29.11,16,5814,US,1,4,7,91.99,0.32,0,0,0,0
247.64,13,5912,US,0,0,5,83.93,2.95,0,0,0,0
15.35,23,5311,US,1,1,3,128.53,0.12,0,0,0,0
39.17,12,5912,US,0,2,4,116.85,0.34,0,0,0,0
13.55,19,5311,US,2,4,6,137.83,0.1,0,0,0,0
84.37,17,5732,US,0,1,4,82.05,1.03,0,0,1,0
35.77,13,5912,US,0,2,8,84.76,0.42,0,0,0,0
43.66,11,5541,US,0,0,2,77.85,0.56,0,0,0,0
42.23,23,5411,US,0,2,5,108.89,0.39,0,0,0,0
868.96,12,6051,RU,4,5,9,47.48,18.3,1,0,1,1
21.11,15,5732,US,0,1,3,53.64,0.39,0,0,1,0
86.32,14,5732,US,0,0,3,57.55,1.5,0,0,1,0
7.64,15,4121,US,0,0,1,52.98,0.14,0,0,0,0
28.36,17,4121,US,0,1,4,113.42,0.25,0,0,0,0
42.03,11,5411,US,0,1,3,120.68,0.35,0,0,0,0
17.71,13,5812,US,0,0,1,83.53,0.21,0,0,0,0
60.29,21,5814,US,1,1,3,82.33,0.73,0,0,0,0
720.17,13,5732,RO,8,10,22,73.54,9.79,1,0,1,1
14.55,9,5814,US,0,1,4,53.92,0.27,0,0,0,0
108.06,21,4121,US,0,0,3,128.29,0.84,0,0,0,0
10.71,9,4121,US,0,0,3,52.69,0.2,0,0,0,0
90.63,16,5814,US,1,1,4,90.84,1.0,0,0,0,0
9.24,11,5732,US,0,0,0,53.51,0.17,0,0,1,0
13.56,9,5411,US,0,0,2,99.49,0.14,0,0,0,0
150.04,9,4121,US,0,1,2,57.53,2.61,0,0,0,0
15.28,12,5814,US,0,0,4,96.21,0.16,0,0,0,0
37.34,12,5732,JP,1,1,2,127.19,0.29,1,0,1,0
61.56,21,5732,US,0,1,5,53.84,1.14,0,0,1,0
123.75,15,5814,US,2,2,2,139.41,0.89,0,0,0,0
50.09,11,5541,US,1,1,2,146.6,0.34,0,0,0,0
59.21,16,5541,US,0,3,6,86.44,0.68,0,0,0,0
23.73,8,5311,US,0,2,3,97.84,0.24,0,0,0,0
136.85,10,5814,US,0,0,4,54.46,2.51,0,0,0,0
77.37,16,5411,US,0,2,4,63.17,1.22,0,0,0,0
31.78,17,5814,US,0,0,0,84.93,0.37,0,0,0,0
21.84,10,5912,US,0,2,3,132.95,0.16,0,0,0,0
76.34,17,5912,US,0,1,4,117.97,0.65,0,0,0,0
90.09,20,5912,US,1,1,6,96.69,0.93,0,0,0,0
308.61,6,5732,US,0,0,2,61.7,5.0,0,0,1,0
204.71,19,4121,US,0,0,1,85.97,2.38,0,0,0,0
60.16,22,5411,US,0,1,2,132.93,0.45,0,0,0,0
47.73,17,5912,US,0,0,3,116.66,0.41,0,0,0,0
6.06,15,5541,US,0,1,7,67.89,0.09,0,0,0,0
59.33,18,5732,US,1,2,2,72.6,0.82,0,0,1,0
44.37,16,5732,GB,1,1,9,77.34,0.57,1,0,1,0
13.92,13,5812,US,1,3,6,112.89,0.12,0,0,0,0
34.2,7,5411,US,0,0,3,110.88,0.31,0,0,0,0
11.95,17,5732,US,0,1,2,107.94,0.11,0,0,1,0
206.98,10,5541,US,0,1,3,64.13,3.23,0,0,0,0
115.05,3,5732,US,1,5,8,60.87,1.89,0,1,1,0
40.07,17,5311,US,0,0,1,97.29,0.41,0,0,0,0
154.09,18,5311,US,1,1,1,99.31,1.55,0,0,0,0
27.18,10,5411,GB,0,0,1,102.3,0.27,1,0,0,0
66.18,11,5311,US,0,0,3,144.55,0.46,0,0,0,0
10.85,15,5732,US,0,1,3,108.15,0.1,0,0,1,0
135.96,11,4121,US,1,2,5,72.18,1.88,0,0,0,0
32.94,21,5812,US,0,1,5,102.32,0.32,0,0,0,0
100.63,15,5732,US,0,2,3,129.48,0.78,0,0,1,0
6.64,7,5732,US,1,2,8,59.72,0.11,0,0,1,0
2613.0,5,7995,CY,4,4,11,61.28,42.64,1,1,1,1
37.49,17,5912,US,0,0,4,93.28,0.4,0,0,0,0
19.8,18,5814,JP,0,0,2,129.34,0.15,1,0,0,0
32.83,16,5732,US,0,0,3,90.78,0.36,0,0,1,0
1.4,16,5311,US,5,11,24,67.21,0.02,0,0,0,1
63.86,12,5812,US,0,1,4,98.49,0.65,0,0,0,0
49.08,13,4121,US,0,0,4,138.91,0.35,0,0,0,0
32.35,10,5814,US,0,1,4,98.68,0.33,0,0,0,0
30.99,17,5411,DE,0,0,1,70.6,0.44,1,0,0,0
76.87,10,5311,US,0,0,1,82.76,0.93,0,0,0,0
8.86,6,5411,US,1,2,8,95.67,0.09,0,0,0,0
27.44,14,5812,US,0,1,9,60.98,0.45,0,0,0,0
11.26,11,5541,US,0,0,1,109.94,0.1,0,0,0,0
34.48,6,5311,US,0,1,3,104.85,0.33,0,0,0,0
24.08,14,5541,US,0,1,3,97.0,0.25,0,0,0,0
34.34,15,5814,US,0,1,4,73.99,0.46,0,0,0,0
97.48,11,4121,US,0,0,3,118.82,0.82,0,0,0,0
103.3,3,5912,US,0,1,9,106.43,0.97,0,1,0,0
21.1,16,5912,US,0,0,1,72.88,0.29,0,0,0,0
24.78,14,5732,DE,0,1,2,95.97,0.26,1,0,1,0
12.94,10,5311,US,0,0,1,101.68,0.13,0,0,0,0
14.14,11,5311,US,0,2,7,86.63,0.16,0,0,0,0
51.78,16,5814,US,0,1,4,148.55,0.35,0,0,0,0
22.8,17,5311,US,2,4,8,110.35,0.21,0,0,0,0
123.5,13,4121,US,0,0,5,88.92,1.39,0,0,0,0
457.77,21,4829,GB,6,17,18,97.09,4.71,1,0,1,1
66.21,13,5411,US,0,1,4,95.66,0.69,0,0,0,0
48.17,15,5732,US,0,0,3,142.23,0.34,0,0,1,0
101.11,13,5814,US,0,0,3,95.05,1.06,0,0,0,0
109.89,10,5541,US,0,2,4,115.85,0.95,0,0,0,0
98.43,12,5812,US,0,2,4,147.75,0.67,0,0,0,0
20.16,13,5311,US,0,1,4,80.81,0.25,0,0,0,0
26.55,15,5732,US,0,0,1,122.64,0.22,0,0,1,0
90.23,16,5732,US,0,1,4,141.68,0.64,0,0,1,0
279.44,19,4121,US,1,3,8,122.07,2.29,0,0,0,0
83.28,14,4121,US,0,1,4,62.39,1.33,0,0,0,0
52.51,17,5311,US,0,0,5,105.85,0.5,0,0,0,0
109.79,20,4121,US,0,0,3,92.69,1.18,0,0,0,0
30.54,8,5814,US,0,0,5,70.93,0.43,0,0,0,0
124.07,23,5732,US,0,3,6,139.38,0.89,0,0,1,0
50.46,15,5541,US,1,2,2,78.03,0.65,0,0,0,0
22.76,13,5541,US,0,0,2,53.37,0.43,0,0,0,0
18.86,14,5411,US,0,1,6,63.34,0.3,0,0,0,0
176.19,7,5732,US,0,1,1,138.33,1.27,0,0,1,0
118.91,15,5541,US,1,2,3,106.19,1.12,0,0,0,0
11.11,16,5912,US,0,1,3,99.82,0.11,0,0,0,0
194.73,10,5912,US,0,0,1,61.38,3.17,0,0,0,0
10.73,15,4121,GB,0,1,3,143.78,0.07,1,0,0,0
60.13,13,4121,US,0,0,1,89.36,0.67,0,0,0,0
28.85,14,5541,US,0,0,2,91.11,0.32,0,0,0,0
126.96,14,5411,US,0,0,1,67.39,1.88,0,0,0,0
403.0,12,4121,US,0,0,1,107.91,3.73,0,0,0,0
72.85,15,5411,US,0,1,6,97.59,0.75,0,0,0,0
485.92,3,6051,GB,9,11,33,78.28,6.21,1,1,1,1
57.41,12,5812,US,0,0,4,70.9,0.81,0,0,0,0
64.08,13,5732,US,2,4,6,58.63,1.09,0,0,1,0
6.62,9,5411,US,1,1,4,135.33,0.05,0,0,0,0
36.0,10,5411,US,0,1,2,62.83,0.57,0,0,0,0
76.0,17,5912,US,0,0,1,125.44,0.61,0,0,0,0
20.37,9,5814,US,0,0,2,146.19,0.14,0,0,0,0
1270.7,16,7995,NG,4,2,8,72.37,17.56,1,0,1,1
37.32,11,5812,US,0,0,4,105.72,0.35,0,0,0,0
50.3,13,5812,US,0,0,1,112.3,0.45,0,0,0,0
21.42,7,5732,US,0,1,2,97.23,0.22,0,0,1,0
552.33,5,4829,RO,7,19,30,93.61,5.9,1,1,1,1
25.11,12,5732,US,0,2,5,119.81,0.21,0,0,1,0
142.59,9,5812,US,0,2,6,79.81,1.79,0,0,0,0
54.93,9,5814,US,0,0,0,58.55,0.94,0,0,0,0
136.69,11,5411,US,0,1,6,141.02,0.97,0,0,0,0
58.18,13,5311,US,0,0,2,79.01,0.74,0,0,0,0
2179.9,22,5944,RU,2,5,10,75.34,28.93,1,0,1,1
5.59,8,5411,US,0,1,2,145.53,0.04,0,0,0,0
57.99,14,5411,DE,0,0,3,50.2,1.16,1,0,0,0
15.08,13,5541,US,0,0,2,88.05,0.17,0,0,0,0
33.76,11,4121,US,0,1,3,54.98,0.61,0,0,0,0
21.72,16,5814,US,0,1,4,148.88,0.15,0,0,0,0
51.78,18,5541,US,1,1,7,55.74,0.93,0,0,0,0
68.44,9,5812,US,0,1,2,63.77,1.07,0,0,0,0
15.38,19,4121,US,0,0,7,120.31,0.13,0,0,0,0
111.34,13,5411,US,0,2,4,95.37,1.17,0,0,0,0
44.99,17,5541,US,0,0,1,130.27,0.35,0,0,0,0
96.1,15,4121,US,0,1,2,78.3,1.23,0,0,0,0
98.08,18,5812,US,0,2,6,139.14,0.7,0,0,0,0
115.53,14,5311,US,0,1,2,94.72,1.22,0,0,0,0
173.44,13,5541,US,1,2,5,60.33,2.87,0,0,0,0
114.68,20,5411,US,0,0,3,58.06,1.98,0,0,0,0
77.16,17,4121,US,0,0,7,106.84,0.72,0,0,0,0
45.71,14,5541,US,1,2,5,118.78,0.38,0,0,0,0
181.74,21,4121,US,0,0,2,107.66,1.69,0,0,0,0
33.45,23,5732,CA,0,0,0,53.52,0.62,1,0,1,0
19.52,14,5814,US,0,0,1,107.92,0.18,0,0,0,0
64.95,12,5411,US,1,1,5,98.43,0.66,0,0,0,0
43.16,12,5732,US,0,0,1,122.02,0.35,0,0,1,0
80.23,12,4121,US,1,2,4,130.05,0.62,0,0,0,0
48.03,12,5541,US,0,1,7,93.68,0.51,0,0,0,0
40.45,13,5812,US,0,1,3,89.89,0.45,0,0,0,0
119.68,22,5812,US,0,1,3,80.11,1.49,0,0,0,0
29.86,12,4121,US,0,1,5,107.58,0.28,0,0,0,0
225.87,11,4121,US,1,1,4,99.55,2.27,0,0,0,0
46.65,20,5732,US,0,1,3,148.51,0.31,0,0,1,0
117.44,17,5814,US,2,5,5,126.76,0.93,0,0,0,0
65.75,15,4121,US,0,0,2,94.73,0.69,0,0,0,0
197.19,16,5311,US,0,0,1,137.66,1.43,0,0,0,0
1.09,17,5311,US,5,23,23,89.2,0.01,0,0,0,1
69.07,13,5541,US,1,3,5,143.82,0.48,0,0,0,0
66.46,13,5311,US,0,2,5,102.05,0.65,0,0,0,0
13.79,15,5311,US,0,1,1,110.36,0.12,0,0,0,0
29.88,4,5541,US,0,1,3,95.05,0.31,0,1,0,0
46.38,7,5541,US,0,2,7,117.22,0.4,0,0,0,0
2.72,0,5311,NG,12,22,22,75.86,0.04,1,1,0,1
29.76,11,5732,US,0,0,1,132.18,0.23,0,0,1,0
1.83,11,5311,NG,13,18,32,56.4,0.03,1,0,0,1
23.17,20,5912,US,0,1,3,127.97,0.18,0,0,0,0
46.62,21,5541,US,0,1,5,83.75,0.56,0,0,0,0
258.01,15,5814,US,0,2,3,58.92,4.38,0,0,0,0
3.76,12,5732,US,0,0,6,141.74,0.03,0,0,1,0
29.63,12,5812,US,0,1,3,148.42,0.2,0,0,0,0
28.06,13,5732,US,0,1,3,104.22,0.27,0,0,1,0
13.08,14,5411,JP,0,0,2,88.09,0.15,1,0,0,0
80.13,13,5912,FR,0,2,2,130.24,0.62,1,0,0,0
20.73,8,5812,US,0,0,4,140.7,0.15,0,0,0,0
44.12,11,5912,US,0,2,5,54.8,0.81,0,0,0,0
149.19,13,4121,US,0,1,4,52.68,2.83,0,0,0,0
241.4,17,5541,US,0,0,2,73.86,3.27,0,0,0,0
38.57,15,5732,US,0,0,1,134.77,0.29,0,0,1,0
58.81,11,4121,US,0,0,4,92.69,0.63,0,0,0,0
390.16,6,5912,US,0,1,3,149.64,2.61,0,0,0,0
37.85,11,5311,US,0,1,3,90.2,0.42,0,0,0,0
23.84,12,5541,US,2,2,5,143.39,0.17,0,0,0,0
108.56,12,5814,US,0,0,1,72.84,1.49,0,0,0,0
43.47,13,5541,US,0,0,1,147.35,0.3,0,0,0,0
243.94,15,5812,US,1,1,3,58.66,4.16,0,0,0,0
91.66,13,5814,US,0,1,6,98.22,0.93,0,0,0,0
89.82,15,5812,US,3,3,4,56.0,1.6,0,0,0,0
33.37,10,5732,US,1,2,5,55.59,0.6,0,0,1,0
41.97,20,5411,US,2,4,4,53.23,0.79,0,0,0,0
19.61,12,5732,US,1,1,1,90.96,0.22,0,0,1,0
782.53,1,6051,RO,10,18,28,90.32,8.66,1,1,1,1
41.66,16,5814,US,0,1,4,104.85,0.4,0,0,0,0
2.49,14,5311,UA,6,29,29,88.59,0.03,1,0,0,1
46.25,15,5411,US,1,2,4,110.48,0.42,0,0,0,0
34.95,13,5912,US,0,0,2,100.36,0.35,0,0,0,0
1.48,11,5311,US,6,22,41,97.18,0.02,0,0,0,1
43.4,8,4121,GB,0,2,4,101.55,0.43,1,0,0,0
44.24,9,5311,US,0,1,4,72.22,0.61,0,0,0,0
25.37,12,5411,US,0,1,2,130.55,0.19,0,0,0,0
85.92,10,5311,US,0,0,4,117.49,0.73,0,0,0,0
65.19,9,5541,US,0,1,3,88.31,0.74,0,0,0,0
79.83,23,4121,US,0,1,6,92.13,0.87,0,0,0,0
68.81,8,5912,US,0,0,2,80.43,0.86,0,0,0,0
21.3,23,5814,US,1,1,3,121.19,0.18,0,0,0,0
3.73,18,5732,US,0,0,3,100.71,0.04,0,0,1,0
96.67,15,5411,US,0,0,1,119.71,0.81,0,0,0,0
41.07,12,4121,US,0,1,4,126.85,0.32,0,0,0,0
271.59,7,6051,GB,10,25,20,68.18,3.98,1,0,1,1
81.81,16,5411,US,0,0,3,133.27,0.61,0,0,0,0
29.86,12,5541,US,0,1,3,125.81,0.24,0,0,0,0
32.85,12,5411,US,1,2,4,103.33,0.32,0,0,0,0
30.92,15,4121,US,0,0,4,109.42,0.28,0,0,0,0
171.05,19,5912,US,0,0,1,81.33,2.1,0,0,0,0
40.47,21,5541,US,0,0,3,69.66,0.58,0,0,0,0
16.16,13,5912,US,0,2,7,91.22,0.18,0,0,0,0
6.97,14,5812,US,0,0,2,148.26,0.05,0,0,0,0
50.56,15,5814,US,0,0,0,63.33,0.8,0,0,0,0
48.26,15,5541,US,0,1,7,101.18,0.48,0,0,0,0
57.64,14,5912,US,0,3,5,80.23,0.72,0,0,0,0
41.5,18,5732,US,0,0,3,124.39,0.33,0,0,1,0
13.7,12,5311,US,0,0,1,135.88,0.1,0,0,0,0
63.47,9,4121,US,1,3,4,94.39,0.67,0,0,0,0
29.11,17,5912,US,1,1,4,136.26,0.21,0,0,0,0
12.63,7,5732,US,0,2,6,133.13,0.09,0,0,1,0
15.95,16,5311,US,1,1,3,66.32,0.24,0,0,0,0
31.57,18,5912,US,0,0,1,143.84,0.22,0,0,0,0
20.91,11,5411,US,0,1,3,85.61,0.24,0,0,0,0
34.35,18,5732,US,0,0,3,121.8,0.28,0,0,1,0
13.18,15,5814,US,0,0,2,109.99,0.12,0,0,0,0
39.68,13,5732,US,1,2,8,134.11,0.3,0,0,1,0
8.09,12,5732,US,1,2,3,139.92,0.06,0,0,1,0
20.53,15,5732,US,0,0,4,55.01,0.37,0,0,1,0
55.28,19,5411,FR,0,0,5,117.22,0.47,1,0,0,0
14.49,11,5812,US,0,1,7,126.86,0.11,0,0,0,0
33.82,19,5311,US,0,4,8,138.65,0.24,0,0,0,0
42.91,12,5311,DE,0,1,3,80.0,0.54,1,0,0,0
44.99,18,5812,US,1,1,4,95.55,0.47,0,0,0,0
14.34,18,5814,US,1,1,2,118.48,0.12,0,0,0,0
72.15,17,5541,US,0,1,7,137.45,0.52,0,0,0,0
24.2,14,5311,US,0,1,4,62.4,0.39,0,0,0,0
237.69,22,5732,US,0,0,3,80.1,2.97,0,0,1,0
118.43,8,5311,US,0,0,3,58.27,2.03,0,0,0,0
21.88,18,5812,US,0,0,2,52.47,0.42,0,0,0,0
184.21,16,5541,US,0,0,2,95.36,1.93,0,0,0,0
2516.26,3,5944,CN,4,6,5,80.77,31.15,1,1,1,1
67.15,5,5411,US,1,2,5,80.35,0.84,0,1,0,0
25.63,13,5812,US,1,3,5,131.48,0.19,0,0,0,0
67.89,10,5912,US,0,1,2,148.12,0.46,0,0,0,0
64.48,14,5812,US,0,0,4,141.95,0.45,0,0,0,0
120.89,14,5411,US,0,1,2,83.33,1.45,0,0,0,0
44.35,14,4121,US,0,1,3,55.46,0.8,0,0,0,0
23.14,12,5814,US,0,1,3,93.82,0.25,0,0,0,0
119.49,9,5541,US,0,1,8,128.69,0.93,0,0,0,0
79.49,20,5411,US,0,0,3,139.8,0.57,0,0,0,0
79.1,12,5541,US,1,1,3,143.72,0.55,0,0,0,0
14.67,13,5812,US,0,0,1,64.17,0.23,0,0,0,0
47.13,17,5311,US,0,1,5,148.28,0.32,0,0,0,0
3.14,18,4121,GB,0,0,6,129.92,0.02,1,0,0,0
48.67,12,5311,US,0,0,4,110.98,0.44,0,0,0,0
38.15,14,5812,US,0,2,4,104.17,0.37,0,0,0,0
89.34,17,5912,US,0,0,3,95.88,0.93,0,0,0,0
21.07,10,5311,US,1,1,5,127.24,0.17,0,0,0,0
10.07,6,5541,US,0,2,7,111.4,0.09,0,0,0,0
20.29,11,5912,US,0,0,1,70.18,0.29,0,0,0,0
956.22,18,5814,US,0,0,3,122.48,7.81,0,0,0,0
3.46,20,5311,UA,5,28,35,67.76,0.05,1,0,0,1
99.62,14,5411,US,1,1,4,77.86,1.28,0,0,0,0
300.51,10,5812,GB,1,1,3,56.01,5.37,1,0,0,0
17.09,15,5912,US,0,1,4,106.75,0.16,0,0,0,0
25.47,18,5812,US,1,2,4,133.25,0.19,0,0,0,0
95.16,13,5311,US,0,0,3,125.96,0.76,0,0,0,0
83.24,15,5411,US,0,0,0,114.13,0.73,0,0,0,0
89.76,10,5732,US,0,1,2,78.71,1.14,0,0,1,0
26.29,11,5411,US,0,0,1,107.94,0.24,0,0,0,0
42.88,10,5541,US,0,1,6,148.55,0.29,0,0,0,0
11.67,15,5912,US,0,0,3,52.93,0.22,0,0,0,0
49.51,8,5732,US,0,0,3,66.95,0.74,0,0,1,0
19.53,13,5541,US,0,1,5,127.18,0.15,0,0,0,0
35.41,14,5812,US,0,0,1,138.73,0.26,0,0,0,0
27.36,14,5814,US,0,2,3,132.06,0.21,0,0,0,0
72.41,15,4121,US,0,2,6,95.25,0.76,0,0,0,0
88.47,14,5411,US,0,0,2,103.55,0.85,0,0,0,0
66.46,13,5812,US,0,1,2,109.84,0.61,0,0,0,0
68.26,13,5411,US,0,0,1,68.24,1.0,0,0,0,0
17.87,11,5311,US,0,1,4,95.95,0.19,0,0,0,0
9.39,15,5411,US,0,1,5,128.19,0.07,0,0,0,0
118.11,10,5541,US,0,1,5,91.18,1.3,0,0,0,0
55.3,16,5311,US,0,1,2,122.72,0.45,0,0,0,0
12.55,15,5814,US,0,1,1,136.88,0.09,0,0,0,0
59.34,19,4121,US,0,0,4,127.19,0.47,0,0,0,0
155.29,14,4121,US,0,1,5,141.05,1.1,0,0,0,0
95.74,18,5411,US,0,0,4,105.67,0.91,0,0,0,0
18.46,12,4121,US,0,2,4,87.41,0.21,0,0,0,0
69.65,13,5912,US,0,1,2,101.7,0.68,0,0,0,0
99.09,20,4121,US,0,0,3,76.24,1.3,0,0,0,0
72.77,13,5311,US,0,0,3,124.41,0.58,0,0,0,0
56.67,17,5411,US,1,1,4,119.49,0.47,0,0,0,0
29.73,16,5732,US,0,0,1,113.84,0.26,0,0,1,0
26.77,12,5912,US,1,2,6,85.33,0.31,0,0,0,0
34.66,17,5812,US,0,3,7,133.22,0.26,0,0,0,0
32.26,17,5812,US,0,1,2,59.71,0.54,0,0,0,0
30.18,15,4121,US,0,1,3,69.84,0.43,0,0,0,0
32.73,16,5912,US,0,0,3,118.99,0.28,0,0,0,0
157.81,9,5944,US,4,13,29,77.21,2.04,0,0,1,1
59.96,11,5732,US,0,1,4,76.58,0.78,0,0,1,0
454.87,12,5732,US,4,17,28,53.8,8.45,0,0,1,1
43.18,12,5311,US,1,1,3,137.94,0.31,0,0,0,0
19.61,13,5411,US,0,0,1,53.96,0.36,0,0,0,0
32.16,23,5814,US,1,1,3,146.58,0.22,0,0,0,0
554.16,13,5732,RO,6,22,16,73.69,7.52,1,0,1,1
93.92,23,5541,US,0,1,2,51.24,1.83,0,0,0,0
73.29,16,5912,US,1,1,4,91.2,0.8,0,0,0,0
22.98,23,5814,US,0,0,4,134.49,0.17,0,0,0,0
50.41,18,5411,US,0,0,0,79.55,0.63,0,0,0,0
63.71,9,4121,US,0,1,5,94.81,0.67,0,0,0,0
37.71,11,5732,US,1,1,2,133.18,0.28,0,0,1,0
16.56,16,5311,US,0,1,4,102.04,0.16,0,0,0,0
24.8,18,5812,US,0,3,6,144.04,0.17,0,0,0,0
177.22,8,5812,US,0,2,7,51.98,3.41,0,0,0,0
44.06,11,5812,US,0,0,4,58.5,0.75,0,0,0,0
25.48,14,5311,US,0,1,1,138.21,0.18,0,0,0,0
9.5,14,5814,JP,1,3,6,52.4,0.18,1,0,0,0
44.48,11,5814,US,0,2,6,136.41,0.33,0,0,0,0
91.4,12,5411,US,0,1,4,144.06,0.63,0,0,0,0
163.9,13,5411,US,0,1,4,86.71,1.89,0,0,0,0
13.93,13,5732,US,1,2,3,94.41,0.15,0,0,1,0
28.45,12,5814,US,0,1,4,84.9,0.34,0,0,0,0
28.75,12,5814,US,1,1,3,50.6,0.57,0,0,0,0
20.95,19,5732,US,1,4,5,120.6,0.17,0,0,1,0
58.01,10,5814,US,1,3,6,50.06,1.16,0,0,0,0
137.9,16,5541,US,0,1,3,93.53,1.47,0,0,0,0
51.48,22,5541,US,0,0,6,61.83,0.83,0,0,0,0
35.89,10,5411,US,0,2,4,50.44,0.71,0,0,0,0
24.3,13,4121,US,0,2,3,147.6,0.16,0,0,0,0
39.24,13,5912,US,0,0,1,114.02,0.34,0,0,0,0
83.79,12,5311,US,0,1,5,80.97,1.03,0,0,0,0
89.91,14,5814,US,0,1,3,63.83,1.41,0,0,0,0
112.57,8,4121,US,0,1,2,144.63,0.78,0,0,0,0
37.71,16,5411,US,0,2,5,91.12,0.41,0,0,0,0
15.1,10,5812,US,0,0,4,135.77,0.11,0,0,0,0
5.73,19,5814,US,0,1,2,132.3,0.04,0,0,0,0
34.51,15,5812,US,0,1,3,147.66,0.23,0,0,0,0
19.36,13,5311,US,0,0,2,111.37,0.17,0,0,0,0
25.47,12,5912,US,0,1,3,149.29,0.17,0,0,0,0
101.34,15,5812,US,0,0,3,116.92,0.87,0,0,0,0
69.38,15,5732,US,0,1,5,65.36,1.06,0,0,1,0
30.59,8,5311,US,0,1,2,142.22,0.22,0,0,0,0
120.05,18,5812,US,0,0,1,82.36,1.46,0,0,0,0
132.15,14,5912,US,1,1,3,131.9,1.0,0,0,0,0
62.67,6,4121,US,0,0,1,129.0,0.49,0,0,0,0
200.27,15,5541,US,0,0,3,144.66,1.38,0,0,0,0
60.61,14,5912,US,0,0,3,54.75,1.11,0,0,0,0
56.74,10,5812,US,1,1,2,112.32,0.51,0,0,0,0
26.2,10,5541,US,0,1,6,62.54,0.42,0,0,0,0
8.06,17,4121,US,0,0,0,85.24,0.09,0,0,0,0
152.07,14,5541,US,0,0,0,75.21,2.02,0,0,0,0
10.02,12,5732,CA,0,0,2,120.53,0.08,1,0,1,0
32.84,17,5912,US,0,0,0,91.2,0.36,0,0,0,0
106.01,21,5311,US,0,0,2,54.34,1.95,0,0,0,0
17.09,17,5912,US,0,1,2,57.53,0.3,0,0,0,0
4211.74,2,6051,UA,2,4,7,98.95,42.56,1,1,1,1
31.18,7,5541,US,0,0,4,53.13,0.59,0,0,0,0
770.73,16,4829,RO,9,13,29,50.05,15.4,1,0,1,1
3240.16,9,4829,CN,3,3,11,82.48,39.28,1,0,1,1
17.8,14,5814,US,0,1,2,147.54,0.12,0,0,0,0
32.56,10,5732,US,0,0,1,62.23,0.52,0,0,1,0
352.32,18,5411,US,0,1,1,84.75,4.16,0,0,0,0
28.58,12,5912,US,0,2,5,123.19,0.23,0,0,0,0
103.68,9,5732,US,1,2,3,56.03,1.85,0,0,1,0
87.18,13,5732,US,1,2,3,132.45,0.66,0,0,1,0
29.04,11,5814,US,0,0,1,94.23,0.31,0,0,0,0
194.68,19,5541,US,0,2,4,120.74,1.61,0,0,0,0
260.18,14,5912,US,0,0,0,95.09,2.74,0,0,0,0
106.3,9,5311,US,0,1,5,106.8,1.0,0,0,0,0
54.92,18,5541,US,0,0,2,120.98,0.45,0,0,0,0
99.93,15,5411,US,0,1,4,144.36,0.69,0,0,0,0
57.91,14,5311,US,1,1,5,101.53,0.57,0,0,0,0
11.45,9,5411,US,0,1,3,68.2,0.17,0,0,0,0
99.34,12,4121,JP,0,0,2,93.44,1.06,1,0,0,0
119.99,10,5541,JP,0,1,2,126.9,0.95,1,0,0,0
142.24,9,5912,US,0,0,1,99.21,1.43,0,0,0,0
128.25,22,5541,US,0,0,0,98.92,1.3,0,0,0,0
5.77,13,5411,US,0,0,2,105.81,0.05,0,0,0,0
63.29,21,5912,US,0,0,4,134.76,0.47,0,0,0,0
9.94,12,5814,US,0,0,3,129.73,0.08,0,0,0,0
62.64,14,5814,US,1,1,2,109.22,0.57,0,0,0,0
91.91,16,4121,GB,0,1,7,96.27,0.95,1,0,0,0
63.35,8,5311,US,1,2,4,118.53,0.53,0,0,0,0
32.22,17,5814,US,0,0,2,91.66,0.35,0,0,0,0
18.59,21,5732,US,0,0,5,99.02,0.19,0,0,1,0
67.02,11,5411,US,0,0,4,106.26,0.63,0,0,0,0
2.61,16,5311,NG,8,10,43,66.47,0.04,1,0,0,1
20.69,11,5732,US,0,1,5,63.85,0.32,0,0,1,0
74.99,14,5814,US,1,2,4,121.75,0.62,0,0,0,0
7.91,13,5311,US,0,1,5,139.45,0.06,0,0,0,0
862.71,7,6051,RO,8,19,38,92.26,9.35,1,0,1,1
20.23,15,5812,US,0,2,3,100.49,0.2,0,0,0,0
23.23,14,5541,US,0,1,2,73.01,0.32,0,0,0,0
108.39,13,5814,US,0,1,1,139.5,0.78,0,0,0,0
34.03,11,5541,US,0,0,3,53.41,0.64,0,0,0,0
83.19,11,5732,US,0,1,1,92.44,0.9,0,0,1,0
141.62,7,5541,US,0,0,3,109.5,1.29,0,0,0,0
75.1,17,5411,US,1,1,3,124.54,0.6,0,0,0,0
51.05,4,5912,US,0,0,1,85.54,0.6,0,1,0,0
38.39,15,5411,US,1,1,3,149.34,0.26,0,0,0,0
15.29,15,5311,US,0,0,1,74.92,0.2,0,0,0,0
56.47,10,5812,US,0,0,3,112.12,0.5,0,0,0,0
43.85,9,5411,US,0,2,4,104.48,0.42,0,0,0,0
15.09,11,5541,US,0,0,4,107.53,0.14,0,0,0,0
41.28,12,5814,US,0,3,4,76.77,0.54,0,0,0,0
26.72,9,5541,US,0,1,3,136.94,0.2,0,0,0,0
34.76,20,5411,US,0,1,8,89.72,0.39,0,0,0,0
16.62,18,5812,US,0,1,3,57.35,0.29,0,0,0,0
5.7,16,5411,US,0,0,1,144.48,0.04,0,0,0,0
58.17,16,5814,US,0,0,2,62.11,0.94,0,0,0,0
16.7,17,5912,US,0,1,4,81.22,0.21,0,0,0,0
92.9,15,5812,US,0,1,4,75.11,1.24,0,0,0,0
34.88,13,5541,US,0,2,4,130.18,0.27,0,0,0,0
249.66,15,5912,US,0,2,4,126.5,1.97,0,0,0,0
29.61,5,5912,US,0,0,0,145.6,0.2,0,1,0,0
123.97,11,5814,US,0,0,5,124.47,1.0,0,0,0,0
81.21,10,5912,US,0,0,5,54.29,1.5,0,0,0,0
31.83,16,5912,US,0,0,5,143.74,0.22,0,0,0,0
23.91,15,5912,US,0,1,2,74.69,0.32,0,0,0,0
16.78,12,4121,US,0,2,7,98.33,0.17,0,0,0,0
10.27,11,5411,US,0,1,7,50.19,0.2,0,0,0,0
159.72,10,5732,US,0,1,2,79.19,2.02,0,0,1,0
49.93,13,5411,US,1,3,9,51.03,0.98,0,0,0,0
42.76,12,5732,US,0,1,7,145.51,0.29,0,0,1,0
72.25,11,4121,US,1,2,4,133.27,0.54,0,0,0,0
103.43,12,5814,US,0,0,2,142.99,0.72,0,0,0,0
28.1,11,5912,US,1,2,6,100.11,0.28,0,0,0,0
164.27,10,5311,US,1,3,6,93.78,1.75,0,0,0,0
24.9,12,5812,US,0,3,8,58.52,0.43,0,0,0,0
6.11,8,5732,US,0,1,4,73.79,0.08,0,0,1,0
1.44,12,5311,US,10,26,28,71.14,0.02,0,0,0,1
114.58,14,5541,US,0,0,2,111.75,1.03,0,0,0,0
7937.84,0,5732,RU,1,4,8,74.63,106.36,1,1,1,1
147.06,14,5541,US,1,3,6,73.94,1.99,0,0,0,0
38.16,20,5311,US,0,1,6,65.13,0.59,0,0,0,0
219.48,19,5912,US,0,1,5,61.91,3.55,0,0,0,0
92.53,12,5411,US,1,1,4,136.05,0.68,0,0,0,0
30.49,11,5812,US,0,2,5,82.42,0.37,0,0,0,0
89.96,19,5311,US,0,0,2,88.05,1.02,0,0,0,0
20.03,19,5411,US,0,0,1,100.68,0.2,0,0,0,0
51.42,13,5812,US,2,3,8,107.74,0.48,0,0,0,0
23.55,13,5912,US,0,1,3,122.69,0.19,0,0,0,0
25.39,17,5541,US,0,1,3,100.34,0.25,0,0,0,0
31.52,14,4121,US,0,1,4,84.11,0.37,0,0,0,0
34.82,17,5812,GB,0,1,1,51.04,0.68,1,0,0,0
45.57,18,5814,US,1,2,6,146.16,0.31,0,0,0,0
52.25,11,5541,US,1,2,4,108.29,0.48,0,0,0,0
24.11,18,5814,US,1,2,2,112.33,0.21,0,0,0,0
96.13,8,5912,US,0,0,2,96.58,1.0,0,0,0,0
18.1,17,5812,US,0,1,1,149.08,0.12,0,0,0,0
26.6,13,5311,US,0,0,3,55.2,0.48,0,0,0,0
65.75,10,5732,JP,0,0,4,72.54,0.91,1,0,1,0
17.56,12,4121,US,1,3,4,95.13,0.18,0,0,0,0
175.83,21,5732,US,0,0,0,93.09,1.89,0,0,1,0
37.08,13,5732,US,0,0,3,143.73,0.26,0,0,1,0
30.71,7,5812,US,0,4,5,133.38,0.23,0,0,0,0
28.56,14,5912,US,1,3,8,132.17,0.22,0,0,0,0
28.58,9,5912,US,0,0,4,65.5,0.44,0,0,0,0
59.76,21,5912,US,0,0,1,108.51,0.55,0,0,0,0
34.29,12,5814,US,0,1,4,90.28,0.38,0,0,0,0
104.75,15,5732,US,0,1,3,102.02,1.03,0,0,1,0
61.48,12,5732,US,1,2,5,125.21,0.49,0,0,1,0
127.81,13,5311,US,0,3,6,119.15,1.07,0,0,0,0
34.89,11,5812,US,0,1,3,73.6,0.47,0,0,0,0
31.88,10,5411,US,0,0,3,136.81,0.23,0,0,0,0
35.78,18,5732,US,0,2,11,72.17,0.5,0,0,1,0
116.16,15,4121,US,0,1,3,59.43,1.95,0,0,0,0
43.77,23,5541,US,1,1,5,87.71,0.5,0,0,0,0
185.84,16,5411,US,1,2,6,80.83,2.3,0,0,0,0
13.35,7,4121,US,0,0,2,85.9,0.16,0,0,0,0
81.97,14,5541,US,1,2,5,91.25,0.9,0,0,0,0
161.44,15,5541,US,0,1,3,109.32,1.48,0,0,0,0
51.07,17,5311,US,0,1,4,122.1,0.42,0,0,0,0
25.87,7,5732,US,1,2,6,114.54,0.23,0,0,1,0
43.3,19,5411,US,0,1,2,93.32,0.46,0,0,0,0
201.07,11,5541,US,0,1,5,52.32,3.84,0,0,0,0
18.26,13,5311,US,1,1,7,90.62,0.2,0,0,0,0
72.93,13,5411,US,0,2,4,137.54,0.53,0,0,0,0
121.09,11,5814,US,0,1,6,57.37,2.11,0,0,0,0
238.37,13,5814,US,0,2,5,87.81,2.71,0,0,0,0
12.1,14,5912,US,0,0,1,83.59,0.14,0,0,0,0
123.01,16,5541,JP,0,1,2,105.11,1.17,1,0,0,0
7.25,15,5912,JP,0,1,1,75.58,0.1,1,0,0,0
8.28,13,5541,US,1,2,5,123.74,0.07,0,0,0,0
37.41,8,5541,US,0,5,8,96.83,0.39,0,0,0,0
39.64,16,5812,US,0,0,5,124.04,0.32,0,0,0,0
65.13,16,5732,US,0,0,4,62.46,1.04,0,0,1,0
113.89,11,5812,US,0,0,1,126.73,0.9,0,0,0,0
85.68,8,5732,US,0,0,1,104.66,0.82,0,0,1,0
62.37,21,5311,US,1,1,3,51.59,1.21,0,0,0,0
20.24,8,5541,US,0,1,1,56.01,0.36,0,0,0,0
32.12,10,5814,US,1,4,8,57.08,0.56,0,0,0,0
27.49,16,5812,US,0,1,3,131.57,0.21,0,0,0,0
97.38,16,5411,US,0,1,5,95.65,1.02,0,0,0,0
16.2,10,5411,US,0,0,6,58.61,0.28,0,0,0,0
49.44,6,5411,US,0,1,2,54.23,0.91,0,0,0,0
85.53,17,5812,US,0,0,6,102.85,0.83,0,0,0,0
17.72,9,5732,CA,0,2,3,112.46,0.16,1,0,1,0
29.16,16,5311,CA,0,1,2,53.73,0.54,1,0,0,0
55.53,17,5812,US,0,0,3,139.85,0.4,0,0,0,0
31.45,12,5541,US,0,1,3,85.06,0.37,0,0,0,0
15.51,8,5912,US,0,1,2,131.08,0.12,0,0,0,0
24.27,12,4121,US,0,0,5,74.48,0.33,0,0,0,0
409.54,16,5814,US,0,1,3,56.73,7.22,0,0,0,0
45.14,23,4121,FR,0,0,4,70.88,0.64,1,0,0,0
87.95,16,4121,US,0,2,4,97.52,0.9,0,0,0,0
20.21,13,5732,US,0,0,4,121.21,0.17,0,0,1,0
187.3,3,5541,US,0,1,5,90.88,2.06,0,1,0,0
46.62,19,5912,US,0,0,1,71.44,0.65,0,0,0,0
9.23,12,4121,US,0,1,6,119.01,0.08,0,0,0,0
18.34,14,4121,US,0,0,3,133.29,0.14,0,0,0,0
315.77,15,5732,GB,9,15,23,74.0,4.27,1,0,1,1
61.57,14,5814,US,0,1,5,70.68,0.87,0,0,0,0
51.06,8,5411,US,0,1,6,104.98,0.49,0,0,0,0
165.64,20,4121,US,0,0,4,63.99,2.59,0,0,0,0
77.29,14,4121,US,0,1,1,84.22,0.92,0,0,0,0
24.61,12,4121,US,0,3,6,91.36,0.27,0,0,0,0
138.66,10,5732,US,1,3,5,86.57,1.6,0,0,1,0
145.24,17,4121,US,0,0,2,73.1,1.99,0,0,0,0
26.13,13,5311,US,0,1,4,130.69,0.2,0,0,0,0
61.36,14,5411,US,0,0,3,123.24,0.5,0,0,0,0
110.3,14,5912,US,0,1,2,59.45,1.86,0,0,0,0
23.01,19,5411,US,0,0,3,80.24,0.29,0,0,0,0
25.03,12,5411,US,1,2,4,136.65,0.18,0,0,0,0
24.55,7,5732,US,0,0,2,131.97,0.19,0,0,1,0
46.37,14,5541,US,1,1,3,68.84,0.67,0,0,0,0
35.84,13,4121,US,0,0,1,85.51,0.42,0,0,0,0
325.85,11,5912,US,0,3,4,108.92,2.99,0,0,0,0
17.3,15,5541,US,0,3,5,112.95,0.15,0,0,0,0
35.7,15,5812,US,1,1,4,70.64,0.51,0,0,0,0
88.77,12,5411,US,0,1,4,90.99,0.98,0,0,0,0
64.0,12,5732,US,0,2,5,52.2,1.23,0,0,1,0
423.25,6,5311,US,0,0,2,79.09,5.35,0,0,0,0
47.24,22,5814,US,0,0,5,85.93,0.55,0,0,0,0
43.29,10,5814,US,0,0,2,92.61,0.47,0,0,0,0
53.68,19,5541,US,2,2,6,146.35,0.37,0,0,0,0
51.21,17,5812,US,1,3,6,100.99,0.51,0,0,0,0
30.99,20,5732,US,0,0,3,139.18,0.22,0,0,1,0
74.06,8,5912,US,1,3,7,82.47,0.9,0,0,0,0
16.14,10,5812,US,2,2,5,113.17,0.14,0,0,0,0
52.3,16,5912,US,0,0,1,114.6,0.46,0,0,0,0
39.23,14,5812,US,0,2,4,88.1,0.45,0,0,0,0
50.73,15,5732,FR,0,2,5,138.2,0.37,1,0,1,0
29.2,9,5541,US,0,1,2,116.69,0.25,0,0,0,0
11.53,13,5732,US,0,1,4,69.75,0.17,0,0,1,0
37.93,19,5311,US,1,2,3,63.62,0.6,0,0,0,0
9.39,20,5541,US,1,4,8,106.67,0.09,0,0,0,0
17.31,12,5411,US,0,1,2,111.75,0.15,0,0,0,0
45.52,15,5814,US,0,3,4,127.22,0.36,0,0,0,0
118.38,15,5814,US,1,2,6,81.48,1.45,0,0,0,0
11.6,9,5814,US,1,1,5,89.77,0.13,0,0,0,0
39.48,13,5812,US,0,1,3,98.46,0.4,0,0,0,0
96.37,13,5541,US,0,1,2,100.06,0.96,0,0,0,0
47.09,9,5814,US,0,0,2,80.18,0.59,0,0,0,0
65.74,19,5912,US,0,0,1,139.61,0.47,0,0,0,0
47.85,12,5732,US,0,2,3,111.13,0.43,0,0,1,0
20.37,20,5541,US,0,3,8,76.38,0.27,0,0,0,0
69.33,12,5311,US,0,2,3,68.35,1.01,0,0,0,0
21.02,17,5912,US,1,1,4,61.03,0.34,0,0,0,0
8.09,16,5732,US,0,1,2,126.12,0.06,0,0,1,0
21.65,13,5541,US,1,1,1,140.13,0.15,0,0,0,0
47.92,11,4121,US,0,3,4,126.81,0.38,0,0,0,0
79.26,6,4121,US,0,1,1,136.72,0.58,0,0,0,0
42.67,10,5732,US,0,0,1,132.41,0.32,0,0,1,0
65.63,14,5411,FR,1,1,2,80.72,0.81,1,0,0,0
70.5,10,5732,US,0,1,3,102.53,0.69,0,0,1,0
91.52,15,5814,US,0,1,2,122.55,0.75,0,0,0,0
71.91,7,5311,US,0,2,5,148.01,0.49,0,0,0,0
24.2,9,5812,US,0,0,3,144.24,0.17,0,0,0,0
16.88,15,4121,US,1,1,2,50.92,0.33,0,0,0,0
28.97,8,5912,US,0,0,2,62.05,0.47,0,0,0,0
41.72,15,5812,US,0,1,3,100.66,0.41,0,0,0,0
15.8,12,5411,US,0,0,2,143.43,0.11,0,0,0,0
75.99,15,5814,US,0,3,4,124.06,0.61,0,0,0,0
38.07,12,5912,US,0,0,2,125.0,0.3,0,0,0,0
181.45,11,5814,US,0,2,8,52.05,3.49,0,0,0,0
37.99,6,5541,US,0,3,8,100.15,0.38,0,0,0,0
36.39,13,5541,US,0,1,5,117.07,0.31,0,0,0,0
39.03,16,5912,US,0,0,5,148.32,0.26,0,0,0,0
47.54,19,5812,US,1,1,4,60.92,0.78,0,0,0,0
24.42,14,5732,US,0,0,3,64.0,0.38,0,0,1,0
16.51,13,5411,US,0,1,5,113.06,0.15,0,0,0,0
35.79,16,5541,US,0,1,1,101.66,0.35,0,0,0,0
108.4,10,5814,US,0,0,2,61.28,1.77,0,0,0,0
18.38,12,5732,US,0,0,2,65.48,0.28,0,0,1,0
12.53,13,5732,US,0,0,3,54.26,0.23,0,0,1,0
26.5,12,5732,US,0,0,4,116.62,0.23,0,0,1,0
106.09,8,5814,US,0,0,2,101.44,1.05,0,0,0,0
50.08,14,5541,US,1,2,6,113.31,0.44,0,0,0,0
37.75,14,5732,US,0,1,2,106.9,0.35,0,0,1,0
179.84,10,7995,RO,10,15,26,95.02,1.89,1,0,1,1
27.99,11,5732,US,1,2,3,136.61,0.2,0,0,1,0
22.83,7,5812,US,0,3,4,85.97,0.27,0,0,0,0
36.42,18,5812,US,0,0,6,124.68,0.29,0,0,0,0
45.37,20,5541,US,0,2,4,109.17,0.42,0,0,0,0
39.15,10,5311,US,0,0,4,99.81,0.39,0,0,0,0
53.69,10,5311,US,0,2,3,65.01,0.83,0,0,0,0
48.99,12,5812,US,0,0,3,128.39,0.38,0,0,0,0
41.62,13,5311,US,0,3,5,114.95,0.36,0,0,0,0
42.95,18,5541,US,0,1,4,126.76,0.34,0,0,0,0
57.25,10,5912,US,0,3,5,108.77,0.53,0,0,0,0
50.01,17,5311,US,0,1,4,107.38,0.47,0,0,0,0
82.95,18,5812,US,0,1,1,52.88,1.57,0,0,0,0
524.12,13,5944,US,9,15,18,93.62,5.6,0,0,1,1
36.82,17,5311,US,1,2,2,91.1,0.4,0,0,0,0
67.27,11,5541,US,1,2,6,139.62,0.48,0,0,0,0
31.89,15,5814,US,2,4,7,73.0,0.44,0,0,0,0
99.3,9,5541,US,0,0,0,94.89,1.05,0,0,0,0
43.71,13,5912,US,0,0,2,112.67,0.39,0,0,0,0
50.64,14,5541,US,0,0,2,125.59,0.4,0,0,0,0
39.5,17,5311,US,0,1,4,116.95,0.34,0,0,0,0
19.37,12,5311,US,0,1,2,121.48,0.16,0,0,0,0
18.93,15,5311,US,0,0,1,108.43,0.17,0,0,0,0
35.31,8,4121,US,1,2,4,88.77,0.4,0,0,0,0
84.62,14,5912,US,0,1,2,90.71,0.93,0,0,0,0
48.19,12,5411,US,0,0,1,76.56,0.63,0,0,0,0
123.51,17,5732,US,0,0,0,103.81,1.19,0,0,1,0
40.92,6,5912,US,0,0,3,100.7,0.41,0,0,0,0
63.23,13,4121,US,0,0,3,97.67,0.65,0,0,0,0
41.26,15,5814,US,0,1,4,85.08,0.48,0,0,0,0
37.67,6,5912,US,0,2,4,85.52,0.44,0,0,0,0
111.26,11,5411,CA,1,2,2,139.39,0.8,1,0,0,0
12.87,11,5912,US,0,0,5,143.35,0.09,0,0,0,0
38.21,9,5311,US,0,3,5,130.79,0.29,0,0,0,0
86.86,14,5812,US,1,1,3,77.84,1.12,0,0,0,0
50.84,18,5912,US,0,0,8,113.73,0.45,0,0,0,0
115.26,13,5732,US,0,0,2,148.01,0.78,0,0,1,0
12.62,17,5912,US,1,2,11,80.31,0.16,0,0,0,0
272.5,17,5732,US,0,1,6,57.74,4.72,0,0,1,0
49.86,15,5812,US,0,2,2,142.51,0.35,0,0,0,0
23.14,7,5732,US,0,0,1,61.17,0.38,0,0,1,0
66.79,15,5814,US,0,0,0,95.34,0.7,0,0,0,0
17.35,17,5541,US,0,0,3,142.31,0.12,0,0,0,0
14.61,18,4121,US,0,1,2,140.44,0.1,0,0,0,0
50.08,14,5812,US,0,0,1,116.52,0.43,0,0,0,0
26.86,20,5411,US,1,2,4,131.12,0.2,0,0,0,0
67.93,12,5812,US,0,1,6,101.19,0.67,0,0,0,0
17.36,8,4121,US,0,0,3,64.04,0.27,0,0,0,0
26.0,20,5732,US,0,0,3,89.0,0.29,0,0,1,0
29.0,9,5541,US,1,2,2,60.51,0.48,0,0,0,0
61.32,7,5732,US,0,1,2,54.02,1.14,0,0,1,0
314.68,10,5411,US,0,0,0,138.78,2.27,0,0,0,0
42.29,18,5411,US,0,1,4,61.54,0.69,0,0,0,0
55.54,16,5812,US,1,3,7,111.8,0.5,0,0,0,0
529.86,16,5912,US,0,1,2,112.74,4.7,0,0,0,0
45.12,16,5311,US,0,0,3,73.06,0.62,0,0,0,0
116.44,18,5311,US,1,1,3,62.92,1.85,0,0,0,0
2.5,11,5541,US,0,1,4,50.93,0.05,0,0,0,0
18.42,12,5732,US,1,1,5,138.57,0.13,0,0,1,0
383.73,17,5732,US,1,1,3,115.09,3.33,0,0,1,0
46.11,18,5812,GB,0,4,4,100.52,0.46,1,0,0,0
98.7,8,5814,US,0,2,2,51.3,1.92,0,0,0,0
29.38,14,5814,US,0,1,4,132.77,0.22,0,0,0,0
89.44,18,4121,US,0,1,4,59.21,1.51,0,0,0,0
24.39,23,5814,JP,0,1,3,79.15,0.31,1,0,0,0
45.41,19,5732,US,1,1,4,101.87,0.45,0,0,1,0
37.75,17,5814,US,1,1,4,110.81,0.34,0,0,0,0
95.67,10,4121,US,0,1,3,93.0,1.03,0,0,0,0
53.35,17,5912,CA,1,4,5,120.3,0.44,1,0,0,0
24.82,14,5311,US,0,3,8,131.27,0.19,0,0,0,0
21.96,20,5812,US,0,3,6,80.86,0.27,0,0,0,0
40.4,13,4121,CA,0,1,4,66.41,0.61,1,0,0,0
220.6,19,5411,US,0,1,3,94.71,2.33,0,0,0,0
30.76,14,5732,US,0,0,2,126.02,0.24,0,0,1,0
50.97,13,5311,US,0,1,2,59.39,0.86,0,0,0,0
80.65,15,5732,US,0,0,2,106.68,0.76,0,0,1,0
44.56,8,5411,US,0,4,8,135.44,0.33,0,0,0,0
26.09,20,5541,US,1,1,6,75.4,0.35,0,0,0,0
124.01,19,4121,US,0,0,3,90.49,1.37,0,0,0,0
34.18,18,5411,US,0,1,2,115.92,0.29,0,0,0,0
146.82,10,4121,US,0,0,1,71.07,2.07,0,0,0,0
15.85,11,4121,US,0,2,2,125.71,0.13,0,0,0,0
2877.13,20,6051,RU,3,5,11,60.49,47.56,1,0,1,1
115.66,9,5912,US,0,1,3,76.63,1.51,0,0,0,0
56.77,16,5541,US,0,3,9,134.89,0.42,0,0,0,0
23.74,15,5732,US,0,1,3,101.69,0.23,0,0,1,0
12.11,14,5411,US,1,2,3,77.97,0.16,0,0,0,0
24.55,10,5411,US,0,0,3,113.53,0.22,0,0,0,0
42.65,16,5411,US,0,0,3,98.59,0.43,0,0,0,0
78.54,7,5812,US,0,1,3,130.16,0.6,0,0,0,0
56.23,16,5812,US,0,0,4,92.93,0.61,0,0,0,0
141.36,9,5732,US,0,1,3,148.75,0.95,0,0,1,0
16.62,10,5912,US,1,1,8,89.67,0.19,0,0,0,0
629.87,14,4121,US,0,1,4,59.44,10.6,0,0,0,0
206.82,15,5732,US,0,2,5,134.95,1.53,0,0,1,0
3886.06,5,5944,RU,2,4,6,55.99,69.41,1,1,1,1
47.48,10,5541,US,0,0,2,119.51,0.4,0,0,0,0
21.03,2,5732,US,0,2,8,133.28,0.16,0,1,1,0
58.08,12,5814,US,0,1,3,136.18,0.43,0,0,0,0
530.96,20,5814,US,0,1,4,145.65,3.65,0,0,0,0
114.56,8,5411,US,0,1,5,140.35,0.82,0,0,0,0
55.12,12,5411,JP,0,0,1,122.51,0.45,1,0,0,0
59.65,5,5812,US,0,1,7,105.16,0.57,0,1,0,0
46.04,13,5411,US,0,3,7,98.01,0.47,0,0,0,0
62.71,14,5912,US,1,1,3,105.34,0.6,0,0,0,0
110.44,23,5311,US,0,1,3,115.67,0.95,0,0,0,0
132.32,12,5541,US,0,0,3,63.21,2.09,0,0,0,0
64.69,7,4121,US,0,1,2,117.79,0.55,0,0,0,0
66.21,19,5541,US,0,2,4,66.74,0.99,0,0,0,0
96.68,12,5541,US,0,0,2,122.3,0.79,0,0,0,0
31.38,6,5912,US,0,0,1,124.3,0.25,0,0,0,0
13.21,17,4121,US,1,1,3,126.76,0.1,0,0,0,0
35.66,16,5411,US,0,2,5,118.79,0.3,0,0,0,0
70.57,5,4121,FR,1,1,2,69.57,1.01,1,1,0,0
28.81,12,5912,US,0,1,2,130.92,0.22,0,0,0,0
2170.82,1,5732,RU,3,6,6,44.91,48.34,1,1,1,1
27.03,17,5814,US,0,0,4,126.65,0.21,0,0,0,0
20.19,13,5411,US,1,2,4,144.63,0.14,0,0,0,0
54.95,10,5732,US,0,2,3,134.52,0.41,0,0,1,0
61.85,10,5311,US,0,3,5,74.33,0.83,0,0,0,0
78.9,13,5732,US,0,0,2,87.05,0.91,0,0,1,0
12.62,11,5732,US,0,0,1,56.04,0.23,0,0,1,0
21.1,16,5732,US,0,1,5,136.7,0.15,0,0,1,0
25.1,13,4121,US,0,0,2,119.55,0.21,0,0,0,0
30.53,14,5732,US,0,2,8,131.46,0.23,0,0,1,0
207.89,14,4121,US,0,1,2,59.92,3.47,0,0,0,0
35.33,12,5812,US,1,2,6,65.67,0.54,0,0,0,0
59.44,9,5912,US,0,0,2,53.24,1.12,0,0,0,0
90.21,16,5541,US,0,1,2,54.87,1.64,0,0,0,0
13.93,9,5411,US,0,1,4,141.21,0.1,0,0,0,0
23.93,18,5311,US,0,0,3,66.2,0.36,0,0,0,0
86.19,11,5732,US,0,1,4,104.13,0.83,0,0,1,0
15.96,4,5912,US,0,0,1,140.28,0.11,0,1,0,0
18.79,21,5812,US,1,1,2,120.39,0.16,0,0,0,0
147.71,17,5541,US,0,1,6,53.35,2.77,0,0,0,0
77.73,16,5311,US,0,0,3,101.56,0.77,0,0,0,0
76.03,9,5311,US,0,2,5,135.96,0.56,0,0,0,0
24.26,15,5311,US,0,2,4,76.07,0.32,0,0,0,0
55.82,12,5311,US,0,3,4,119.77,0.47,0,0,0,0
62.91,11,5541,US,0,1,7,62.73,1.0,0,0,0,0
387.35,10,5541,US,0,0,2,114.12,3.39,0,0,0,0
67.65,11,5411,US,0,1,5,111.0,0.61,0,0,0,0
22.75,15,5912,US,0,1,4,89.0,0.26,0,0,0,0
164.16,15,5311,US,0,1,1,121.51,1.35,0,0,0,0
39.77,14,5812,US,0,0,0,85.82,0.46,0,0,0,0
18.06,17,5812,US,1,2,4,58.01,0.31,0,0,0,0
94.91,9,5912,US,0,0,2,108.4,0.88,0,0,0,0
58.68,16,5912,US,0,1,3,52.28,1.12,0,0,0,0
232.27,15,5311,US,0,0,4,112.1,2.07,0,0,0,0
123.33,13,5812,US,0,0,3,127.43,0.97,0,0,0,0
141.65,12,5912,US,1,1,5,76.05,1.86,0,0,0,0
34.93,11,5732,US,0,0,1,62.41,0.56,0,0,1,0
128.96,17,5814,US,1,4,10,85.64,1.51,0,0,0,0
20.87,6,5411,US,0,0,3,83.97,0.25,0,0,0,0
46.81,5,5411,US,0,1,4,122.91,0.38,0,1,0,0
56.46,14,5311,US,0,1,4,146.14,0.39,0,0,0,0
91.15,18,5311,US,0,0,3,106.08,0.86,0,0,0,0
77.2,14,5732,US,1,2,4,81.78,0.94,0,0,1,0
212.59,11,5311,US,0,2,4,110.71,1.92,0,0,0,0
53.48,10,5541,US,1,1,6,122.5,0.44,0,0,0,0
122.06,16,5541,US,1,2,6,121.5,1.0,0,0,0,0
14.04,14,5541,US,0,1,2,56.31,0.25,0,0,0,0
689.25,9,5311,US,0,2,4,129.83,5.31,0,0,0,0
35.07,9,5311,US,0,0,0,111.86,0.31,0,0,0,0
28.81,15,5541,US,0,0,3,50.63,0.57,0,0,0,0
11.5,23,5541,US,1,1,5,51.73,0.22,0,0,0,0
45.3,12,5541,US,2,4,7,82.17,0.55,0,0,0,0
26.04,12,5411,US,0,0,1,93.55,0.28,0,0,0,0
724.12,13,4829,GB,7,17,40,75.04,9.65,1,0,1,1
37.18,17,5912,US,0,2,2,146.4,0.25,0,0,0,0
66.47,13,5311,DE,0,1,2,97.62,0.68,1,0,0,0
121.37,16,5541,US,0,1,4,138.47,0.88,0,0,0,0
25.02,6,5732,US,0,0,5,56.6,0.44,0,0,1,0
7.86,15,4121,US,0,0,5,63.66,0.12,0,0,0,0
16.06,11,5541,US,0,1,5,93.3,0.17,0,0,0,0
26.54,13,5541,US,0,2,3,77.77,0.34,0,0,0,0
297.62,13,5311,US,0,1,2,97.0,3.07,0,0,0,0
71.94,8,5311,US,1,1,2,60.98,1.18,0,0,0,0
36.0,11,5814,US,0,2,3,123.9,0.29,0,0,0,0
127.94,14,5411,US,0,3,4,88.35,1.45,0,0,0,0
91.89,15,5311,JP,0,0,3,72.47,1.27,1,0,0,0
95.8,14,5311,US,1,1,2,75.11,1.28,0,0,0,0
16.05,11,5541,US,0,1,2,65.11,0.25,0,0,0,0
34.27,13,5812,US,0,0,3,61.92,0.55,0,0,0,0
68.27,14,5732,US,0,0,2,122.88,0.56,0,0,1,0
79.26,14,5411,US,0,0,3,94.23,0.84,0,0,0,0
65.07,8,5912,US,0,4,6,88.67,0.73,0,0,0,0
78.27,14,5541,US,2,4,6,97.19,0.81,0,0,0,0
20.32,23,5411,US,0,2,5,149.12,0.14,0,0,0,0
176.31,15,5812,US,0,0,2,106.53,1.66,0,0,0,0
20.17,14,4121,US,0,1,2,52.59,0.38,0,0,0,0
87.75,11,5814,US,0,0,0,82.59,1.06,0,0,0,0
26.13,16,5411,US,0,1,4,107.68,0.24,0,0,0,0
33.02,18,5311,US,0,0,4,137.86,0.24,0,0,0,0
119.49,16,4121,US,1,3,5,121.46,0.98,0,0,0,0
167.72,14,5732,GB,0,1,5,80.43,2.09,1,0,1,0
18.63,6,5732,US,0,0,5,133.86,0.14,0,0,1,0
51.97,11,5814,US,1,2,5,138.23,0.38,0,0,0,0
43.42,11,4121,US,0,1,6,70.01,0.62,0,0,0,0
50.92,3,4121,US,0,0,2,117.24,0.43,0,1,0,0
13.56,7,5812,US,0,1,6,119.41,0.11,0,0,0,0
145.63,17,5812,US,0,1,3,121.64,1.2,0,0,0,0
41.85,10,5814,US,0,1,5,101.32,0.41,0,0,0,0
58.09,17,5814,CA,0,1,1,119.72,0.49,1,0,0,0
9.11,19,5732,FR,0,0,3,140.76,0.06,1,0,1,0
129.55,9,5311,US,0,0,1,91.82,1.41,0,0,0,0
20.06,8,5541,US,0,1,4,52.23,0.38,0,0,0,0
335.75,11,4829,GB,6,20,23,62.04,5.41,1,0,1,1
39.53,8,5541,US,0,1,3,133.24,0.3,0,0,0,0
109.11,12,5812,US,0,2,4,106.06,1.03,0,0,0,0
22.79,17,5912,US,0,1,3,94.24,0.24,0,0,0,0
91.54,16,5912,US,0,1,4,104.58,0.88,0,0,0,0
25.05,13,5812,US,0,1,2,73.78,0.34,0,0,0,0
86.3,8,5411,US,0,3,4,137.34,0.63,0,0,0,0
73.27,10,5912,US,0,2,5,132.4,0.55,0,0,0,0
36.03,14,5541,US,0,0,2,122.37,0.29,0,0,0,0
110.49,13,5732,US,0,2,5,113.98,0.97,0,0,1,0
39.81,18,5912,US,0,1,3,83.55,0.48,0,0,0,0
51.58,14,5912,US,1,2,3,76.17,0.68,0,0,0,0
19.03,17,4121,US,0,0,4,117.34,0.16,0,0,0,0
70.31,17,5411,US,0,0,2,128.97,0.55,0,0,0,0
29.76,14,4121,US,0,0,4,109.07,0.27,0,0,0,0
22.09,14,5812,US,0,0,4,101.74,0.22,0,0,0,0
67.59,11,5541,US,1,2,4,122.93,0.55,0,0,0,0
66.95,13,5912,US,0,1,2,88.06,0.76,0,0,0,0
2.48,2,5311,NG,9,23,30,85.21,0.03,1,1,0,1
16.61,10,5732,US,0,0,1,83.92,0.2,0,0,1,0
41.66,11,5411,US,0,0,1,116.56,0.36,0,0,0,0
74.55,10,5812,CA,0,0,1,78.73,0.95,1,0,0,0
123.37,11,5732,US,1,2,5,74.67,1.65,0,0,1,0
19.98,20,5411,US,0,1,1,101.09,0.2,0,0,0,0
92.41,13,5541,CA,0,0,1,114.32,0.81,1,0,0,0
62.22,13,5541,US,1,1,2,142.89,0.44,0,0,0,0
17.41,13,5812,US,0,0,7,128.18,0.14,0,0,0,0
11.71,10,5541,US,0,0,4,63.1,0.19,0,0,0,0
65.49,10,5912,US,0,2,3,120.5,0.54,0,0,0,0
229.87,12,5812,US,0,3,3,125.69,1.83,0,0,0,0
58.19,12,5411,CA,0,0,1,122.9,0.47,1,0,0,0
170.95,10,4121,US,0,0,1,123.67,1.38,0,0,0,0
76.32,10,5541,US,0,2,5,106.79,0.71,0,0,0,0
123.73,9,4121,US,0,2,4,53.19,2.33,0,0,0,0
121.71,12,5912,FR,0,2,4,130.03,0.94,1,0,0,0
33.19,19,5812,US,0,3,4,146.33,0.23,0,0,0,0
161.27,7,5912,US,0,1,2,148.31,1.09,0,0,0,0
16.54,13,5912,US,0,0,3,95.34,0.17,0,0,0,0
117.15,12,5912,US,1,1,2,77.4,1.51,0,0,0,0
147.82,23,5311,US,0,0,2,93.46,1.58,0,0,0,0
35.48,15,5541,US,0,0,3,83.06,0.43,0,0,0,0
41.89,16,4121,US,0,1,3,85.27,0.49,0,0,0,0
142.23,14,5732,US,0,0,1,148.73,0.96,0,0,1,0
46.87,14,5812,US,0,0,1,114.79,0.41,0,0,0,0
84.92,17,5812,DE,0,1,2,59.82,1.42,1,0,0,0
148.78,16,4121,US,0,0,4,102.28,1.45,0,0,0,0
2.85,13,5311,US,14,25,46,68.15,0.04,0,0,0,1
3801.76,4,5732,RU,1,3,5,59.71,63.67,1,1,1,1
63.58,16,5812,US,0,0,3,108.95,0.58,0,0,0,0
15.65,5,5812,US,1,1,3,126.81,0.12,0,1,0,0
38.6,9,5411,US,0,0,0,126.26,0.31,0,0,0,0
22.93,10,5814,US,0,0,1,58.88,0.39,0,0,0,0
12.94,18,5912,US,0,0,2,94.34,0.14,0,0,0,0
164.55,15,5812,US,0,0,2,69.45,2.37,0,0,0,0
11.01,12,4121,US,0,1,5,76.82,0.14,0,0,0,0
17.4,14,5912,US,0,0,1,87.64,0.2,0,0,0,0
37.46,19,5732,US,0,0,4,62.16,0.6,0,0,1,0
29.53,14,5732,US,0,1,3,129.02,0.23,0,0,1,0
90.65,15,4121,US,0,1,2,67.85,1.34,0,0,0,0
192.23,12,5814,US,0,0,5,56.23,3.42,0,0,0,0
117.61,17,5541,CA,0,0,2,111.5,1.05,1,0,0,0
118.92,12,4121,US,0,1,3,58.16,2.04,0,0,0,0
167.12,11,5411,US,1,3,6,140.51,1.19,0,0,0,0
75.71,12,5732,US,0,2,4,125.04,0.61,0,0,1,0
53.28,14,5814,US,0,0,2,97.37,0.55,0,0,0,0
82.42,14,5912,US,0,3,6,127.84,0.64,0,0,0,0
60.77,12,5411,US,0,1,3,55.2,1.1,0,0,0,0
35.16,14,5732,FR,1,1,3,50.42,0.7,1,0,1,0
31.74,12,5411,US,0,3,4,101.76,0.31,0,0,0,0
2061.9,5,5944,CY,4,3,7,92.69,22.25,1,1,1,1
144.9,10,4121,US,0,1,2,74.42,1.95,0,0,0,0
127.81,10,5732,US,0,1,5,125.47,1.02,0,0,1,0
116.41,8,5912,US,0,0,1,139.28,0.84,0,0,0,0
31.36,6,5814,US,0,1,3,63.83,0.49,0,0,0,0
93.13,15,5814,US,0,0,3,119.53,0.78,0,0,0,0
20.16,10,5411,GB,2,2,6,109.96,0.18,1,0,0,0
1.15,2,5311,US,12,26,34,86.37,0.01,0,1,0,1
16.36,8,5541,US,0,0,6,88.7,0.18,0,0,0,0
23.98,16,5912,US,0,0,2,77.5,0.31,0,0,0,0
142.44,16,5311,US,1,1,6,140.54,1.01,0,0,0,0
22.86,17,5311,US,0,1,8,120.05,0.19,0,0,0,0
169.2,12,5311,US,0,2,6,86.89,1.95,0,0,0,0
19.96,15,5814,US,0,0,3,138.5,0.14,0,0,0,0
124.35,11,5814,US,0,1,3,75.76,1.64,0,0,0,0
17.5,14,5812,US,0,1,6,114.83,0.15,0,0,0,0
43.82,16,5812,US,1,1,3,118.69,0.37,0,0,0,0
18.96,17,5812,US,0,2,4,87.12,0.22,0,0,0,0
27.34,6,5311,US,0,0,5,68.08,0.4,0,0,0,0
23.64,9,5814,US,0,0,1,113.2,0.21,0,0,0,0
67.85,15,4121,US,0,0,3,113.11,0.6,0,0,0,0
96.62,21,5411,US,0,1,2,149.64,0.65,0,0,0,0
33.34,9,5541,US,1,2,6,87.55,0.38,0,0,0,0
173.56,17,5812,US,0,0,3,126.94,1.37,0,0,0,0
40.06,10,5311,US,0,0,1,130.72,0.31,0,0,0,0
6.51,14,5311,US,0,0,2,135.18,0.05,0,0,0,0
9.47,15,4121,US,0,0,4,121.81,0.08,0,0,0,0
121.55,13,5814,US,0,1,2,127.7,0.95,0,0,0,0
18.17,16,5812,US,0,0,5,131.12,0.14,0,0,0,0
22.18,9,5812,US,0,2,6,148.15,0.15,0,0,0,0
32.81,14,5812,US,0,0,3,87.53,0.37,0,0,0,0
35.39,12,5541,US,0,0,4,51.36,0.69,0,0,0,0
14.24,7,5411,US,0,1,5,66.65,0.21,0,0,0,0
63.01,16,5411,US,0,1,5,98.52,0.64,0,0,0,0
97.14,8,5411,US,0,1,3,67.05,1.45,0,0,0,0
79.6,21,5411,US,1,2,8,66.79,1.19,0,0,0,0
256.51,11,5541,US,0,1,2,72.83,3.52,0,0,0,0
130.51,12,5311,US,0,2,3,148.0,0.88,0,0,0,0
92.05,11,4121,JP,0,0,1,124.34,0.74,1,0,0,0
43.85,14,5311,US,0,1,4,134.88,0.33,0,0,0,0
15.98,7,5411,JP,1,3,8,81.17,0.2,1,0,0,0
58.65,14,5311,US,0,1,1,66.5,0.88,0,0,0,0
63.32,18,5311,US,0,1,5,114.44,0.55,0,0,0,0
34.23,19,4121,US,0,0,1,107.41,0.32,0,0,0,0
75.54,12,5814,US,1,4,5,78.96,0.96,0,0,0,0
14.36,19,5912,US,1,1,4,61.12,0.23,0,0,0,0
38.68,19,5411,US,0,1,4,62.57,0.62,0,0,0,0
23.77,11,5814,US,0,0,1,128.03,0.19,0,0,0,0
2.71,9,5311,NG,11,12,20,64.67,0.04,1,0,0,1
91.6,16,5912,US,0,2,7,81.57,1.12,0,0,0,0
72.63,11,5732,US,0,2,5,88.07,0.82,0,0,1,0
21.48,12,4121,US,0,0,1,109.39,0.2,0,0,0,0
65.58,9,5541,US,0,0,3,57.35,1.14,0,0,0,0
12.38,12,5541,US,0,0,1,144.97,0.09,0,0,0,0
39.46,11,5912,US,0,0,2,68.67,0.57,0,0,0,0
87.71,17,5411,US,0,0,2,75.02,1.17,0,0,0,0
64.97,19,5541,US,0,2,3,54.28,1.2,0,0,0,0
74.61,6,5541,US,0,1,2,128.1,0.58,0,0,0,0
330.04,9,5814,US,0,1,2,101.97,3.24,0,0,0,0
17.86,16,5812,US,0,1,4,100.27,0.18,0,0,0,0
79.91,10,5311,US,0,1,2,124.86,0.64,0,0,0,0
14.5,12,5812,US,0,1,4,92.38,0.16,0,0,0,0
31.17,10,5732,US,0,0,2,131.4,0.24,0,0,1,0
42.01,8,5814,US,0,0,1,110.98,0.38,0,0,0,0
58.69,17,5814,US,0,1,2,62.88,0.93,0,0,0,0
216.28,17,4121,US,1,2,4,72.66,2.98,0,0,0,0
42.31,14,5812,US,0,1,3,81.17,0.52,0,0,0,0
24.9,20,5912,US,0,0,3,147.86,0.17,0,0,0,0
251.69,0,5732,RO,9,13,36,90.57,2.78,1,1,1,1
2.5,12,5912,US,0,0,8,85.97,0.03,0,0,0,0
7.28,10,5912,US,0,0,4,107.45,0.07,0,0,0,0
207.75,20,5411,US,0,1,3,112.28,1.85,0,0,0,0
37.0,11,5411,US,0,0,0,69.04,0.54,0,0,0,0
20.41,14,5814,US,0,0,0,143.51,0.14,0,0,0,0
205.92,21,5732,GB,1,2,7,88.43,2.33,1,0,1,0
18.65,19,5732,US,0,1,5,100.44,0.19,0,0,1,0
67.26,13,5541,US,1,1,3,77.88,0.86,0,0,0,0
58.7,14,5732,US,0,2,7,88.43,0.66,0,0,1,0
315.87,17,5814,US,0,0,2,90.3,3.5,0,0,0,0
82.77,5,5732,US,0,0,4,57.94,1.43,0,1,1,0
197.34,3,5541,GB,0,0,2,112.3,1.76,1,1,0,0
48.15,6,5541,US,0,1,6,88.38,0.54,0,0,0,0
24.72,7,5814,US,0,0,1,112.12,0.22,0,0,0,0
107.36,11,5912,US,0,2,8,58.61,1.83,0,0,0,0
31.45,12,5814,US,1,1,3,122.33,0.26,0,0,0,0
38.72,14,5812,US,1,1,3,63.47,0.61,0,0,0,0
22.23,15,5814,US,1,1,3,103.88,0.21,0,0,0,0
67.13,3,5732,US,0,0,2,134.46,0.5,0,1,1,0
35.89,14,5812,US,2,4,6,53.31,0.67,0,0,0,0
69.56,20,5311,US,2,4,8,111.83,0.62,0,0,0,0
12.05,15,5541,US,0,2,4,122.58,0.1,0,0,0,0
398.99,9,5814,US,0,0,1,130.12,3.07,0,0,0,0
66.59,13,5812,US,1,1,2,117.74,0.57,0,0,0,0
2.5,10,5732,US,0,2,4,131.49,0.02,0,0,1,0
215.45,5,5732,US,0,0,3,123.16,1.75,0,1,1,0
29.11,17,5812,US,0,2,6,121.64,0.24,0,0,0,0
5.24,16,5912,US,0,0,1,65.44,0.08,0,0,0,0
8.65,9,5812,US,0,1,4,64.16,0.13,0,0,0,0
96.48,22,5814,JP,0,2,4,121.21,0.8,1,0,0,0
20.48,17,5812,US,0,1,6,102.54,0.2,0,0,0,0
31.85,10,5814,US,0,2,2,147.47,0.22,0,0,0,0
160.28,20,5912,US,0,1,2,74.76,2.14,0,0,0,0
123.86,14,5411,US,1,3,5,88.43,1.4,0,0,0,0
53.89,19,5541,US,1,2,3,130.41,0.41,0,0,0,0
934.4,11,4829,RU,3,2,8,64.4,14.51,1,0,1,1
6.74,4,5912,US,0,1,4,140.61,0.05,0,1,0,0
37.16,18,5912,US,0,2,3,139.65,0.27,0,0,0,0
37.31,9,4121,US,0,0,2,80.86,0.46,0,0,0,0
2.13,3,5311,UA,6,22,30,54.36,0.04,1,1,0,1
111.03,13,5311,US,0,1,1,53.8,2.06,0,0,0,0
9.98,15,5311,US,0,0,1,131.05,0.08,0,0,0,0
55.32,18,4121,US,0,0,5,96.34,0.57,0,0,0,0
31.9,9,5732,US,0,0,0,123.59,0.26,0,0,1,0
19.48,7,5411,US,0,2,6,102.22,0.19,0,0,0,0
21.87,15,4121,US,0,3,3,128.52,0.17,0,0,0,0
64.99,11,5814,US,0,3,4,72.33,0.9,0,0,0,0
9.34,14,5912,US,0,1,6,54.49,0.17,0,0,0,0
44.25,23,5541,US,0,0,4,134.14,0.33,0,0,0,0
11.38,14,5311,US,0,0,3,70.64,0.16,0,0,0,0
73.84,16,5411,US,0,0,2,109.39,0.68,0,0,0,0
195.66,16,5912,US,0,0,1,89.03,2.2,0,0,0,0
11.93,7,5411,US,0,0,1,82.46,0.14,0,0,0,0
17.27,12,5814,US,0,1,3,70.45,0.25,0,0,0,0
22.9,23,5812,US,0,0,2,108.3,0.21,0,0,0,0
9.68,12,5411,US,0,3,5,101.42,0.1,0,0,0,0
36.38,11,5814,US,0,0,2,79.86,0.46,0,0,0,0
55.29,15,5732,US,0,0,5,109.76,0.5,0,0,1,0
32.68,17,5912,US,0,0,1,108.72,0.3,0,0,0,0
30.89,12,5732,US,0,0,1,140.86,0.22,0,0,1,0
10.46,14,5814,US,1,1,8,95.46,0.11,0,0,0,0
24.18,12,4121,US,0,1,8,148.44,0.16,0,0,0,0
84.05,18,5411,US,0,0,8,145.36,0.58,0,0,0,0
48.26,10,4121,US,0,0,3,53.68,0.9,0,0,0,0
68.43,10,5732,US,0,1,3,82.82,0.83,0,0,1,0
73.6,9,5814,US,0,1,1,146.85,0.5,0,0,0,0
33.62,16,5411,US,0,0,4,95.24,0.35,0,0,0,0
43.29,16,5411,US,0,0,3,79.79,0.54,0,0,0,0
13.85,16,5411,US,0,0,6,143.92,0.1,0,0,0,0
7.48,8,5912,US,0,0,1,146.9,0.05,0,0,0,0
13.33,17,5812,US,0,1,2,147.84,0.09,0,0,0,0
84.2,19,5812,US,1,1,9,107.75,0.78,0,0,0,0
17.09,10,5812,US,1,2,4,61.85,0.28,0,0,0,0
23.96,15,4121,US,0,1,2,131.77,0.18,0,0,0,0
43.1,12,5541,US,0,2,2,56.33,0.77,0,0,0,0
693.31,0,7995,CY,4,3,10,91.75,7.56,1,1,1,1
73.74,17,4121,US,0,0,1,128.3,0.57,0,0,0,0
134.98,8,4121,US,0,0,1,98.39,1.37,0,0,0,0
41.43,13,5812,US,1,4,8,127.82,0.32,0,0,0,0
82.21,10,5912,US,0,1,4,137.02,0.6,0,0,0,0
131.91,20,5311,US,0,0,6,139.85,0.94,0,0,0,0
1959.83,13,5732,RU,3,4,11,85.28,22.98,1,0,1,1
32.06,17,5311,US,1,3,10,84.29,0.38,0,0,0,0
79.02,9,4121,US,0,1,5,84.44,0.94,0,0,0,0
131.25,15,4121,US,1,2,8,79.43,1.65,0,0,0,0
31.91,13,5912,US,0,0,5,69.71,0.46,0,0,0,0
739.87,21,4829,RO,8,13,31,56.34,13.13,1,0,1,1
27.07,13,5732,US,0,3,10,142.2,0.19,0,0,1,0
207.27,9,5812,US,0,0,2,98.81,2.1,0,0,0,0
16.17,10,4121,US,0,0,3,80.06,0.2,0,0,0,0
55.35,13,5912,US,0,0,1,99.28,0.56,0,0,0,0
32.23,10,5411,US,1,1,4,119.82,0.27,0,0,0,0
13.76,8,5732,US,0,0,4,78.46,0.18,0,0,1,0
23.66,14,5912,US,1,4,6,135.28,0.17,0,0,0,0
51.4,15,5411,US,0,1,2,89.9,0.57,0,0,0,0
13.9,15,5311,US,0,1,3,69.94,0.2,0,0,0,0
49.38,9,5814,US,0,1,2,107.65,0.46,0,0,0,0
98.82,6,4121,US,1,3,6,128.47,0.77,0,0,0,0
7.31,15,4121,US,1,1,2,58.6,0.12,0,0,0,0
65.5,14,4121,US,0,0,3,50.91,1.29,0,0,0,0
61.06,15,5814,US,1,1,4,135.87,0.45,0,0,0,0
9.64,17,4121,US,0,2,2,140.51,0.07,0,0,0,0
43.32,14,4121,US,0,0,2,70.45,0.61,0,0,0,0
12.74,17,5411,US,0,0,1,120.78,0.11,0,0,0,0
63.83,15,5541,US,0,0,2,134.92,0.47,0,0,0,0
267.06,20,5912,JP,0,0,3,132.7,2.01,1,0,0,0
125.01,15,5541,US,1,1,1,67.84,1.84,0,0,0,0
1.2,13,5311,US,13,30,20,70.41,0.02,0,0,0,1
55.69,9,4121,US,0,1,4,72.18,0.77,0,0,0,0
44.26,10,4121,US,1,2,4,61.72,0.72,0,0,0,0
127.04,14,5732,US,1,3,4,132.23,0.96,0,0,1,0
29.8,18,5812,US,0,2,10,122.87,0.24,0,0,0,0
179.84,9,5814,US,1,1,2,66.92,2.69,0,0,0,0
87.01,8,5812,US,1,3,3,124.55,0.7,0,0,0,0
47.96,15,5311,US,0,0,3,70.78,0.68,0,0,0,0
24.88,10,5311,DE,0,1,5,60.62,0.41,1,0,0,0
175.75,19,5541,US,0,0,1,115.57,1.52,0,0,0,0
113.17,13,5912,US,2,3,5,67.12,1.69,0,0,0,0
110.04,23,5912,US,1,2,4,89.9,1.22,0,0,0,0
538.97,2,7995,GB,7,19,24,76.03,7.09,1,1,1,1
42.59,17,5411,US,0,0,0,53.63,0.79,0,0,0,0
71.54,14,5541,US,0,2,2,122.67,0.58,0,0,0,0
91.15,15,5411,US,1,2,11,140.57,0.65,0,0,0,0
9.79,16,4121,US,0,2,7,69.16,0.14,0,0,0,0
7.98,11,5411,US,0,0,5,78.02,0.1,0,0,0,0
45.37,14,5311,US,0,2,4,65.81,0.69,0,0,0,0
18.75,11,4121,US,0,0,1,55.27,0.34,0,0,0,0
30.45,6,4121,US,0,1,3,56.58,0.54,0,0,0,0
38.62,8,5311,US,0,1,2,81.48,0.47,0,0,0,0
37.91,14,5732,US,0,1,3,67.58,0.56,0,0,1,0
35.18,14,5541,US,1,1,3,141.11,0.25,0,0,0,0
47.27,15,5732,US,0,0,3,65.32,0.72,0,0,1,0
194.33,9,5311,US,2,2,4,57.14,3.4,0,0,0,0
86.63,13,5311,US,0,0,5,85.37,1.01,0,0,0,0
16.38,13,5814,US,1,1,6,144.05,0.11,0,0,0,0
31.58,14,5912,US,1,3,4,143.04,0.22,0,0,0,0
79.61,14,5311,US,0,1,4,65.4,1.22,0,0,0,0
18.24,13,5912,US,1,2,4,62.58,0.29,0,0,0,0
9.35,21,4121,US,0,0,0,66.89,0.14,0,0,0,0
107.57,19,5732,US,0,1,4,95.63,1.12,0,0,1,0
80.36,10,5311,US,1,1,6,62.5,1.29,0,0,0,0
73.17,8,5812,US,0,2,4,145.28,0.5,0,0,0,0
56.6,14,5541,US,0,0,0,66.61,0.85,0,0,0,0
44.72,10,5311,US,0,1,2,121.69,0.37,0,0,0,0
37.25,7,5912,US,0,3,6,87.8,0.42,0,0,0,0
37.39,16,5541,US,0,0,4,90.35,0.41,0,0,0,0
33.39,15,5912,US,0,0,3,124.45,0.27,0,0,0,0
41.37,8,5411,US,0,1,3,147.36,0.28,0,0,0,0
221.73,19,5411,US,0,0,4,89.91,2.47,0,0,0,0
9.57,15,5814,US,1,1,2,108.2,0.09,0,0,0,0
49.08,9,5411,US,1,1,4,79.29,0.62,0,0,0,0
143.89,15,5541,US,0,1,2,131.74,1.09,0,0,0,0
9.39,7,5732,US,0,2,5,107.24,0.09,0,0,1,0
64.97,9,5812,US,1,1,3,60.94,1.07,0,0,0,0
36.12,8,5732,US,0,1,1,92.08,0.39,0,0,1,0
59.39,12,5814,US,0,2,5,144.89,0.41,0,0,0,0
38.68,12,5411,US,1,3,4,79.05,0.49,0,0,0,0
24.73,8,4121,US,0,3,9,147.9,0.17,0,0,0,0
148.99,22,5812,US,0,0,3,138.0,1.08,0,0,0,0
222.88,14,5411,US,0,0,3,84.23,2.65,0,0,0,0
25.43,13,4121,US,0,1,2,86.35,0.29,0,0,0,0
901.03,22,5732,US,9,24,38,59.92,15.04,0,0,1,1
104.33,19,5732,US,3,4,6,115.62,0.9,0,0,1,0
36.13,13,5411,US,0,0,4,125.52,0.29,0,0,0,0
16.37,21,5812,US,0,1,4,135.83,0.12,0,0,0,0
5.07,15,5814,US,1,2,5,95.05,0.05,0,0,0,0
28.2,16,5912,US,0,0,1,83.12,0.34,0,0,0,0
93.23,11,5732,US,1,1,4,108.62,0.86,0,0,1,0
103.8,9,5541,US,0,2,5,96.85,1.07,0,0,0,0
66.18,19,5411,JP,0,0,2,67.65,0.98,1,0,0,0
38.61,12,5912,US,0,0,3,123.34,0.31,0,0,0,0
82.68,12,5732,US,1,2,4,95.87,0.86,0,0,1,0
160.38,10,5311,US,2,3,4,112.32,1.43,0,0,0,0
24.57,15,5311,US,0,1,2,88.44,0.28,0,0,0,0
51.3,12,5812,FR,0,0,1,67.71,0.76,1,0,0,0
93.42,18,5912,US,0,0,1,133.09,0.7,0,0,0,0
40.49,11,4121,US,1,2,5,71.75,0.56,0,0,0,0
12.22,14,5541,US,0,0,5,95.8,0.13,0,0,0,0
26.9,12,5541,US,0,2,3,58.28,0.46,0,0,0,0
58.9,14,5814,US,0,2,2,149.3,0.39,0,0,0,0
12.44,23,5814,US,0,0,1,129.51,0.1,0,0,0,0
18.74,16,5311,US,0,0,1,78.59,0.24,0,0,0,0
161.13,10,5311,US,0,2,9,50.35,3.2,0,0,0,0
29.83,19,5541,US,0,2,8,87.19,0.34,0,0,0,0
15.63,21,5812,US,0,2,5,64.45,0.24,0,0,0,0
63.61,14,5814,US,0,1,3,93.08,0.68,0,0,0,0
275.74,14,5411,US,0,0,4,77.34,3.57,0,0,0,0
53.02,6,5411,US,0,0,2,60.01,0.88,0,0,0,0
36.26,14,5732,US,1,2,6,101.87,0.36,0,0,1,0
1789.17,9,4121,US,0,0,1,148.58,12.04,0,0,0,0
99.99,8,5311,US,0,1,1,137.12,0.73,0,0,0,0
37.1,11,5732,US,2,3,3,76.28,0.49,0,0,1,0
26.87,10,5732,US,0,1,3,53.32,0.5,0,0,1,0
45.3,9,5732,US,0,1,4,137.07,0.33,0,0,1,0
30.48,15,5541,US,1,2,2,134.35,0.23,0,0,0,0
53.61,14,5541,US,1,1,3,78.28,0.68,0,0,0,0
12.45,13,5812,US,0,1,3,100.14,0.12,0,0,0,0
18.2,18,4121,US,0,0,3,58.7,0.31,0,0,0,0
43.8,23,5912,US,0,0,2,119.54,0.37,0,0,0,0
47.52,4,5541,US,0,1,2,85.69,0.55,0,1,0,0
14.71,14,5814,US,0,1,2,66.33,0.22,0,0,0,0
44.72,6,5541,US,0,0,2,59.67,0.75,0,0,0,0
27.88,19,4121,US,1,1,8,79.45,0.35,0,0,0,0
80.17,13,5912,US,0,0,2,142.8,0.56,0,0,0,0
28.42,10,5311,US,0,0,2,56.0,0.51,0,0,0,0
42.78,20,5814,US,0,0,3,128.35,0.33,0,0,0,0
7.97,20,5541,US,0,2,4,61.65,0.13,0,0,0,0
16.16,6,4121,US,0,1,4,121.35,0.13,0,0,0,0
24.97,15,5812,US,0,1,4,80.37,0.31,0,0,0,0
87.85,14,4121,US,0,0,2,101.06,0.87,0,0,0,0
41.39,12,5732,US,0,0,0,75.06,0.55,0,0,1,0
62.24,14,5411,US,0,0,4,127.29,0.49,0,0,0,0
2.97,5,5311,US,8,21,31,84.74,0.04,0,1,0,1
647.53,17,4829,CN,1,6,11,98.8,6.55,1,0,1,1
252.24,23,5311,US,0,1,1,141.95,1.78,0,0,0,0
265.9,10,5732,US,0,0,2,54.92,4.84,0,0,1,0
113.06,16,5411,US,0,1,4,79.08,1.43,0,0,0,0
21.66,4,5812,US,1,2,4,75.85,0.29,0,1,0,0
52.99,14,5814,US,0,1,2,56.81,0.93,0,0,0,0
77.27,11,5541,CA,0,0,3,95.25,0.81,1,0,0,0
542.1,5,5732,RO,7,22,34,49.07,11.05,1,1,1,1
16.03,19,5814,US,1,1,1,54.08,0.3,0,0,0,0
35.97,12,5732,US,0,0,4,146.29,0.25,0,0,1,0
23.91,7,5912,US,0,0,2,73.25,0.33,0,0,0,0
93.12,18,5732,US,0,0,3,82.02,1.14,0,0,1,0
11.12,12,5311,US,0,0,1,122.07,0.09,0,0,0,0
113.35,13,5814,US,0,0,3,134.89,0.84,0,0,0,0
81.72,7,5912,US,0,0,3,78.15,1.05,0,0,0,0
34.07,15,5812,US,1,2,4,61.71,0.55,0,0,0,0
27.47,12,5912,US,0,0,1,96.55,0.28,0,0,0,0
38.44,14,5812,US,0,2,2,130.55,0.29,0,0,0,0
233.2,15,5732,US,0,1,3,82.05,2.84,0,0,1,0
10.13,15,5541,US,0,0,1,111.1,0.09,0,0,0,0
243.22,20,5541,US,2,2,3,99.78,2.44,0,0,0,0
138.37,10,5812,US,1,2,5,93.35,1.48,0,0,0,0
41.36,23,5541,US,0,0,2,93.3,0.44,0,0,0,0
42.91,10,5411,US,0,0,0,122.12,0.35,0,0,0,0
134.99,13,5411,US,0,1,3,53.15,2.54,0,0,0,0
64.03,15,5814,US,0,0,5,66.34,0.97,0,0,0,0
54.6,12,5411,US,0,6,7,71.27,0.77,0,0,0,0
65.33,16,5912,US,0,1,5,99.51,0.66,0,0,0,0
14.2,15,5814,US,1,1,2,131.97,0.11,0,0,0,0
13.82,21,5311,US,1,3,4,51.35,0.27,0,0,0,0
54.3,12,4121,US,1,1,2,80.91,0.67,0,0,0,0
116.63,15,5311,US,0,1,2,88.42,1.32,0,0,0,0
13.05,16,5912,US,0,2,5,77.66,0.17,0,0,0,0
95.59,11,4121,US,0,0,2,62.55,1.53,0,0,0,0
11.44,16,5912,US,0,1,6,122.77,0.09,0,0,0,0
68.68,22,5311,US,0,3,7,105.18,0.65,0,0,0,0
17.42,15,4121,US,0,1,3,100.94,0.17,0,0,0,0
50.97,12,5541,US,0,0,1,144.77,0.35,0,0,0,0
867.18,17,7995,US,4,24,34,71.29,12.16,0,0,1,1
41.63,7,5541,US,0,4,6,112.0,0.37,0,0,0,0
70.77,20,5912,CA,0,1,1,68.06,1.04,1,0,0,0
2213.34,15,5944,NG,3,6,6,81.78,27.06,1,0,1,1
26.22,14,5814,US,1,1,5,118.34,0.22,0,0,0,0
57.66,11,4121,US,0,1,2,145.04,0.4,0,0,0,0
15.19,23,5411,US,0,0,3,127.19,0.12,0,0,0,0
36.47,12,5311,US,0,2,7,80.35,0.45,0,0,0,0
79.36,12,5411,US,0,0,0,109.46,0.73,0,0,0,0
44.62,20,5912,US,1,2,5,63.59,0.7,0,0,0,0
16.19,19,5814,US,0,1,2,71.85,0.23,0,0,0,0
61.36,15,5814,US,0,0,2,126.0,0.49,0,0,0,0
102.59,13,5732,US,0,1,5,104.51,0.98,0,0,1,0
61.27,19,5411,US,0,1,2,103.25,0.59,0,0,0,0
6.91,9,4121,JP,0,0,4,132.88,0.05,1,0,0,0
5.64,13,5311,US,0,0,0,80.3,0.07,0,0,0,0
189.75,7,5814,US,1,2,4,109.09,1.74,0,0,0,0
18.97,8,5912,US,0,0,3,52.46,0.36,0,0,0,0
29.48,17,5732,US,0,1,11,120.98,0.24,0,0,1,0
76.38,17,5311,US,0,1,1,91.5,0.83,0,0,0,0
121.29,21,5311,US,0,1,2,57.81,2.1,0,0,0,0
44.77,12,5812,US,0,0,2,112.85,0.4,0,0,0,0
30.97,11,5732,US,0,0,1,79.15,0.39,0,0,1,0
51.35,7,5311,US,0,1,3,50.09,1.03,0,0,0,0
21.45,17,5814,US,0,0,1,93.65,0.23,0,0,0,0
19.08,10,4121,US,0,0,0,131.3,0.15,0,0,0,0
164.94,13,5411,US,0,1,4,68.74,2.4,0,0,0,0
83.58,13,5912,JP,0,1,3,82.38,1.01,1,0,0,0
78.19,23,5411,US,1,1,1,79.83,0.98,0,0,0,0
13.39,14,5812,US,0,1,2,122.37,0.11,0,0,0,0
45.34,18,5812,US,0,2,8,57.53,0.79,0,0,0,0
149.36,15,5411,US,0,0,3,101.61,1.47,0,0,0,0
47.19,14,5912,US,0,1,1,60.02,0.79,0,0,0,0
37.93,16,5814,US,1,1,2,71.01,0.53,0,0,0,0
169.9,16,5411,US,1,2,7,74.77,2.27,0,0,0,0
57.16,14,5541,US,0,0,6,146.78,0.39,0,0,0,0
4.44,16,5311,US,0,1,5,51.47,0.09,0,0,0,0
16.31,13,5732,US,0,0,2,128.88,0.13,0,0,1,0
40.09,7,4121,US,0,0,2,110.44,0.36,0,0,0,0
43.78,9,5411,US,0,1,5,78.64,0.56,0,0,0,0
27.16,18,5311,US,0,1,3,55.91,0.49,0,0,0,0
68.67,2,5812,US,0,0,3,144.16,0.48,0,1,0,0
44.03,10,5732,US,0,0,2,141.16,0.31,0,0,1,0
52.36,15,5411,US,0,0,1,94.04,0.56,0,0,0,0
74.54,10,5411,US,0,1,6,68.51,1.09,0,0,0,0
83.35,11,5411,US,0,1,1,132.84,0.63,0,0,0,0
86.8,13,5812,US,1,1,4,85.26,1.02,0,0,0,0
52.42,15,5541,US,0,1,3,111.9,0.47,0,0,0,0
39.95,13,5732,US,0,1,4,93.19,0.43,0,0,1,0
114.28,18,4121,US,0,1,5,66.51,1.72,0,0,0,0
16.63,15,4121,US,1,1,7,113.3,0.15,0,0,0,0
89.49,12,5311,US,0,5,6,125.29,0.71,0,0,0,0
3664.55,2,5944,RU,3,2,5,85.09,43.07,1,1,1,1
75.04,17,5812,US,0,0,7,94.41,0.79,0,0,0,0
20.9,13,5814,US,1,1,4,75.31,0.28,0,0,0,0
24.36,17,5541,US,0,0,2,138.07,0.18,0,0,0,0
83.8,16,5814,US,0,1,2,141.51,0.59,0,0,0,0
55.06,8,5311,DE,0,0,2,115.21,0.48,1,0,0,0
46.25,14,4121,US,0,2,3,117.32,0.39,0,0,0,0
67.09,13,5814,US,1,1,6,143.68,0.47,0,0,0,0
18.16,13,5732,US,0,3,5,52.19,0.35,0,0,1,0
332.49,17,5732,US,0,2,4,95.36,3.49,0,0,1,0
34.3,18,5311,US,0,1,2,124.49,0.28,0,0,0,0
12.87,11,5814,US,1,2,4,124.63,0.1,0,0,0,0
16.7,20,5411,US,0,0,2,147.22,0.11,0,0,0,0
20.11,11,5732,US,0,0,2,70.33,0.29,0,0,1,0
93.97,23,5814,US,1,3,3,122.53,0.77,0,0,0,0
29.71,20,5732,US,0,0,6,145.26,0.2,0,0,1,0
14.67,12,5732,US,0,1,3,135.65,0.11,0,0,1,0
120.59,12,5912,US,3,5,8,62.43,1.93,0,0,0,0
24.45,18,5411,US,0,0,1,137.33,0.18,0,0,0,0
14.72,11,5541,US,1,1,2,133.0,0.11,0,0,0,0
16.54,16,5541,US,0,2,2,148.67,0.11,0,0,0,0
31.19,16,5812,US,0,1,2,71.8,0.43,0,0,0,0
1.26,22,5311,NG,5,15,44,60.25,0.02,1,0,0,1
26.11,16,4121,US,0,2,5,92.24,0.28,0,0,0,0
44.58,22,5732,US,0,0,4,132.99,0.34,0,0,1,0
393.21,16,5912,US,0,1,1,76.09,5.17,0,0,0,0
8.67,19,4121,US,0,1,2,64.45,0.13,0,0,0,0
148.92,10,5541,US,1,1,3,96.37,1.55,0,0,0,0
95.6,19,5912,US,0,0,2,132.47,0.72,0,0,0,0
18.88,13,5732,US,1,1,2,131.65,0.14,0,0,1,0
33.6,15,5912,US,0,2,7,139.98,0.24,0,0,0,0
22.62,16,5732,US,0,0,4,142.76,0.16,0,0,1,0
79.31,19,5812,US,0,0,1,56.14,1.41,0,0,0,0
21.67,15,5812,US,0,0,4,106.62,0.2,0,0,0,0
126.57,12,5814,US,0,2,5,73.7,1.72,0,0,0,0
38.7,20,5541,US,0,1,3,113.9,0.34,0,0,0,0
24.17,17,5732,US,1,3,8,146.7,0.16,0,0,1,0
96.41,13,5912,US,0,1,1,133.93,0.72,0,0,0,0
32.76,13,5814,US,1,2,2,54.76,0.6,0,0,0,0
22.52,14,5912,US,0,0,2,93.26,0.24,0,0,0,0
33.04,14,4121,US,1,2,2,106.91,0.31,0,0,0,0
20.76,10,5311,US,1,1,3,52.19,0.4,0,0,0,0
28.81,14,5541,US,0,1,4,133.58,0.22,0,0,0,0
184.82,9,5411,US,1,2,4,79.82,2.32,0,0,0,0
10.45,13,5411,US,2,2,6,50.71,0.21,0,0,0,0
21.78,20,5812,US,0,2,6,112.44,0.19,0,0,0,0
22.6,10,5541,US,0,0,2,144.34,0.16,0,0,0,0
23.3,13,5311,US,0,1,1,105.11,0.22,0,0,0,0
42.26,10,5814,US,0,2,8,69.03,0.61,0,0,0,0
98.29,18,5541,US,0,1,1,108.49,0.91,0,0,0,0
24.11,12,5814,US,0,0,1,132.53,0.18,0,0,0,0
61.1,14,5812,US,0,1,5,146.61,0.42,0,0,0,0
131.67,15,5912,US,0,1,3,61.44,2.14,0,0,0,0
14.2,14,5812,US,0,0,2,104.53,0.14,0,0,0,0
917.61,18,4829,GB,4,23,34,96.54,9.5,1,0,1,1
1214.74,17,6051,NG,2,3,6,94.36,12.87,1,0,1,1
65.96,20,5411,US,0,0,3,96.79,0.68,0,0,0,0
14.53,16,5311,JP,0,1,1,129.99,0.11,1,0,0,0
2.66,11,5311,UA,11,27,47,77.34,0.03,1,0,0,1
30.16,13,5732,US,0,3,8,69.53,0.43,0,0,1,0
12.46,11,5541,US,0,1,3,98.91,0.13,0,0,0,0
43.07,16,5814,US,0,1,4,149.26,0.29,0,0,0,0
33.54,6,4121,US,0,1,2,94.0,0.36,0,0,0,0
26.79,11,5311,US,2,3,5,92.83,0.29,0,0,0,0
2.45,4,5311,NG,6,10,35,89.27,0.03,1,1,0,1
80.91,14,5912,US,0,1,2,83.95,0.96,0,0,0,0
11.04,15,5311,US,0,0,3,104.57,0.11,0,0,0,0
14.05,11,5912,US,0,1,4,72.25,0.19,0,0,0,0
42.75,10,5912,US,0,2,6,145.27,0.29,0,0,0,0
79.91,19,5912,US,0,0,2,70.07,1.14,0,0,0,0
18.5,10,4121,US,1,2,4,96.54,0.19,0,0,0,0
26.83,12,5812,US,0,0,4,113.82,0.24,0,0,0,0
22.73,17,5541,US,1,2,3,149.03,0.15,0,0,0,0
47.02,9,5814,US,1,2,3,82.7,0.57,0,0,0,0
98.83,13,5814,US,0,1,1,68.8,1.44,0,0,0,0
185.98,19,5732,US,0,1,5,125.55,1.48,0,0,1,0
114.94,17,5311,US,0,1,3,114.35,1.01,0,0,0,0
16.02,14,5541,US,0,0,1,103.44,0.15,0,0,0,0
28.85,15,5812,US,0,0,0,58.18,0.5,0,0,0,0
17.96,15,5814,US,0,0,2,93.72,0.19,0,0,0,0
43.22,9,4121,US,1,1,2,88.95,0.49,0,0,0,0
16.21,14,4121,US,1,1,2,100.32,0.16,0,0,0,0
83.11,15,5541,US,0,1,4,103.43,0.8,0,0,0,0
61.66,13,5311,DE,0,1,2,136.02,0.45,1,0,0,0
78.88,11,5311,US,0,0,1,98.36,0.8,0,0,0,0
727.06,17,5411,US,0,0,3,121.89,5.96,0,0,0,0
11.9,6,5912,US,0,3,3,93.58,0.13,0,0,0,0
29.06,22,5541,US,1,3,4,147.31,0.2,0,0,0,0
59.1,12,5912,US,1,2,2,105.37,0.56,0,0,0,0
99.88,15,5912,US,0,3,7,60.06,1.66,0,0,0,0
26.2,16,5812,US,0,0,2,96.15,0.27,0,0,0,0
28.14,16,4121,US,1,1,4,135.11,0.21,0,0,0,0
19.97,15,4121,US,0,2,3,88.35,0.23,0,0,0,0
69.67,9,5814,US,0,3,7,72.1,0.97,0,0,0,0
46.23,8,5541,US,0,2,5,68.93,0.67,0,0,0,0
109.9,15,5411,US,0,3,5,107.85,1.02,0,0,0,0
39.95,12,5912,US,0,0,1,118.15,0.34,0,0,0,0
28.32,16,5541,US,0,0,3,93.95,0.3,0,0,0,0
32.35,13,5912,US,1,3,4,114.74,0.28,0,0,0,0
24.69,19,5411,US,1,2,3,94.41,0.26,0,0,0,0
131.0,21,5814,US,0,2,3,87.01,1.51,0,0,0,0
21.52,6,5732,US,0,1,1,115.46,0.19,0,0,1,0
356.49,13,5812,US,0,1,3,123.16,2.89,0,0,0,0
199.46,17,5812,US,0,0,4,117.21,1.7,0,0,0,0
226.04,15,5812,US,0,0,2,76.99,2.94,0,0,0,0
49.74,8,5541,US,0,2,4,108.91,0.46,0,0,0,0
82.08,14,5541,US,0,2,4,131.46,0.62,0,0,0,0
103.7,11,4121,US,1,1,3,131.81,0.79,0,0,0,0
144.46,13,5912,US,0,1,2,101.0,1.43,0,0,0,0
206.72,8,4121,US,0,1,3,74.98,2.76,0,0,0,0
80.81,15,4121,US,0,0,5,139.08,0.58,0,0,0,0
40.12,9,4121,US,0,2,6,96.37,0.42,0,0,0,0
123.79,10,4121,US,0,3,7,139.24,0.89,0,0,0,0
98.65,8,5311,US,0,1,3,92.91,1.06,0,0,0,0
23.3,9,4121,US,0,1,1,79.77,0.29,0,0,0,0
24.16,8,5812,US,1,1,3,94.49,0.26,0,0,0,0
86.86,9,5912,US,0,0,3,130.76,0.66,0,0,0,0
65.42,22,5912,US,0,1,6,117.59,0.56,0,0,0,0
22.84,15,5912,US,1,1,2,91.59,0.25,0,0,0,0
41.08,11,5732,US,0,1,4,92.99,0.44,0,0,1,0
40.09,14,5541,US,0,1,2,75.01,0.53,0,0,0,0
78.87,9,5541,US,0,0,1,124.73,0.63,0,0,0,0
331.81,14,5944,RO,10,10,16,74.31,4.47,1,0,1,1
173.96,15,5912,US,0,0,3,86.32,2.02,0,0,0,0
86.03,14,5912,US,0,1,4,79.1,1.09,0,0,0,0
3023.68,10,6051,NG,4,5,6,50.22,60.21,1,0,1,1
467.48,16,5311,GB,0,0,4,104.4,4.48,1,0,0,0
37.78,11,5912,US,0,0,3,116.23,0.33,0,0,0,0
126.83,9,5411,US,1,1,3,121.73,1.04,0,0,0,0
101.58,11,5311,US,0,3,7,140.0,0.73,0,0,0,0
54.52,8,5912,US,0,3,4,134.54,0.41,0,0,0,0
15.53,13,5311,US,1,1,3,87.9,0.18,0,0,0,0
364.53,13,5814,US,0,0,4,77.01,4.73,0,0,0,0
27.76,11,5311,FR,0,0,1,108.04,0.26,1,0,0,0
23.03,14,5912,US,1,2,6,80.62,0.29,0,0,0,0
31.6,10,5541,FR,0,0,2,73.4,0.43,1,0,0,0
198.03,12,5812,US,0,2,5,76.52,2.59,0,0,0,0
78.72,19,5812,US,0,1,3,114.76,0.69,0,0,0,0
31.9,13,5732,US,0,1,2,72.31,0.44,0,0,1,0
46.28,20,5411,US,0,2,6,53.37,0.87,0,0,0,0
56.14,15,5541,US,0,3,6,145.7,0.39,0,0,0,0
15.58,15,5311,US,3,3,6,140.35,0.11,0,0,0,0
48.59,10,5311,US,0,1,1,69.08,0.7,0,0,0,0
27.27,10,5732,US,0,1,2,59.76,0.46,0,0,1,0
98.89,7,5732,US,1,1,2,108.1,0.91,0,0,1,0
55.6,8,4121,US,0,0,1,85.61,0.65,0,0,0,0
53.28,19,5732,US,0,1,4,51.21,1.04,0,0,1,0
54.16,14,5812,US,0,1,2,63.63,0.85,0,0,0,0
1603.88,23,5944,NG,4,8,10,43.78,36.63,1,0,1,1
266.92,14,5311,US,0,0,0,79.05,3.38,0,0,0,0
41.34,15,5814,US,0,0,1,121.01,0.34,0,0,0,0
10.83,14,5812,US,0,0,3,149.63,0.07,0,0,0,0
51.33,12,5912,US,0,0,1,75.4,0.68,0,0,0,0
34.84,13,5411,US,0,1,4,70.07,0.5,0,0,0,0
43.01,8,5814,US,0,2,4,70.81,0.61,0,0,0,0
15.76,18,5812,US,0,0,3,118.99,0.13,0,0,0,0
67.91,3,5541,US,1,3,4,57.28,1.19,0,1,0,0
39.63,16,5311,US,1,2,2,100.45,0.39,0,0,0,0
49.24,13,5912,US,0,0,0,121.04,0.41,0,0,0,0
573.42,17,4829,US,7,21,29,60.2,9.53,0,0,1,1
64.94,10,5732,GB,0,0,5,83.48,0.78,1,0,1,0
60.23,17,4121,US,0,0,2,102.92,0.59,0,0,0,0
15.4,2,4121,US,1,3,6,55.1,0.28,0,1,0,0
48.28,11,4121,US,0,1,2,72.26,0.67,0,0,0,0
70.01,17,5411,US,0,0,4,78.16,0.9,0,0,0,0
35.26,20,5411,JP,0,0,1,66.09,0.53,1,0,0,0
60.24,16,5541,US,0,0,5,125.26,0.48,0,0,0,0
19.36,16,5912,US,0,0,3,61.91,0.31,0,0,0,0
75.52,16,5311,US,0,3,4,113.94,0.66,0,0,0,0
28.6,12,4121,US,0,3,7,73.87,0.39,0,0,0,0
9.1,14,5311,US,1,2,4,118.1,0.08,0,0,0,0
90.34,13,5912,US,0,0,5,122.7,0.74,0,0,0,0
182.24,11,5541,US,0,1,5,132.62,1.37,0,0,0,0
1848.26,5,6051,NG,1,8,10,85.34,21.66,1,1,1,1
81.84,13,5812,DE,0,3,5,104.79,0.78,1,0,0,0
60.71,12,4121,US,0,0,2,70.91,0.86,0,0,0,0
4002.79,5,5732,US,2,3,6,85.96,46.57,0,1,1,1
35.6,14,5311,CA,0,0,4,57.73,0.62,1,0,0,0
511.2,3,4829,RO,5,21,27,47.5,10.76,1,1,1,1
7.01,13,4121,US,2,3,5,73.89,0.09,0,0,0,0
181.04,15,5732,US,0,2,4,126.68,1.43,0,0,1,0
49.8,13,5812,US,0,4,5,55.6,0.9,0,0,0,0
11.48,13,5812,US,0,1,2,130.28,0.09,0,0,0,0
1489.96,10,4829,NG,1,2,9,74.17,20.09,1,0,1,1
11.08,10,5311,US,0,0,0,139.91,0.08,0,0,0,0
88.16,6,5812,US,0,1,3,53.75,1.64,0,0,0,0
37.76,18,5541,US,0,0,1,87.13,0.43,0,0,0,0
3.45,1,5311,US,13,25,49,62.69,0.06,0,1,0,1
281.12,19,5812,US,0,0,1,59.98,4.69,0,0,0,0
42.56,18,5411,US,0,1,2,69.43,0.61,0,0,0,0
9.24,10,5311,US,0,0,0,75.55,0.12,0,0,0,0
29.91,18,5814,US,0,1,3,143.06,0.21,0,0,0,0
138.25,14,4121,US,0,1,6,118.78,1.16,0,0,0,0
131.51,15,5311,US,0,0,3,69.66,1.89,0,0,0,0
414.53,10,5311,US,2,3,5,101.04,4.1,0,0,0,0
67.0,11,5311,US,0,1,3,128.29,0.52,0,0,0,0
46.29,17,5814,US,0,0,1,93.49,0.5,0,0,0,0
8.9,17,5411,US,0,0,4,121.42,0.07,0,0,0,0
70.93,16,5411,US,0,0,3,107.7,0.66,0,0,0,0
22.49,14,5814,US,0,0,1,83.21,0.27,0,0,0,0
11.4,10,5814,US,0,0,2,129.85,0.09,0,0,0,0
71.58,19,5411,US,0,0,3,126.91,0.56,0,0,0,0
26.3,13,5311,US,0,0,4,78.59,0.33,0,0,0,0
39.81,8,5912,US,0,3,8,97.04,0.41,0,0,0,0
11.54,10,4121,US,0,2,5,98.13,0.12,0,0,0,0
287.64,14,5311,US,0,0,2,105.7,2.72,0,0,0,0
55.49,11,5411,US,0,1,2,138.34,0.4,0,0,0,0
51.42,13,5812,US,0,1,5,107.04,0.48,0,0,0,0
115.7,11,5812,US,0,1,3,107.16,1.08,0,0,0,0
55.22,20,5814,US,1,2,4,102.26,0.54,0,0,0,0
36.94,13,5912,US,0,1,3,122.17,0.3,0,0,0,0
48.39,13,5732,US,1,2,6,67.29,0.72,0,0,1,0
85.94,18,4121,US,0,0,2,94.29,0.91,0,0,0,0
16.24,14,5411,US,0,2,8,118.82,0.14,0,0,0,0
26.96,20,5812,US,0,0,2,145.99,0.18,0,0,0,0
23.67,23,5732,US,0,2,5,114.99,0.21,0,0,1,0
84.89,11,5814,US,0,0,1,128.51,0.66,0,0,0,0
2.51,9,5311,US,8,13,29,75.61,0.03,0,0,0,1
21.33,17,5411,US,0,0,1,67.92,0.31,0,0,0,0
49.95,13,5732,US,0,0,4,110.83,0.45,0,0,1,0
343.09,7,5944,RO,5,12,30,59.75,5.74,1,0,1,1
32.28,14,4121,US,0,0,6,133.16,0.24,0,0,0,0
811.74,19,7995,RO,5,22,30,95.74,8.48,1,0,1,1
27.69,9,5912,US,0,1,5,64.67,0.43,0,0,0,0
1270.43,19,7995,RU,3,2,9,44.35,28.65,1,0,1,1
22.13,11,5812,US,0,1,2,61.34,0.36,0,0,0,0
38.42,21,5812,US,1,1,3,113.29,0.34,0,0,0,0
14.94,14,5732,US,0,0,5,84.31,0.18,0,0,1,0
45.54,15,5812,US,0,0,3,145.02,0.31,0,0,0,0
54.71,17,5311,US,0,1,6,54.38,1.01,0,0,0,0
40.99,13,5541,US,0,0,2,60.3,0.68,0,0,0,0
208.27,13,5732,US,0,0,2,133.64,1.56,0,0,1,0
30.2,6,5812,US,0,1,3,117.66,0.26,0,0,0,0
28.91,15,5812,US,0,1,5,136.99,0.21,0,0,0,0
58.56,17,5541,US,1,3,4,115.3,0.51,0,0,0,0
84.47,23,5814,US,0,1,3,76.52,1.1,0,0,0,0
49.83,12,5814,US,0,1,2,50.17,0.99,0,0,0,0
22.59,16,5812,US,0,0,7,130.75,0.17,0,0,0,0
22.06,14,5732,US,0,0,3,139.97,0.16,0,0,1,0
22.37,17,5912,US,1,3,7,90.04,0.25,0,0,0,0
131.28,15,5812,US,0,0,3,87.92,1.49,0,0,0,0
8.46,9,5912,US,0,1,3,85.27,0.1,0,0,0,0
31.47,10,5812,US,0,0,3,85.92,0.37,0,0,0,0
139.65,14,5411,US,1,3,5,117.09,1.19,0,0,0,0
22.92,15,5732,US,1,1,3,132.33,0.17,0,0,1,0
48.98,17,4121,US,0,1,3,146.83,0.33,0,0,0,0
2.39,9,5311,US,5,30,29,56.35,0.04,0,0,0,1
57.46,7,5311,US,0,2,5,72.34,0.79,0,0,0,0
118.78,11,5812,US,2,3,4,122.78,0.97,0,0,0,0
48.71,15,5311,US,0,2,5,137.77,0.35,0,0,0,0
271.3,12,5541,US,0,0,2,57.09,4.75,0,0,0,0
27.05,18,5812,US,0,0,3,116.53,0.23,0,0,0,0
70.81,13,5411,US,0,2,5,123.4,0.57,0,0,0,0
136.41,16,5912,US,1,2,4,60.21,2.27,0,0,0,0
38.34,13,5814,US,0,0,4,77.62,0.49,0,0,0,0
91.37,7,4121,US,0,0,1,61.28,1.49,0,0,0,0
53.0,10,4121,US,0,2,5,105.7,0.5,0,0,0,0
38.96,14,5812,US,0,1,6,79.28,0.49,0,0,0,0
50.25,16,5311,US,0,2,5,90.9,0.55,0,0,0,0
70.42,18,5732,US,0,1,1,113.49,0.62,0,0,1,0
31.85,15,4121,US,0,1,2,87.42,0.36,0,0,0,0
13.99,16,5732,US,0,1,3,139.14,0.1,0,0,1,0
37.97,15,5411,US,0,1,3,143.4,0.26,0,0,0,0
66.01,20,5732,US,0,0,4,106.87,0.62,0,0,1,0
28.33,7,5814,US,0,1,6,128.42,0.22,0,0,0,0
28.86,14,5812,US,1,1,5,58.11,0.5,0,0,0,0
49.73,13,4121,US,0,0,0,59.23,0.84,0,0,0,0
16.9,10,5732,US,0,0,3,87.21,0.19,0,0,1,0
16.51,17,5814,US,1,3,5,84.96,0.19,0,0,0,0
133.71,3,5812,US,0,0,2,103.14,1.3,0,1,0,0
39.04,18,5311,US,0,2,3,57.52,0.68,0,0,0,0
48.09,20,5812,US,0,1,4,121.61,0.4,0,0,0,0
25.37,8,5732,US,0,1,6,75.69,0.34,0,0,1,0
17.25,11,5541,US,0,0,2,52.32,0.33,0,0,0,0
11.1,8,5732,US,0,1,1,124.29,0.09,0,0,1,0
55.68,6,5311,US,0,0,2,69.12,0.81,0,0,0,0
72.78,14,4121,US,0,2,3,64.96,1.12,0,0,0,0
28.1,10,5912,US,0,0,6,146.64,0.19,0,0,0,0
119.59,18,5732,DE,0,2,3,96.7,1.24,1,0,1,0
180.88,16,4121,GB,0,0,4,127.94,1.41,1,0,0,0
117.46,16,5814,US,0,0,5,133.07,0.88,0,0,0,0
33.21,19,5912,US,0,2,6,89.37,0.37,0,0,0,0
38.51,7,5814,US,0,2,4,109.86,0.35,0,0,0,0
16.67,17,5912,US,0,0,3,101.05,0.16,0,0,0,0
140.53,11,5912,US,0,2,3,144.94,0.97,0,0,0,0
51.99,18,5732,US,0,0,2,126.44,0.41,0,0,1,0
112.48,18,5814,US,0,2,2,74.57,1.51,0,0,0,0
1773.51,4,4829,RU,3,8,7,49.01,36.19,1,1,1,1
75.49,16,5912,US,1,3,6,80.37,0.94,0,0,0,0
29.97,17,5541,US,0,2,4,144.86,0.21,0,0,0,0
26.47,18,5411,US,0,0,5,54.84,0.48,0,0,0,0
71.69,19,5912,US,0,0,0,109.27,0.66,0,0,0,0
82.22,15,5732,US,2,4,8,54.87,1.5,0,0,1,0
37.71,13,5814,US,0,1,4,55.48,0.68,0,0,0,0
11.73,9,4121,CA,0,0,6,67.31,0.17,1,0,0,0
30.93,14,5814,US,0,1,3,130.33,0.24,0,0,0,0
143.22,18,5311,US,0,3,4,98.52,1.45,0,0,0,0
71.98,8,5812,GB,0,2,3,117.97,0.61,1,0,0,0
52.74,14,5411,US,0,0,7,65.93,0.8,0,0,0,0
158.49,19,5411,US,0,0,5,84.09,1.88,0,0,0,0
46.31,12,5541,US,0,0,4,107.33,0.43,0,0,0,0
33.06,19,5912,US,0,2,3,55.57,0.59,0,0,0,0
87.73,11,5311,US,0,1,3,80.42,1.09,0,0,0,0
209.63,10,5311,US,2,2,6,91.22,2.3,0,0,0,0
28.15,13,5411,US,0,0,3,60.6,0.46,0,0,0,0
71.62,18,5541,US,1,2,4,103.41,0.69,0,0,0,0
51.79,14,5411,US,0,2,5,57.78,0.9,0,0,0,0
24.33,17,5732,US,0,0,1,94.25,0.26,0,0,1,0
45.9,20,4121,US,0,1,6,143.91,0.32,0,0,0,0
140.39,15,5912,US,0,0,0,135.06,1.04,0,0,0,0
70.91,14,5311,FR,0,1,5,68.73,1.03,1,0,0,0
55.49,18,5311,US,0,1,2,121.51,0.46,0,0,0,0
19.94,12,5732,US,0,1,2,84.76,0.24,0,0,1,0
24.23,15,5311,US,0,0,1,96.45,0.25,0,0,0,0
32.55,17,5311,US,0,1,3,54.06,0.6,0,0,0,0
48.0,13,5812,US,0,1,3,147.79,0.32,0,0,0,0
4.34,13,5912,US,0,1,7,92.82,0.05,0,0,0,0
49.06,21,4121,US,0,0,1,116.71,0.42,0,0,0,0
847.36,1,5732,RO,6,13,24,80.94,10.47,1,1,1,1
74.09,8,5311,US,0,1,4,112.7,0.66,0,0,0,0
88.93,15,5732,US,1,1,6,105.79,0.84,0,0,1,0
56.82,4,4121,US,0,0,1,94.68,0.6,0,1,0,0
230.05,12,5541,US,0,0,1,93.07,2.47,0,0,0,0
165.38,20,5814,US,0,0,1,89.09,1.86,0,0,0,0
150.62,13,5814,US,0,0,3,115.2,1.31,0,0,0,0
9.16,15,5812,US,0,1,5,78.85,0.12,0,0,0,0
50.42,14,5311,US,0,0,2,76.18,0.66,0,0,0,0
114.65,12,5311,US,0,0,2,96.45,1.19,0,0,0,0
25.37,11,5311,US,0,1,3,136.36,0.19,0,0,0,0
49.67,13,5311,US,0,1,4,138.81,0.36,0,0,0,0
22.26,17,5912,US,0,0,2,113.24,0.2,0,0,0,0
148.1,3,5541,US,0,1,2,80.37,1.84,0,1,0,0
159.38,11,5912,US,0,2,5,50.15,3.18,0,0,0,0
34.85,17,5814,US,1,2,4,71.04,0.49,0,0,0,0
149.98,11,4121,US,0,1,3,69.81,2.15,0,0,0,0
174.22,14,5311,US,0,1,1,95.97,1.82,0,0,0,0
203.28,14,5812,US,0,1,3,113.18,1.8,0,0,0,0
60.27,10,5912,US,0,3,7,76.04,0.79,0,0,0,0
94.5,15,5541,US,1,1,6,103.12,0.92,0,0,0,0
94.26,23,5814,US,0,0,1,143.65,0.66,0,0,0,0
59.21,16,5541,US,1,1,4,84.81,0.7,0,0,0,0
47.78,9,5814,US,0,3,4,113.56,0.42,0,0,0,0
61.4,9,5411,US,0,1,3,130.26,0.47,0,0,0,0
7.82,18,4121,US,1,1,4,109.38,0.07,0,0,0,0
86.24,13,5814,US,0,1,3,109.41,0.79,0,0,0,0
34.8,15,5812,US,0,0,2,75.29,0.46,0,0,0,0
16.64,17,5541,US,0,2,3,63.76,0.26,0,0,0,0
13.25,13,4121,US,0,1,5,121.06,0.11,0,0,0,0
101.62,13,5311,US,1,2,4,78.8,1.29,0,0,0,0
18.31,11,5311,US,0,0,3,63.65,0.29,0,0,0,0
113.4,16,5814,US,0,1,3,98.81,1.15,0,0,0,0
90.17,10,5311,US,1,1,2,98.18,0.92,0,0,0,0
619.24,3,5944,RU,2,7,10,91.81,6.74,1,1,1,1
99.63,8,5814,US,0,2,6,147.31,0.68,0,0,0,0
68.84,15,4121,US,0,1,5,136.32,0.5,0,0,0,0
44.12,14,5912,US,0,0,4,141.97,0.31,0,0,0,0
21.53,9,4121,US,0,0,2,96.99,0.22,0,0,0,0
36.98,9,5812,US,0,0,3,149.17,0.25,0,0,0,0
24.96,8,5732,US,0,2,5,55.4,0.45,0,0,1,0
2.82,1,5311,US,8,26,31,41.86,0.07,0,1,0,1
4.06,6,5411,US,0,1,5,80.03,0.05,0,0,0,0
111.67,10,5812,US,0,0,5,105.95,1.05,0,0,0,0
35.14,11,5912,CA,2,3,6,136.63,0.26,1,0,0,0
48.67,16,5912,US,0,1,3,63.66,0.76,0,0,0,0
1642.37,17,5944,NG,1,2,9,66.12,24.84,1,0,1,1
26.23,19,5912,US,1,1,2,140.06,0.19,0,0,0,0
107.93,12,4121,US,0,0,1,63.57,1.7,0,0,0,0
100.59,17,5812,FR,1,1,3,110.56,0.91,1,0,0,0
5.41,15,5814,US,0,0,2,98.7,0.05,0,0,0,0
85.8,17,5732,US,0,2,4,107.11,0.8,0,0,1,0
104.59,11,5812,US,0,0,5,125.84,0.83,0,0,0,0
82.66,13,5541,US,0,0,6,149.5,0.55,0,0,0,0
49.96,14,5311,US,0,0,1,119.65,0.42,0,0,0,0
932.14,18,5732,GB,4,9,20,77.85,11.97,1,0,1,1
22.83,12,5411,US,0,1,7,78.78,0.29,0,0,0,0
43.89,14,5311,US,0,0,2,141.14,0.31,0,0,0,0
488.73,11,7995,RO,5,10,29,79.1,6.18,1,0,1,1
22.48,10,5814,US,0,0,1,70.94,0.32,0,0,0,0
99.94,17,5912,US,0,3,7,69.48,1.44,0,0,0,0
23.36,5,5912,US,0,1,2,71.1,0.33,0,1,0,0
48.92,18,5732,US,0,2,6,130.3,0.38,0,0,1,0
790.29,10,5311,US,0,0,2,106.46,7.42,0,0,0,0
34.84,19,5311,US,1,1,4,85.47,0.41,0,0,0,0
19.86,15,5812,US,0,0,3,87.83,0.23,0,0,0,0
20.41,19,5311,US,0,0,3,54.24,0.38,0,0,0,0
161.38,19,5541,US,0,1,1,128.87,1.25,0,0,0,0
140.6,18,5732,US,1,3,5,91.44,1.54,0,0,1,0
7.36,12,4121,US,1,5,7,102.33,0.07,0,0,0,0
118.53,15,5411,US,0,1,4,93.13,1.27,0,0,0,0
39.62,10,5814,US,0,0,4,130.25,0.3,0,0,0,0
91.3,16,5814,US,0,1,3,96.15,0.95,0,0,0,0
17.46,16,5541,US,0,0,0,119.92,0.15,0,0,0,0
5.53,9,5311,US,0,0,4,128.94,0.04,0,0,0,0
126.27,7,4121,US,0,0,1,86.21,1.46,0,0,0,0
241.39,11,5812,US,0,2,3,124.29,1.94,0,0,0,0
16.51,9,5732,US,0,1,2,129.04,0.13,0,0,1,0
58.33,18,5912,US,0,2,6,99.99,0.58,0,0,0,0
101.68,10,5732,US,0,0,1,86.82,1.17,0,0,1,0
19.41,11,5912,US,0,1,4,89.35,0.22,0,0,0,0
198.9,16,5411,US,0,2,6,50.3,3.95,0,0,0,0
66.91,16,5411,US,0,1,6,84.93,0.79,0,0,0,0
45.42,7,5541,US,0,0,0,145.91,0.31,0,0,0,0
1704.75,0,7995,CY,3,4,5,42.31,40.29,1,1,1,1
9.05,14,4121,US,0,0,1,132.54,0.07,0,0,0,0
33.23,13,5411,US,1,2,6,106.58,0.31,0,0,0,0
26.87,8,5912,US,1,4,4,110.82,0.24,0,0,0,0
37.85,21,5732,US,2,2,3,73.25,0.52,0,0,1,0
86.85,6,5311,US,0,1,4,148.59,0.58,0,0,0,0
41.37,7,4121,US,0,1,3,132.24,0.31,0,0,0,0
61.99,15,4121,US,0,0,3,83.58,0.74,0,0,0,0
40.35,13,5541,US,0,2,4,115.11,0.35,0,0,0,0
49.95,13,5732,US,1,2,4,64.2,0.78,0,0,1,0
8819.62,4,5732,US,1,6,9,93.95,93.88,0,1,1,1
89.34,14,5411,US,0,1,3,129.57,0.69,0,0,0,0
3037.28,6,4829,CN,1,3,7,61.56,49.34,1,0,1,1
12.4,14,5311,US,0,1,6,104.1,0.12,0,0,0,0
23.16,9,5732,US,1,2,6,75.6,0.31,0,0,1,0
184.53,15,5541,US,0,0,3,102.9,1.79,0,0,0,0
43.44,22,5732,US,0,3,7,60.8,0.71,0,0,1,0
134.0,17,5541,US,0,1,5,97.24,1.38,0,0,0,0
148.52,14,5732,US,0,0,1,123.71,1.2,0,0,1,0
2000.14,2,6051,CN,3,6,9,79.78,25.07,1,1,1,1
17.8,17,4121,US,1,3,6,80.96,0.22,0,0,0,0
45.05,11,5812,DE,0,1,3,97.5,0.46,1,0,0,0
150.91,18,5311,US,1,1,7,86.21,1.75,0,0,0,0
35.78,17,5732,US,0,3,6,65.84,0.54,0,0,1,0
152.82,16,4121,US,0,2,3,130.36,1.17,0,0,0,0
12.16,17,5541,US,0,0,2,79.21,0.15,0,0,0,0
124.49,8,4121,US,0,0,3,67.85,1.83,0,0,0,0
39.1,12,5814,US,0,1,4,67.83,0.58,0,0,0,0
105.28,18,4121,US,0,3,3,74.72,1.41,0,0,0,0
2799.03,0,5732,RU,1,4,7,70.0,39.99,1,1,1,1
10.74,16,5912,US,0,1,6,125.43,0.09,0,0,0,0
77.69,11,4121,US,0,0,1,148.72,0.52,0,0,0,0
62.12,15,5732,US,1,2,4,85.17,0.73,0,0,1,0
13.24,14,5411,US,1,2,5,141.47,0.09,0,0,0,0
99.35,14,5812,US,0,2,6,53.53,1.86,0,0,0,0
76.2,20,5311,US,0,0,1,70.65,1.08,0,0,0,0
57.95,4,5732,US,1,3,4,74.01,0.78,0,1,1,0
19.24,1,5732,US,0,2,5,56.41,0.34,0,1,1,0
28.02,12,5912,US,0,0,3,119.57,0.23,0,0,0,0
416.4,17,5814,US,0,1,5,94.76,4.39,0,0,0,0
56.08,16,5541,US,0,0,2,146.87,0.38,0,0,0,0
1522.0,13,5732,CY,3,6,8,73.99,20.57,1,0,1,1
35.17,14,5912,US,2,2,6,50.62,0.69,0,0,0,0
52.26,12,5812,US,0,3,5,67.86,0.77,0,0,0,0
6.47,22,5732,US,0,1,4,132.08,0.05,0,0,1,0
60.42,15,5814,US,0,3,5,87.29,0.69,0,0,0,0
45.69,17,5814,US,0,2,6,102.82,0.44,0,0,0,0
20.68,17,5732,US,1,1,4,146.7,0.14,0,0,1,0
13.37,9,5912,US,0,1,3,123.99,0.11,0,0,0,0
51.01,7,5541,US,0,2,6,140.08,0.36,0,0,0,0
45.57,11,5732,US,0,0,0,64.01,0.71,0,0,1,0
80.22,11,5541,US,0,1,2,109.84,0.73,0,0,0,0
24.26,8,5814,US,0,0,2,60.8,0.4,0,0,0,0
15.78,17,5814,US,1,2,3,101.81,0.15,0,0,0,0
70.07,12,5732,US,0,0,3,90.44,0.77,0,0,1,0
90.22,7,5411,US,1,1,2,143.82,0.63,0,0,0,0
29.51,11,5814,US,2,2,6,51.83,0.57,0,0,0,0
35.25,11,5541,US,0,0,4,133.46,0.26,0,0,0,0
33.86,7,4121,US,0,0,3,92.1,0.37,0,0,0,0
5.31,9,4121,US,0,0,1,115.98,0.05,0,0,0,0
99.94,11,5411,US,0,1,5,99.69,1.0,0,0,0,0
82.13,9,5732,US,0,0,4,73.66,1.11,0,0,1,0
2.65,14,5311,UA,6,23,48,83.76,0.03,1,0,0,1
334.59,15,5311,US,0,1,7,88.61,3.78,0,0,0,0
67.48,9,5311,US,0,1,4,135.43,0.5,0,0,0,0
30.43,11,5311,GB,0,1,4,122.14,0.25,1,0,0,0
14.75,14,5411,US,1,2,5,91.28,0.16,0,0,0,0
38.22,9,5541,US,0,1,4,107.14,0.36,0,0,0,0
22.09,13,4121,US,0,0,1,91.0,0.24,0,0,0,0
590.79,16,5812,US,0,1,5,118.41,4.99,0,0,0,0
37.91,13,5912,US,0,0,0,100.16,0.38,0,0,0,0
48.03,9,4121,US,0,0,0,66.67,0.72,0,0,0,0
81.61,9,5814,US,0,3,5,78.97,1.03,0,0,0,0
24.97,23,4121,US,1,2,3,83.22,0.3,0,0,0,0
2415.19,1,5732,RO,1,3,9,84.08,28.72,1,1,1,1
23.58,13,4121,US,0,0,2,113.82,0.21,0,0,0,0
179.83,17,5814,DE,0,2,3,149.4,1.2,1,0,0,0
32.06,17,5812,US,0,1,3,122.2,0.26,0,0,0,0
119.86,11,5732,US,0,2,4,100.64,1.19,0,0,1,0
29.26,20,5912,US,0,3,6,91.7,0.32,0,0,0,0
40.36,12,5311,CA,0,1,1,80.51,0.5,1,0,0,0
1365.58,20,7995,NG,1,2,11,40.73,33.53,1,0,1,1
60.84,9,5814,US,0,1,2,124.56,0.49,0,0,0,0
31.98,16,5814,US,0,0,1,87.75,0.36,0,0,0,0
68.93,12,5732,US,0,0,8,112.16,0.61,0,0,1,0
14.21,12,5541,GB,0,2,4,59.34,0.24,1,0,0,0
51.37,17,5732,US,0,0,3,111.32,0.46,0,0,1,0
12.04,10,5411,GB,1,3,6,138.03,0.09,1,0,0,0
36.58,10,5814,US,0,0,4,68.89,0.53,0,0,0,0
99.93,9,5311,US,0,0,2,100.04,1.0,0,0,0,0
76.08,16,5812,US,0,0,3,82.18,0.93,0,0,0,0
36.48,19,5411,US,0,3,4,134.47,0.27,0,0,0,0
36.76,20,5912,US,0,1,4,121.29,0.3,0,0,0,0
87.49,7,5732,US,0,1,4,132.67,0.66,0,0,1,0
250.74,21,5541,US,0,1,2,142.36,1.76,0,0,0,0
8.47,14,5541,US,0,2,5,54.33,0.16,0,0,0,0
20.08,12,5912,US,0,0,3,103.66,0.19,0,0,0,0
16.52,17,5541,US,0,0,1,144.75,0.11,0,0,0,0
46.95,15,5732,US,0,2,5,87.51,0.54,0,0,1,0
61.75,14,5311,US,1,1,2,57.05,1.08,0,0,0,0
37.75,16,5311,US,0,1,4,109.17,0.35,0,0,0,0
28.59,11,5912,US,1,3,9,60.62,0.47,0,0,0,0
5.28,18,5411,US,1,2,3,140.99,0.04,0,0,0,0
35.21,22,5311,US,0,1,5,105.12,0.33,0,0,0,0
5.13,12,5541,US,0,0,3,141.96,0.04,0,0,0,0
61.21,14,5812,US,0,1,7,114.02,0.54,0,0,0,0
2077.29,17,5944,CN,1,5,5,66.57,31.2,1,0,1,1
66.65,10,5311,US,0,1,3,77.42,0.86,0,0,0,0
212.45,13,5812,US,0,1,2,133.59,1.59,0,0,0,0
109.44,13,5814,US,0,1,2,78.37,1.4,0,0,0,0
23.52,4,4121,US,0,1,3,119.65,0.2,0,1,0,0
160.09,8,5541,US,1,3,5,106.05,1.51,0,0,0,0
150.59,11,5411,US,0,0,0,50.83,2.96,0,0,0,0
21.45,23,5814,US,0,0,4,73.15,0.29,0,0,0,0
13.92,15,4121,US,0,0,4,50.97,0.27,0,0,0,0
29.54,13,5912,US,0,0,1,137.01,0.22,0,0,0,0
12.04,15,4121,JP,0,0,4,62.56,0.19,1,0,0,0
48.51,1,5411,US,0,0,1,59.85,0.81,0,1,0,0
64.69,9,5411,US,0,0,2,61.99,1.04,0,0,0,0
17.21,14,5812,US,0,1,4,113.97,0.15,0,0,0,0
117.48,17,5812,US,0,0,0,69.43,1.69,0,0,0,0
102.21,15,5812,US,0,2,5,91.47,1.12,0,0,0,0
25.81,13,5311,US,0,1,2,137.9,0.19,0,0,0,0
108.81,16,5732,US,0,4,7,99.3,1.1,0,0,1,0
27.26,15,4121,US,0,0,2,93.77,0.29,0,0,0,0
66.91,7,5912,US,0,1,2,100.65,0.66,0,0,0,0
113.27,18,5814,US,1,1,3,82.84,1.37,0,0,0,0
27.28,13,5912,US,2,3,6,129.61,0.21,0,0,0,0
53.39,10,5541,US,0,0,1,131.21,0.41,0,0,0,0
19.25,15,5732,US,0,0,3,103.32,0.19,0,0,1,0
40.29,19,5732,US,0,1,4,100.56,0.4,0,0,1,0
22.87,15,5814,US,0,1,3,145.4,0.16,0,0,0,0
28.51,10,5812,US,0,1,7,127.73,0.22,0,0,0,0
65.34,16,5311,US,0,1,3,131.29,0.5,0,0,0,0
100.24,17,5732,US,0,0,1,60.37,1.66,0,0,1,0
12.94,4,5812,US,0,5,7,145.42,0.09,0,1,0,0
209.18,15,5912,US,2,2,4,65.95,3.17,0,0,0,0
159.84,16,5912,JP,0,0,2,82.23,1.94,1,0,0,0
54.64,13,5812,US,1,2,3,65.58,0.83,0,0,0,0
129.37,9,5541,US,0,0,3,58.56,2.21,0,0,0,0
9.25,3,4121,US,0,0,2,71.12,0.13,0,1,0,0
13.51,12,5541,US,0,0,1,146.18,0.09,0,0,0,0
59.34,14,5814,US,0,1,1,65.01,0.91,0,0,0,0
41.72,11,5812,US,0,2,4,105.81,0.39,0,0,0,0
49.07,13,5411,US,0,1,2,140.43,0.35,0,0,0,0
9.76,12,5411,US,0,1,2,63.67,0.15,0,0,0,0
40.33,15,5311,US,0,0,3,120.66,0.33,0,0,0,0
82.82,17,5912,US,1,3,6,100.37,0.83,0,0,0,0
910.65,5,6051,US,5,24,15,85.89,10.6,0,1,1,1
34.05,13,5411,US,0,2,3,86.11,0.4,0,0,0,0
38.86,12,5541,US,0,2,5,60.99,0.64,0,0,0,0
593.89,1,4829,RO,9,18,20,73.43,8.09,1,1,1,1
61.92,16,5411,US,0,1,3,112.56,0.55,0,0,0,0
46.07,11,5411,US,0,1,4,126.6,0.36,0,0,0,0
121.53,16,5912,US,0,0,3,83.04,1.46,0,0,0,0
23.93,10,5814,US,0,0,0,80.12,0.3,0,0,0,0
194.3,16,5411,US,0,1,5,70.68,2.75,0,0,0,0
3.77,14,5812,US,0,0,4,67.16,0.06,0,0,0,0
50.96,13,5411,US,0,0,4,61.7,0.83,0,0,0,0
21.2,15,5814,US,0,0,1,79.84,0.27,0,0,0,0
29.27,11,5912,US,0,0,3,110.29,0.27,0,0,0,0
18.86,4,5814,US,0,1,4,54.03,0.35,0,1,0,0
19.1,6,4121,US,0,0,1,78.54,0.24,0,0,0,0
41.43,13,5732,JP,0,1,2,110.77,0.37,1,0,1,0
37.79,16,5732,US,0,0,3,81.27,0.46,0,0,1,0
16.1,16,4121,US,0,0,4,91.62,0.18,0,0,0,0
70.84,10,5411,US,0,0,2,147.57,0.48,0,0,0,0
73.56,10,5812,US,0,0,2,103.32,0.71,0,0,0,0
51.21,14,5912,US,0,0,4,133.19,0.38,0,0,0,0
59.01,16,5541,US,0,0,3,134.74,0.44,0,0,0,0
1654.21,15,5944,RU,3,5,12,73.78,22.42,1,0,1,1
30.12,22,5732,US,1,3,8,86.64,0.35,0,0,1,0
48.99,21,5912,US,0,1,4,66.29,0.74,0,0,0,0
23.68,16,5411,US,1,1,2,62.72,0.38,0,0,0,0
51.02,7,5812,US,1,2,3,137.12,0.37,0,0,0,0
45.73,12,5311,US,0,1,4,101.21,0.45,0,0,0,0
20.75,17,5812,US,0,2,5,145.72,0.14,0,0,0,0
75.56,13,5812,US,0,0,1,100.38,0.75,0,0,0,0
217.84,9,5541,US,0,0,1,83.47,2.61,0,0,0,0
120.41,17,5311,US,0,1,4,116.08,1.04,0,0,0,0
27.13,19,5732,US,0,1,3,72.24,0.38,0,0,1,0
37.27,18,5732,US,0,0,2,120.54,0.31,0,0,1,0
136.37,18,5541,US,0,2,4,121.02,1.13,0,0,0,0
16.85,10,5812,US,1,1,1,149.2,0.11,0,0,0,0
38.17,7,5311,US,0,2,3,117.32,0.33,0,0,0,0
23.58,12,5912,US,0,1,2,84.77,0.28,0,0,0,0
27.59,17,5541,US,0,0,2,66.03,0.42,0,0,0,0
122.2,14,5732,US,0,0,3,61.61,1.98,0,0,1,0
6.21,7,5912,US,0,2,3,70.18,0.09,0,0,0,0
33.69,17,5541,US,1,1,1,119.53,0.28,0,0,0,0
42.31,18,5541,US,0,1,5,116.32,0.36,0,0,0,0
104.83,19,4121,JP,0,0,1,74.26,1.41,1,0,0,0
172.2,13,5732,US,0,0,3,142.9,1.21,0,0,1,0
91.26,18,5912,US,0,0,0,100.86,0.9,0,0,0,0
3.44,16,5814,DE,0,0,4,68.67,0.05,1,0,0,0
12.77,15,5541,US,0,1,2,132.23,0.1,0,0,0,0
25.61,11,5912,US,1,3,4,124.17,0.21,0,0,0,0
51.15,18,5732,US,0,3,7,60.25,0.85,0,0,1,0
186.1,12,5912,US,0,0,1,116.02,1.6,0,0,0,0
14.94,7,5411,US,0,0,3,92.28,0.16,0,0,0,0
108.66,12,5912,US,0,0,3,59.41,1.83,0,0,0,0
21.28,18,5814,FR,1,1,2,120.37,0.18,1,0,0,0
39.71,19,5411,US,0,1,5,92.44,0.43,0,0,0,0
75.02,12,5812,US,0,0,1,66.05,1.14,0,0,0,0
14.93,8,4121,US,0,2,2,66.48,0.22,0,0,0,0
134.05,15,5411,US,0,1,2,65.16,2.06,0,0,0,0
9.99,9,5311,US,0,3,4,104.67,0.1,0,0,0,0
347.04,15,5812,US,0,0,2,72.88,4.76,0,0,0,0
17.94,19,5311,US,0,0,3,141.85,0.13,0,0,0,0
89.4,15,4121,US,2,3,4,138.31,0.65,0,0,0,0
48.48,17,5732,US,1,3,5,122.0,0.4,0,0,1,0
9.51,16,4121,US,1,1,3,50.83,0.19,0,0,0,0
110.18,12,5311,US,0,0,1,121.96,0.9,0,0,0,0
90.52,13,5812,US,0,0,3,53.79,1.68,0,0,0,0
57.06,7,5912,US,0,1,1,67.74,0.84,0,0,0,0
13.46,17,5311,US,0,2,4,141.73,0.09,0,0,0,0
43.35,10,5732,US,1,1,5,84.8,0.51,0,0,1,0
240.17,10,5814,US,1,4,8,69.48,3.46,0,0,0,0
135.68,19,5411,US,0,1,4,96.01,1.41,0,0,0,0
21.85,13,4121,US,0,2,4,67.92,0.32,0,0,0,0
34.33,10,5814,US,0,0,4,121.27,0.28,0,0,0,0
29.08,11,5814,US,0,0,5,114.13,0.25,0,0,0,0
10.32,12,5311,US,0,1,4,135.25,0.08,0,0,0,0
20.47,11,5912,US,0,1,3,79.93,0.26,0,0,0,0
36.9,16,5732,US,0,1,3,64.87,0.57,0,0,1,0
60.23,16,5311,US,0,1,6,140.5,0.43,0,0,0,0
18.04,15,5541,US,0,0,0,78.71,0.23,0,0,0,0
181.37,17,5311,US,1,1,2,83.12,2.18,0,0,0,0
48.36,8,4121,GB,0,0,2,103.08,0.47,1,0,0,0
20.7,19,5812,US,0,0,3,75.84,0.27,0,0,0,0
25.94,14,5732,US,0,0,0,148.78,0.17,0,0,1,0
37.51,13,4121,US,3,3,4,120.63,0.31,0,0,0,0
46.22,9,4121,US,0,0,2,139.06,0.33,0,0,0,0
52.54,17,5311,US,0,0,5,63.84,0.82,0,0,0,0
204.92,16,5311,US,0,2,4,148.55,1.38,0,0,0,0
78.47,16,5311,US,0,1,3,119.49,0.66,0,0,0,0
50.9,6,5541,US,0,1,6,129.05,0.39,0,0,0,0
53.14,12,5912,US,0,1,4,146.39,0.36,0,0,0,0
69.74,18,5912,US,0,0,0,108.6,0.64,0,0,0,0
746.91,9,4829,US,6,20,31,49.16,15.19,0,0,1,1
28.58,9,5541,US,0,2,8,136.44,0.21,0,0,0,0
69.55,12,5311,US,0,2,5,88.6,0.78,0,0,0,0
49.12,16,5912,JP,0,1,7,143.37,0.34,1,0,0,0
51.16,14,5311,US,0,0,3,146.92,0.35,0,0,0,0
61.95,16,5541,US,0,0,2,138.67,0.45,0,0,0,0
134.87,17,5541,US,0,2,3,74.59,1.81,0,0,0,0
27.41,9,4121,US,0,0,3,144.48,0.19,0,0,0,0
44.07,16,5812,US,0,0,3,121.66,0.36,0,0,0,0
25.89,20,4121,US,0,1,6,145.15,0.18,0,0,0,0
37.65,14,5814,US,1,2,3,93.82,0.4,0,0,0,0
40.73,20,5814,JP,0,0,5,87.11,0.47,1,0,0,0
31.54,11,5812,US,0,2,7,147.76,0.21,0,0,0,0
33.59,11,4121,US,0,1,3,57.71,0.58,0,0,0,0
74.63,15,5814,US,0,0,5,90.83,0.82,0,0,0,0
6.35,7,5814,US,0,3,5,102.48,0.06,0,0,0,0
22.05,9,5812,US,0,1,5,109.33,0.2,0,0,0,0
21.83,12,5732,US,1,2,5,138.3,0.16,0,0,1,0
67.07,12,5732,US,0,1,4,105.89,0.63,0,0,1,0
95.93,18,5912,US,0,3,4,127.97,0.75,0,0,0,0
5.84,14,5814,US,0,2,3,105.43,0.06,0,0,0,0
56.36,9,5732,US,1,2,4,117.92,0.48,0,0,1,0
544.36,14,5541,US,0,1,2,130.16,4.18,0,0,0,0
13.68,22,5311,US,0,1,5,119.39,0.11,0,0,0,0
21.51,23,4121,US,0,0,3,123.92,0.17,0,0,0,0
465.1,5,4829,GB,5,25,27,83.86,5.55,1,1,1,1
46.4,8,5541,US,0,0,2,88.16,0.53,0,0,0,0
118.96,10,5311,GB,0,1,3,99.85,1.19,1,0,0,0
59.12,11,5812,US,0,1,4,64.42,0.92,0,0,0,0
58.53,9,5812,US,0,0,2,119.89,0.49,0,0,0,0
15.51,8,5411,US,0,0,0,146.23,0.11,0,0,0,0
9059.38,2,5944,CN,1,6,4,73.11,123.91,1,1,1,1
4430.2,0,6051,CY,3,4,10,60.58,73.13,1,1,1,1
25.88,4,5311,US,0,2,7,77.69,0.33,0,1,0,0
16.3,11,4121,US,0,2,7,108.71,0.15,0,0,0,0
22.16,11,5814,US,0,1,3,63.47,0.35,0,0,0,0
24.32,16,5912,US,0,0,4,54.56,0.45,0,0,0,0
48.9,11,5912,CA,0,0,2,135.97,0.36,1,0,0,0
91.99,14,5311,US,1,3,4,115.25,0.8,0,0,0,0
66.7,15,5732,US,0,0,4,117.31,0.57,0,0,1,0
313.18,18,5541,GB,0,0,5,62.5,5.01,1,0,0,0
21.82,18,4121,US,0,1,2,136.98,0.16,0,0,0,0
113.67,7,5732,US,0,1,2,70.59,1.61,0,0,1,0
36.15,22,5732,US,0,0,1,75.32,0.48,0,0,1,0
43.98,21,5311,US,1,2,6,79.31,0.55,0,0,0,0
24.22,11,5732,US,0,1,4,119.49,0.2,0,0,1,0
11.43,9,5311,US,0,0,2,66.36,0.17,0,0,0,0
38.61,11,4121,US,0,1,5,106.97,0.36,0,0,0,0
21.92,10,4121,US,0,1,2,61.82,0.35,0,0,0,0
26.85,10,5311,US,0,0,2,117.01,0.23,0,0,0,0
25.41,12,5411,US,0,1,2,110.79,0.23,0,0,0,0
63.26,7,5812,US,0,0,2,53.26,1.19,0,0,0,0
72.93,16,5311,US,1,2,5,90.54,0.81,0,0,0,0
28.81,8,5311,US,0,2,5,105.85,0.27,0,0,0,0
24.48,16,5411,US,0,0,3,116.99,0.21,0,0,0,0
67.77,16,5311,US,0,0,3,124.62,0.54,0,0,0,0
20.55,6,4121,US,0,0,3,135.2,0.15,0,0,0,0
27.18,13,5732,US,0,2,2,65.27,0.42,0,0,1,0
59.35,13,5912,US,0,0,3,83.35,0.71,0,0,0,0
25.44,18,5311,US,2,4,5,144.52,0.18,0,0,0,0
33.03,17,5912,US,0,0,3,95.09,0.35,0,0,0,0
199.53,9,5912,US,0,0,0,62.26,3.2,0,0,0,0
66.85,21,5814,US,1,1,6,110.75,0.6,0,0,0,0
2584.53,5,5732,RU,1,6,8,43.79,59.02,1,1,1,1
29.06,17,4121,US,0,0,3,98.99,0.29,0,0,0,0
75.71,14,5541,US,0,0,4,105.34,0.72,0,0,0,0
53.46,15,5812,US,0,1,3,107.47,0.5,0,0,0,0
7.02,9,5814,US,0,1,2,135.84,0.05,0,0,0,0
263.14,15,5812,US,0,0,2,119.3,2.21,0,0,0,0
25.14,13,5814,US,0,0,4,85.55,0.29,0,0,0,0
30.55,18,5912,US,0,2,6,113.76,0.27,0,0,0,0
34.95,15,5812,US,0,2,5,96.87,0.36,0,0,0,0
37.61,14,5311,US,1,2,3,144.01,0.26,0,0,0,0
67.89,15,5411,US,0,2,5,102.27,0.66,0,0,0,0
17.8,15,5541,US,1,2,3,147.73,0.12,0,0,0,0
158.49,11,5541,US,0,0,2,56.55,2.8,0,0,0,0
54.97,11,5311,US,1,1,5,84.14,0.65,0,0,0,0
26.36,14,5814,US,0,1,8,76.93,0.34,0,0,0,0
66.12,20,5812,US,0,0,3,101.22,0.65,0,0,0,0
2.5,3,5311,UA,8,12,35,58.79,0.04,1,1,0,1
92.39,14,5732,US,1,3,7,50.44,1.83,0,0,1,0
27.89,20,5732,US,0,1,2,62.02,0.45,0,0,1,0
18.61,18,5814,US,0,0,3,76.1,0.24,0,0,0,0
44.26,17,5912,US,0,1,4,112.58,0.39,0,0,0,0
29.65,16,4121,US,1,2,5,118.54,0.25,0,0,0,0
76.85,15,5541,US,0,0,0,147.04,0.52,0,0,0,0
112.06,10,5912,US,0,0,1,54.43,2.06,0,0,0,0
17.84,16,5814,US,0,1,3,61.99,0.29,0,0,0,0
17.02,15,5732,US,0,0,0,137.04,0.12,0,0,1,0
27.75,18,5311,CA,0,1,5,110.05,0.25,1,0,0,0
1.52,1,5311,US,14,27,25,73.45,0.02,0,1,0,1
2213.41,13,7995,CN,4,7,6,59.93,36.93,1,0,1,1
29.45,19,5732,US,0,2,7,99.77,0.3,0,0,1,0
101.28,16,5311,US,0,0,2,138.3,0.73,0,0,0,0
7610.85,5,6051,RU,2,4,6,97.46,78.09,1,1,1,1
109.59,18,5732,US,0,1,3,125.92,0.87,0,0,1,0
77.94,7,5812,US,0,1,7,143.49,0.54,0,0,0,0
89.7,14,5814,US,0,0,1,97.22,0.92,0,0,0,0
14.01,15,5912,US,0,1,3,120.3,0.12,0,0,0,0
58.04,8,5812,US,1,4,9,131.36,0.44,0,0,0,0
8.94,23,5812,US,0,2,5,130.65,0.07,0,0,0,0
61.2,12,5311,US,0,1,8,86.82,0.7,0,0,0,0
339.49,13,5732,GB,7,9,38,89.85,3.78,1,0,1,1
14.28,12,5311,US,1,1,5,134.23,0.11,0,0,0,0
5.85,20,5812,US,0,0,6,77.34,0.08,0,0,0,0
43.48,15,5812,US,0,1,3,134.55,0.32,0,0,0,0
20.49,13,5311,US,1,1,2,133.73,0.15,0,0,0,0
100.4,9,5812,US,0,1,5,139.17,0.72,0,0,0,0
113.77,22,5912,US,0,1,3,103.88,1.1,0,0,0,0
113.98,13,5732,US,0,1,7,97.1,1.17,0,0,1,0
54.66,12,5732,US,0,2,4,84.75,0.64,0,0,1,0
52.13,16,5912,US,1,2,8,120.9,0.43,0,0,0,0
73.95,12,4121,US,0,2,2,79.09,0.94,0,0,0,0
9.17,14,4121,US,0,0,1,93.35,0.1,0,0,0,0
181.86,10,5411,US,0,0,2,125.98,1.44,0,0,0,0
3.2,1,5311,US,9,29,37,63.5,0.05,0,1,0,1
54.16,15,5311,US,0,0,2,142.26,0.38,0,0,0,0
10.84,11,5311,US,0,2,2,134.68,0.08,0,0,0,0
30.3,14,5912,US,0,0,1,131.13,0.23,0,0,0,0
54.47,14,5812,US,0,1,5,142.68,0.38,0,0,0,0
12.38,13,5311,US,1,2,4,112.5,0.11,0,0,0,0
612.0,9,7995,GB,4,20,33,51.69,11.84,1,0,1,1
18.34,16,5812,US,0,1,4,106.68,0.17,0,0,0,0
30.72,12,5311,US,1,2,4,89.49,0.34,0,0,0,0
71.66,12,4121,US,1,3,6,120.98,0.59,0,0,0,0
68.39,10,5912,US,1,1,3,52.0,1.32,0,0,0,0
70.46,17,5311,US,0,1,6,127.3,0.55,0,0,0,0
27.82,15,5912,US,1,2,3,69.35,0.4,0,0,0,0
35.58,11,5311,FR,1,2,4,143.31,0.25,1,0,0,0
38.39,18,5541,FR,0,0,3,136.21,0.28,1,0,0,0
18.12,14,5912,US,0,1,3,78.52,0.23,0,0,0,0
125.7,14,5812,US,0,0,0,92.44,1.36,0,0,0,0
70.03,21,5411,FR,0,0,2,126.06,0.56,1,0,0,0
177.4,9,5311,US,0,0,3,123.83,1.43,0,0,0,0
39.31,18,5812,US,0,1,2,73.52,0.53,0,0,0,0
6.59,16,5541,US,0,2,5,60.63,0.11,0,0,0,0
65.89,14,5912,US,1,2,7,107.66,0.61,0,0,0,0
38.17,15,4121,US,0,2,3,117.87,0.32,0,0,0,0
177.35,13,5411,US,0,1,2,85.11,2.08,0,0,0,0
60.26,13,5732,US,1,3,9,139.03,0.43,0,0,1,0
27.41,14,5311,US,0,3,6,132.61,0.21,0,0,0,0
91.28,15,5411,US,0,0,3,135.66,0.67,0,0,0,0
135.11,16,5814,US,0,0,2,68.26,1.98,0,0,0,0
126.24,12,5411,US,0,0,0,63.39,1.99,0,0,0,0
274.35,12,5411,US,0,1,7,130.75,2.1,0,0,0,0
145.21,9,5541,US,0,0,3,111.3,1.3,0,0,0,0
19.48,12,5311,US,0,0,4,92.12,0.21,0,0,0,0
45.85,12,5541,US,0,0,3,138.89,0.33,0,0,0,0
18.14,19,5541,US,0,0,2,100.87,0.18,0,0,0,0
12.9,13,5814,US,0,0,4,102.58,0.13,0,0,0,0
62.29,6,5812,FR,0,0,2,144.89,0.43,1,0,0,0
15.96,9,5311,US,0,1,4,80.98,0.2,0,0,0,0
50.36,20,5814,US,1,2,6,124.74,0.4,0,0,0,0
38.79,9,5541,US,0,2,2,123.4,0.31,0,0,0,0
19.25,21,4121,US,0,0,1,95.13,0.2,0,0,0,0
43.63,11,5912,DE,0,2,5,50.69,0.86,1,0,0,0
126.64,12,5732,US,0,2,5,95.88,1.32,0,0,1,0
129.77,10,5311,US,0,0,1,94.05,1.38,0,0,0,0
53.18,11,5411,US,0,0,3,86.12,0.62,0,0,0,0
44.17,8,5912,US,0,1,2,121.55,0.36,0,0,0,0
754.42,12,5732,US,1,2,6,76.44,9.87,0,0,1,0
60.28,15,5411,US,0,2,5,66.22,0.91,0,0,0,0
37.19,16,5912,US,0,1,1,75.94,0.49,0,0,0,0
98.53,17,5411,US,0,2,5,128.79,0.77,0,0,0,0
74.47,14,5311,US,0,0,3,109.9,0.68,0,0,0,0
16.65,13,5912,US,1,1,2,104.14,0.16,0,0,0,0
238.41,15,4121,US,0,1,4,110.97,2.15,0,0,0,0
75.46,18,5912,US,0,0,1,125.25,0.6,0,0,0,0
21.02,17,5541,FR,0,2,5,59.34,0.35,1,0,0,0
23.19,15,5411,US,0,2,5,109.87,0.21,0,0,0,0
7213.52,2,5944,UA,2,3,4,88.04,81.93,1,1,1,1
52.17,14,5732,US,0,0,1,117.28,0.44,0,0,1,0
7.39,13,5311,US,0,0,0,66.18,0.11,0,0,0,0
125.24,15,5541,US,0,1,3,73.57,1.7,0,0,0,0
8.4,14,5912,US,0,3,5,105.28,0.08,0,0,0,0
45.53,14,5541,US,0,0,4,97.57,0.47,0,0,0,0
184.45,10,7995,RO,9,9,40,68.66,2.69,1,0,1,1
23.68,12,5814,US,0,0,2,110.77,0.21,0,0,0,0
198.21,10,5311,US,0,0,2,118.05,1.68,0,0,0,0
41.83,10,5732,US,1,3,6,91.86,0.46,0,0,1,0
20.13,17,5541,US,0,0,4,61.48,0.33,0,0,0,0
12.68,15,5732,US,0,0,1,95.79,0.13,0,0,1,0
8.83,11,5411,US,0,1,4,75.55,0.12,0,0,0,0
13.98,5,5912,US,0,2,6,112.56,0.12,0,1,0,0
21.79,18,5814,FR,0,1,1,125.51,0.17,1,0,0,0
40.53,16,5411,US,2,3,5,115.28,0.35,0,0,0,0
30.23,12,5311,GB,0,1,3,145.21,0.21,1,0,0,0
104.76,5,5732,US,0,2,5,118.07,0.89,0,1,1,0
26.15,11,5814,US,0,1,4,82.76,0.32,0,0,0,0
51.63,9,5912,US,0,1,6,115.61,0.45,0,0,0,0
21.25,14,5541,US,0,3,3,138.7,0.15,0,0,0,0
137.17,18,5814,US,0,0,0,115.31,1.19,0,0,0,0
20.87,10,5912,US,0,1,5,82.81,0.25,0,0,0,0
125.74,16,5912,US,0,1,3,143.2,0.88,0,0,0,0
23.68,15,5411,FR,0,2,7,136.2,0.17,1,0,0,0
92.6,8,4121,US,1,3,7,73.06,1.27,0,0,0,0
19.25,17,5912,US,0,0,6,72.44,0.27,0,0,0,0
23.72,12,4121,US,0,0,3,63.69,0.37,0,0,0,0
22.94,16,5732,US,0,3,5,77.23,0.3,0,0,1,0
202.33,17,5812,US,1,2,5,146.15,1.38,0,0,0,0
55.08,9,5732,US,1,1,2,90.42,0.61,0,0,1,0
63.31,10,5814,US,0,3,3,116.27,0.54,0,0,0,0
34.22,15,5732,US,1,1,4,90.42,0.38,0,0,1,0
26.03,14,5812,US,0,3,4,136.9,0.19,0,0,0,0
30.87,9,5912,US,0,0,1,75.81,0.41,0,0,0,0
117.43,16,4121,US,0,1,3,107.42,1.09,0,0,0,0
23.37,10,5812,US,0,3,3,117.62,0.2,0,0,0,0
8982.55,1,5732,CN,2,5,7,85.85,104.63,1,1,1,1
30.2,10,5732,US,1,3,4,74.22,0.41,0,0,1,0
53.34,14,4121,US,0,0,1,110.68,0.48,0,0,0,0
38.14,19,5411,US,0,3,5,52.7,0.72,0,0,0,0
38.78,15,5541,US,0,0,1,66.32,0.58,0,0,0,0
81.92,17,5411,US,0,0,2,85.65,0.96,0,0,0,0
298.13,20,5912,US,0,2,5,82.55,3.61,0,0,0,0
57.85,17,5812,US,0,0,2,67.27,0.86,0,0,0,0
53.29,20,5732,US,1,3,5,73.24,0.73,0,0,1,0
129.75,11,5411,US,0,1,4,95.54,1.36,0,0,0,0
3368.51,16,7995,NG,2,7,5,61.3,54.95,1,0,1,1
179.95,12,5541,US,0,0,1,143.06,1.26,0,0,0,0
147.78,13,5541,FR,0,0,2,74.34,1.99,1,0,0,0
18.94,10,5732,US,0,1,4,135.31,0.14,0,0,1,0
20.15,11,5541,US,0,0,1,104.05,0.19,0,0,0,0
86.04,15,5814,US,1,3,6,123.98,0.69,0,0,0,0
18.35,12,5541,US,1,2,4,79.54,0.23,0,0,0,0
161.51,8,5814,US,0,0,4,126.73,1.27,0,0,0,0
50.19,19,5541,US,0,0,3,63.89,0.79,0,0,0,0
52.09,23,4121,US,0,0,3,149.65,0.35,0,0,0,0
26.51,19,5814,US,0,1,7,125.35,0.21,0,0,0,0
60.59,14,5411,US,0,1,1,90.32,0.67,0,0,0,0
18.35,12,5912,US,0,3,7,141.33,0.13,0,0,0,0
223.03,15,5541,US,0,1,7,53.04,4.2,0,0,0,0
1.5,15,5311,NG,7,17,46,85.23,0.02,1,0,0,1
8.16,16,5541,US,0,0,1,87.91,0.09,0,0,0,0
50.75,16,5814,US,0,1,3,104.52,0.49,0,0,0,0
154.87,19,5541,US,0,0,3,135.22,1.15,0,0,0,0
48.37,21,5411,US,2,3,5,68.54,0.71,0,0,0,0
28.92,16,5732,CA,2,3,7,65.24,0.44,1,0,1,0
139.17,16,5541,US,0,0,2,136.58,1.02,0,0,0,0
68.39,14,4121,US,0,1,3,51.36,1.33,0,0,0,0
46.07,13,5912,US,0,0,4,68.15,0.68,0,0,0,0
87.17,15,5311,US,0,0,1,112.15,0.78,0,0,0,0
177.31,15,5814,US,1,1,4,88.83,2.0,0,0,0,0
116.06,9,5411,US,0,0,2,133.52,0.87,0,0,0,0
89.46,11,5411,US,0,2,8,84.43,1.06,0,0,0,0
110.14,13,5812,US,0,2,5,105.84,1.04,0,0,0,0
99.14,12,5912,US,0,0,1,104.6,0.95,0,0,0,0
167.31,15,5812,US,0,2,2,126.53,1.32,0,0,0,0
66.68,20,5912,US,0,0,1,53.91,1.24,0,0,0,0
38.82,13,5814,US,0,0,4,73.1,0.53,0,0,0,0
693.67,10,5732,US,10,17,30,63.63,10.9,0,0,1,1
23.46,19,5912,US,0,1,6,65.97,0.36,0,0,0,0
401.48,18,7995,GB,8,14,37,84.45,4.75,1,0,1,1
23.41,13,5732,US,0,0,2,146.39,0.16,0,0,1,0
9.31,15,5812,US,2,5,9,81.87,0.11,0,0,0,0
59.77,4,5411,US,0,2,4,134.03,0.45,0,1,0,0
19.0,12,5541,US,0,0,0,65.09,0.29,0,0,0,0
26.05,15,5732,US,1,1,2,118.67,0.22,0,0,1,0
634.69,17,7995,GB,4,16,24,73.97,8.58,1,0,1,1
17.26,15,5912,US,0,3,6,110.25,0.16,0,0,0,0
24.24,16,5541,US,0,1,6,51.29,0.47,0,0,0,0
87.09,17,5812,US,1,1,4,93.17,0.93,0,0,0,0
38.2,8,5812,US,0,0,3,104.25,0.37,0,0,0,0
91.36,19,5311,US,0,0,3,143.49,0.64,0,0,0,0
271.97,18,4121,US,0,1,2,137.13,1.98,0,0,0,0
208.01,10,5411,US,0,0,5,145.32,1.43,0,0,0,0
261.46,13,5814,US,0,0,2,146.79,1.78,0,0,0,0
268.07,22,5944,GB,10,16,15,54.14,4.95,1,0,1,1
14.9,12,5411,FR,0,0,3,97.33,0.15,1,0,0,0
24.01,15,4121,US,0,0,2,60.36,0.4,0,0,0,0
151.57,14,5732,US,0,1,5,139.69,1.09,0,0,1,0
46.86,16,5912,FR,0,0,2,93.9,0.5,1,0,0,0
184.66,20,5541,US,0,2,8,130.05,1.42,0,0,0,0
22.63,11,4121,US,1,2,5,72.08,0.31,0,0,0,0
40.08,10,5732,CA,0,0,3,128.81,0.31,1,0,1,0
16.11,12,5541,US,1,4,4,149.22,0.11,0,0,0,0
8.54,8,5411,US,0,0,2,91.52,0.09,0,0,0,0
88.39,9,5912,US,0,1,5,115.1,0.77,0,0,0,0
29.72,9,5311,US,1,1,4,148.57,0.2,0,0,0,0
38.67,7,5912,US,0,1,2,141.82,0.27,0,0,0,0
46.86,13,5411,US,0,0,5,118.71,0.39,0,0,0,0
40.99,10,4121,US,1,1,4,115.32,0.36,0,0,0,0
29.47,10,5732,US,0,0,1,72.09,0.41,0,0,1,0
30.0,8,5814,US,0,0,7,113.2,0.27,0,0,0,0
53.54,12,5411,US,0,1,1,75.83,0.71,0,0,0,0
49.49,23,5311,CA,0,2,8,111.49,0.44,1,0,0,0
90.72,13,5814,US,0,0,1,82.01,1.11,0,0,0,0
73.92,8,5311,US,0,0,3,73.47,1.01,0,0,0,0
86.8,14,5812,US,0,1,2,98.51,0.88,0,0,0,0
59.61,16,5912,US,0,0,3,57.07,1.04,0,0,0,0
32.06,9,5311,US,0,0,2,119.24,0.27,0,0,0,0
92.58,10,5411,US,1,1,5,111.7,0.83,0,0,0,0
78.09,19,5541,US,0,0,1,101.55,0.77,0,0,0,0
2.61,4,5311,NG,5,10,26,73.56,0.04,1,1,0,1
15.83,13,5411,US,0,1,5,101.8,0.16,0,0,0,0
145.51,13,5411,US,0,0,0,104.81,1.39,0,0,0,0
17.9,11,5732,US,1,1,4,98.5,0.18,0,0,1,0
29.43,12,5541,US,0,1,5,133.6,0.22,0,0,0,0
33.46,14,5912,US,0,0,4,148.74,0.22,0,0,0,0
104.22,12,5812,US,0,2,5,73.82,1.41,0,0,0,0
67.48,10,4121,US,0,0,7,50.96,1.32,0,0,0,0
23.96,14,5311,US,0,0,2,127.69,0.19,0,0,0,0
61.04,4,5541,US,0,1,5,108.8,0.56,0,1,0,0
135.24,13,5541,US,0,1,5,146.92,0.92,0,0,0,0
72.7,12,5411,US,0,1,2,70.23,1.04,0,0,0,0
785.83,19,5732,GB,5,17,35,92.77,8.47,1,0,1,1
851.87,1,6051,GB,10,25,32,43.62,19.53,1,1,1,1
118.8,12,5311,US,0,2,4,146.31,0.81,0,0,0,0
42.9,16,5812,US,0,1,6,62.13,0.69,0,0,0,0
8.56,16,5311,JP,0,0,2,98.1,0.09,1,0,0,0
55.98,9,5541,US,1,1,3,111.79,0.5,0,0,0,0
50.72,17,5732,US,0,1,2,58.8,0.86,0,0,1,0
71.6,11,5411,US,0,2,5,71.56,1.0,0,0,0,0
39.43,19,5311,US,1,3,5,102.95,0.38,0,0,0,0
126.31,14,5814,US,0,2,4,67.1,1.88,0,0,0,0
18.07,11,5814,US,0,0,1,62.74,0.29,0,0,0,0
37.14,9,4121,US,0,0,2,70.16,0.53,0,0,0,0
33.61,16,5541,US,0,1,5,89.95,0.37,0,0,0,0
136.55,7,5732,US,0,2,2,149.99,0.91,0,0,1,0
71.88,10,5411,US,0,0,4,135.43,0.53,0,0,0,0
2258.55,5,6051,NG,1,3,5,60.12,37.57,1,1,1,1
28.08,17,5812,US,1,1,4,104.03,0.27,0,0,0,0
43.62,18,5814,US,0,1,3,92.28,0.47,0,0,0,0
18.01,11,5812,US,0,1,5,93.74,0.19,0,0,0,0
155.88,8,5912,US,0,2,4,53.47,2.92,0,0,0,0
161.39,15,4121,US,0,0,0,105.91,1.52,0,0,0,0
17.99,17,5411,US,0,0,2,66.76,0.27,0,0,0,0
205.82,2,5311,US,0,1,4,123.0,1.67,0,1,0,0
52.04,8,4121,US,0,0,2,119.84,0.43,0,0,0,0
94.36,17,5411,US,0,0,3,129.97,0.73,0,0,0,0
49.97,13,5732,US,1,2,4,145.74,0.34,0,0,1,0
30.1,20,5814,US,0,0,9,96.58,0.31,0,0,0,0
17.7,18,5311,US,0,1,4,71.41,0.25,0,0,0,0
5109.43,1,6051,UA,3,5,6,86.47,59.09,1,1,1,1
187.39,4,5814,US,0,0,1,112.57,1.66,0,1,0,0
71.73,10,5812,US,0,1,1,75.73,0.95,0,0,0,0
155.24,9,5814,US,0,1,5,124.86,1.24,0,0,0,0
290.76,11,5541,US,0,1,2,90.8,3.2,0,0,0,0
24.61,16,5732,US,0,1,5,123.21,0.2,0,0,1,0
12.3,12,5411,GB,0,0,3,148.58,0.08,1,0,0,0
26.33,12,5411,US,0,0,6,138.13,0.19,0,0,0,0
19.02,19,5411,US,0,0,0,110.61,0.17,0,0,0,0
351.46,22,5311,US,0,0,0,121.42,2.89,0,0,0,0
29.97,16,5814,US,0,0,2,122.58,0.24,0,0,0,0
7.28,15,5541,US,1,2,3,54.75,0.13,0,0,0,0
45.01,11,5912,US,0,2,6,72.47,0.62,0,0,0,0
10.1,14,5732,US,1,3,6,98.2,0.1,0,0,1,0
16.15,12,5912,US,1,1,4,55.56,0.29,0,0,0,0
17.75,13,5732,US,0,1,3,115.54,0.15,0,0,1,0
16.64,10,5311,US,0,4,7,120.41,0.14,0,0,0,0
8119.25,5,6051,CY,2,3,10,55.2,147.09,1,1,1,1
71.03,14,5541,US,0,1,4,103.31,0.69,0,0,0,0
44.92,18,5411,US,0,0,2,94.48,0.48,0,0,0,0
135.57,13,5912,US,0,2,4,65.92,2.06,0,0,0,0
59.32,13,5732,US,0,0,1,146.43,0.41,0,0,1,0
22.55,13,4121,GB,1,2,5,69.5,0.32,1,0,0,0
19.42,11,5912,US,0,2,6,102.45,0.19,0,0,0,0
19.5,8,4121,US,0,2,9,76.61,0.25,0,0,0,0
87.02,8,5732,US,0,0,3,69.31,1.26,0,0,1,0
8.93,12,5311,US,0,2,3,64.43,0.14,0,0,0,0
3.92,13,5812,US,0,0,2,124.73,0.03,0,0,0,0
46.05,10,5311,US,1,4,5,73.28,0.63,0,0,0,0
78.9,12,4121,US,0,1,5,83.53,0.94,0,0,0,0
69.61,15,5812,US,0,1,4,86.78,0.8,0,0,0,0
30.11,16,5814,US,0,0,3,85.5,0.35,0,0,0,0
157.69,18,5411,US,1,1,2,136.72,1.15,0,0,0,0
67.87,19,5311,US,0,0,0,93.52,0.73,0,0,0,0
11.95,21,5311,US,0,0,2,110.59,0.11,0,0,0,0
67.43,15,5812,US,0,0,2,92.18,0.73,0,0,0,0
47.81,12,5812,US,0,0,5,107.0,0.45,0,0,0,0
52.73,15,5411,US,0,3,5,113.38,0.47,0,0,0,0
35.49,12,5812,FR,1,1,2,63.64,0.56,1,0,0,0
19.24,19,5411,US,0,0,0,105.51,0.18,0,0,0,0
27.17,12,4121,FR,0,0,5,149.27,0.18,1,0,0,0
31.15,17,5912,US,1,3,3,99.51,0.31,0,0,0,0
21.76,22,5732,US,0,0,4,145.75,0.15,0,0,1,0
34.06,15,5541,US,0,2,4,70.7,0.48,0,0,0,0
102.66,15,5912,US,0,0,1,102.0,1.01,0,0,0,0
29.57,15,5411,US,1,1,5,91.51,0.32,0,0,0,0
3333.51,5,6051,CY,1,3,10,74.36,44.83,1,1,1,1
12.17,11,5912,US,1,2,5,86.39,0.14,0,0,0,0
89.23,20,5411,US,0,0,0,50.23,1.78,0,0,0,0
27.05,13,5814,US,2,5,7,104.4,0.26,0,0,0,0
18.44,14,5541,US,0,1,3,114.79,0.16,0,0,0,0
110.32,12,4121,US,0,1,2,127.63,0.86,0,0,0,0
54.21,12,5311,US,0,0,3,122.08,0.44,0,0,0,0
58.35,17,5411,US,0,1,3,109.91,0.53,0,0,0,0
50.65,11,5411,US,1,2,4,75.5,0.67,0,0,0,0
62.46,17,5912,US,2,4,6,143.06,0.44,0,0,0,0
92.09,9,5912,US,0,2,5,88.15,1.04,0,0,0,0
134.02,12,5912,US,3,3,3,131.17,1.02,0,0,0,0
949.97,17,5944,GB,9,21,34,40.05,23.72,1,0,1,1
76.01,14,5311,US,0,1,7,84.08,0.9,0,0,0,0
12.99,13,4121,US,0,0,1,91.06,0.14,0,0,0,0
122.84,5,5311,US,0,1,2,78.3,1.57,0,1,0,0
254.1,5,4829,RO,7,12,16,66.78,3.81,1,1,1,1
22.76,12,5812,US,0,0,4,57.18,0.4,0,0,0,0
66.78,18,5411,US,0,0,2,143.42,0.47,0,0,0,0
92.77,14,5411,US,0,0,6,94.4,0.98,0,0,0,0
59.25,19,5732,US,0,0,2,110.46,0.54,0,0,1,0
9.67,14,5541,US,0,2,5,69.43,0.14,0,0,0,0
172.17,17,5732,US,0,0,0,75.89,2.27,0,0,1,0
36.64,10,5311,US,0,0,8,60.61,0.6,0,0,0,0
71.46,14,5812,US,0,1,2,79.83,0.9,0,0,0,0
56.86,14,5541,US,1,1,6,78.48,0.72,0,0,0,0
72.75,13,5541,US,0,1,6,137.25,0.53,0,0,0,0
46.84,15,4121,JP,0,1,3,59.76,0.78,1,0,0,0
43.58,17,5912,US,0,1,3,51.04,0.85,0,0,0,0
180.51,13,5732,US,1,1,5,117.77,1.53,0,0,1,0
21.47,8,5912,US,0,1,4,78.98,0.27,0,0,0,0
2.75,22,5311,US,12,15,42,60.92,0.05,0,0,0,1
618.15,16,6051,NG,3,2,9,48.83,12.66,1,0,1,1
26.14,12,5812,US,0,0,3,125.57,0.21,0,0,0,0
56.34,20,4121,US,1,4,5,126.26,0.45,0,0,0,0
5645.79,5,5732,CY,3,6,5,91.83,61.48,1,1,1,1
46.54,15,5732,US,0,1,5,116.39,0.4,0,0,1,0
22.95,14,5814,US,0,1,1,127.54,0.18,0,0,0,0
115.62,19,5912,US,0,0,2,77.98,1.48,0,0,0,0
65.96,18,5311,US,0,0,3,101.72,0.65,0,0,0,0
59.46,19,4121,US,0,0,3,115.76,0.51,0,0,0,0
88.29,23,5541,US,1,4,4,129.13,0.68,0,0,0,0
21.44,9,4121,US,0,3,7,144.24,0.15,0,0,0,0
15.29,9,5541,US,0,0,3,126.46,0.12,0,0,0,0
153.85,14,5732,US,0,0,1,77.18,1.99,0,0,1,0
26.04,12,5311,US,1,1,2,105.06,0.25,0,0,0,0
21.65,8,5732,US,0,2,2,55.07,0.39,0,0,1,0
36.33,23,5912,US,0,2,7,58.82,0.62,0,0,0,0
10.22,11,5732,US,0,0,2,101.1,0.1,0,0,1,0
277.87,12,5411,US,0,0,2,144.69,1.92,0,0,0,0
111.7,6,5814,US,0,0,4,56.79,1.97,0,0,0,0
218.04,17,5912,US,0,2,6,70.97,3.07,0,0,0,0
75.85,16,5732,US,0,0,5,147.61,0.51,0,0,1,0
24.28,14,5814,US,1,2,5,114.99,0.21,0,0,0,0
195.0,10,5541,US,0,3,7,148.94,1.31,0,0,0,0
26.84,13,5411,US,0,3,5,144.6,0.19,0,0,0,0
35.4,22,5814,US,0,2,6,91.81,0.39,0,0,0,0
55.87,14,5812,US,0,1,2,144.89,0.39,0,0,0,0
85.25,14,5912,US,0,2,6,93.2,0.91,0,0,0,0
83.31,12,5732,US,0,1,3,110.39,0.75,0,0,1,0
87.98,20,5732,US,0,1,6,119.65,0.74,0,0,1,0
28.79,18,5814,US,0,0,0,148.49,0.19,0,0,0,0
15.35,16,5541,FR,0,0,0,83.26,0.18,1,0,0,0
62.88,20,5541,US,0,0,2,134.49,0.47,0,0,0,0
19.91,5,5912,US,1,2,6,117.4,0.17,0,1,0,0
53.3,16,5311,US,0,1,4,145.92,0.37,0,0,0,0
63.82,19,5912,US,0,0,3,124.14,0.51,0,0,0,0
38.08,15,5411,US,0,1,3,96.8,0.39,0,0,0,0
197.83,9,5732,US,1,2,7,106.73,1.85,0,0,1,0
31.68,8,5912,US,0,1,3,53.73,0.59,0,0,0,0
37.83,16,5311,US,0,1,6,72.51,0.52,0,0,0,0
1.45,21,5311,UA,13,22,19,89.49,0.02,1,0,0,1
17.81,10,5814,US,0,0,4,95.06,0.19,0,0,0,0
36.43,12,5541,US,0,2,5,126.92,0.29,0,0,0,0
19.58,13,5541,US,0,3,4,87.15,0.22,0,0,0,0
10.09,15,5812,US,0,1,3,122.57,0.08,0,0,0,0
428.12,8,5311,US,0,0,0,75.91,5.64,0,0,0,0
23.06,15,5814,US,0,1,6,59.8,0.39,0,0,0,0
65.83,11,5912,US,0,1,2,88.71,0.74,0,0,0,0
11.31,13,5411,US,0,1,2,146.39,0.08,0,0,0,0
234.04,12,5732,US,0,0,3,103.32,2.27,0,0,1,0
97.26,17,5411,US,0,0,4,102.08,0.95,0,0,0,0
15.41,19,5812,US,0,1,3,133.73,0.12,0,0,0,0
42.27,14,5912,US,0,1,2,119.96,0.35,0,0,0,0
20.3,15,5732,US,0,1,2,58.83,0.35,0,0,1,0
18.37,11,5541,US,1,2,4,125.0,0.15,0,0,0,0
142.18,19,5541,US,0,0,4,84.0,1.69,0,0,0,0
117.33,12,5812,US,0,1,5,64.69,1.81,0,0,0,0
15.99,13,5912,US,0,3,10,101.48,0.16,0,0,0,0
62.77,10,5411,US,0,0,4,52.94,1.19,0,0,0,0
66.35,8,5732,US,0,0,1,136.11,0.49,0,0,1,0
79.81,17,5411,DE,0,2,6,94.49,0.84,1,0,0,0
23.78,13,4121,US,0,0,3,91.88,0.26,0,0,0,0
77.26,13,5411,US,0,2,8,91.52,0.84,0,0,0,0
23.03,8,5732,US,0,0,4,82.52,0.28,0,0,1,0
25.21,6,5541,US,0,1,3,67.58,0.37,0,0,0,0
106.76,16,5814,US,0,0,2,99.24,1.08,0,0,0,0
145.84,20,5541,US,0,0,2,133.78,1.09,0,0,0,0
122.77,10,4121,US,0,1,1,81.06,1.51,0,0,0,0
113.75,14,5411,US,1,1,2,139.3,0.82,0,0,0,0
50.57,14,5812,US,0,1,3,63.27,0.8,0,0,0,0
30.73,10,5411,US,0,0,5,94.69,0.32,0,0,0,0
290.11,16,5812,US,0,1,2,51.1,5.68,0,0,0,0
67.09,9,5541,US,0,1,5,64.9,1.03,0,0,0,0
85.21,5,5411,US,1,3,10,111.45,0.76,0,1,0,0
52.33,9,5814,US,0,0,7,99.83,0.52,0,0,0,0
19.95,16,5411,US,0,1,3,60.82,0.33,0,0,0,0
25.92,9,5812,US,0,0,3,131.05,0.2,0,0,0,0
22.29,15,5732,US,0,0,2,118.25,0.19,0,0,1,0
61.02,17,5732,FR,0,2,6,136.64,0.45,1,0,1,0
21.49,15,5912,US,0,0,5,58.07,0.37,0,0,0,0
29.39,16,5732,US,0,1,3,68.24,0.43,0,0,1,0
143.56,14,5912,US,0,0,0,95.95,1.5,0,0,0,0
12.93,9,5814,US,0,1,6,91.92,0.14,0,0,0,0
139.38,13,5814,US,0,1,2,97.24,1.43,0,0,0,0
93.28,14,5912,US,0,1,3,65.81,1.42,0,0,0,0
45.57,16,5541,US,0,0,2,72.55,0.63,0,0,0,0
52.82,18,5541,US,1,1,2,85.35,0.62,0,0,0,0
68.39,18,5311,US,0,1,4,67.54,1.01,0,0,0,0
39.52,12,5311,US,0,0,4,136.16,0.29,0,0,0,0
73.26,15,5732,US,0,1,4,77.93,0.94,0,0,1,0
25.75,14,5812,US,0,0,3,116.05,0.22,0,0,0,0
163.42,12,5912,US,0,0,0,102.13,1.6,0,0,0,0
41.93,19,5912,US,0,1,2,106.02,0.4,0,0,0,0
24.93,19,5912,US,0,1,4,75.52,0.33,0,0,0,0
30.73,16,5814,US,0,0,4,63.76,0.48,0,0,0,0
74.34,14,5541,US,0,0,3,98.7,0.75,0,0,0,0
16.47,16,5812,US,0,0,2,62.43,0.26,0,0,0,0
32.49,5,5912,US,0,1,4,79.15,0.41,0,1,0,0
3.31,18,5311,UA,13,12,33,89.56,0.04,1,0,0,1
12.8,16,5411,US,0,0,2,77.66,0.16,0,0,0,0
56.81,14,5812,US,0,0,8,65.15,0.87,0,0,0,0
78.15,14,5912,US,1,1,4,112.28,0.7,0,0,0,0
14.86,10,5311,US,0,0,2,69.97,0.21,0,0,0,0
141.21,12,5311,US,0,0,2,84.91,1.66,0,0,0,0
98.43,15,5411,US,0,0,0,145.58,0.68,0,0,0,0
25.15,12,5541,US,0,1,3,131.95,0.19,0,0,0,0
12.18,17,5814,US,0,2,9,89.16,0.14,0,0,0,0
36.58,12,5541,US,0,0,2,124.73,0.29,0,0,0,0
45.11,11,5311,DE,0,0,2,68.33,0.66,1,0,0,0
97.37,8,5912,US,0,0,4,133.95,0.73,0,0,0,0
17.21,9,5311,US,0,0,3,87.77,0.2,0,0,0,0
61.13,13,5912,US,0,1,6,99.79,0.61,0,0,0,0
123.53,11,5311,US,0,0,3,84.13,1.47,0,0,0,0
30.4,8,5411,GB,0,2,4,91.38,0.33,1,0,0,0
46.57,11,5814,US,1,3,9,123.39,0.38,0,0,0,0
72.71,8,5912,US,0,1,2,100.93,0.72,0,0,0,0
207.68,15,5541,US,0,0,4,75.21,2.76,0,0,0,0
237.43,12,4121,US,1,1,4,108.04,2.2,0,0,0,0
22.32,20,5311,US,0,0,1,80.57,0.28,0,0,0,0
34.99,18,5912,US,0,1,3,102.91,0.34,0,0,0,0
37.82,15,4121,US,0,2,7,149.79,0.25,0,0,0,0
1.21,3,5311,UA,5,10,21,58.94,0.02,1,1,0,1
13.76,11,5541,US,0,0,2,63.8,0.22,0,0,0,0
41.31,14,5541,US,0,1,3,93.87,0.44,0,0,0,0
11.18,8,5411,US,0,0,2,69.06,0.16,0,0,0,0
99.89,8,5311,US,0,1,3,56.05,1.78,0,0,0,0
32.74,10,4121,US,1,2,5,143.97,0.23,0,0,0,0
104.7,15,5732,US,0,3,7,102.36,1.02,0,0,1,0
30.76,15,5912,US,1,5,7,58.25,0.53,0,0,0,0
586.83,19,7995,GB,6,8,24,94.39,6.22,1,0,1,1
13.69,10,5812,US,0,0,3,107.08,0.13,0,0,0,0
29.99,14,5814,US,1,2,2,81.15,0.37,0,0,0,0
13.83,19,5814,US,0,1,2,130.21,0.11,0,0,0,0
52.88,14,5814,US,0,0,3,60.99,0.87,0,0,0,0
33.75,15,5541,US,0,2,4,84.1,0.4,0,0,0,0
8.47,11,5812,DE,0,0,5,128.02,0.07,1,0,0,0
32.0,6,5814,US,0,2,6,85.4,0.37,0,0,0,0
23.85,8,5311,US,0,1,2,108.56,0.22,0,0,0,0
29.99,5,5732,US,0,1,2,85.28,0.35,0,1,1,0
70.36,20,5411,US,0,1,1,135.17,0.52,0,0,0,0
48.89,12,5912,US,1,3,6,89.24,0.55,0,0,0,0
14.09,16,5812,US,0,1,3,94.52,0.15,0,0,0,0
27.91,15,5812,US,0,1,5,116.24,0.24,0,0,0,0
19.24,17,5541,US,0,1,3,133.71,0.14,0,0,0,0
9.85,17,5541,US,1,1,3,83.59,0.12,0,0,0,0
21.07,20,5812,US,0,0,3,114.77,0.18,0,0,0,0
56.64,14,4121,US,0,0,4,73.11,0.77,0,0,0,0
74.21,16,5541,CA,0,3,5,122.54,0.61,1,0,0,0
299.13,18,5541,US,0,0,1,143.63,2.08,0,0,0,0
18.14,11,5912,US,1,1,4,133.34,0.14,0,0,0,0
84.41,11,5912,US,0,0,3,124.08,0.68,0,0,0,0
91.78,19,5411,US,0,3,3,76.45,1.2,0,0,0,0
65.08,14,5814,US,0,1,4,60.85,1.07,0,0,0,0
5.53,15,5541,US,1,1,3,57.13,0.1,0,0,0,0
93.69,13,5814,US,1,1,6,93.88,1.0,0,0,0,0
102.2,13,5311,US,0,1,4,131.59,0.78,0,0,0,0
107.87,21,4121,US,0,2,7,100.66,1.07,0,0,0,0
49.09,9,4121,US,0,0,3,116.96,0.42,0,0,0,0
75.61,10,5814,US,0,0,1,143.02,0.53,0,0,0,0
33.95,12,5814,US,0,1,4,99.41,0.34,0,0,0,0
38.25,7,5814,US,0,0,2,122.64,0.31,0,0,0,0
98.54,15,5732,US,0,1,2,95.94,1.03,0,0,1,0
145.5,13,5814,US,1,1,1,64.33,2.26,0,0,0,0
80.42,10,5411,US,0,1,5,66.27,1.21,0,0,0,0
11.5,11,5912,US,0,1,6,74.99,0.15,0,0,0,0
137.54,14,5814,US,0,0,1,52.65,2.61,0,0,0,0
3311.35,5,6051,NG,1,2,10,69.49,47.65,1,1,1,1
52.28,17,5732,US,1,3,8,146.8,0.36,0,0,1,0
42.91,11,5912,US,1,2,3,135.52,0.32,0,0,0,0
127.9,16,5812,US,0,0,4,98.8,1.29,0,0,0,0
24.45,12,5541,US,0,1,4,60.2,0.41,0,0,0,0
92.94,11,5311,US,0,0,4,101.62,0.91,0,0,0,0
27.26,11,5311,US,0,1,3,52.24,0.52,0,0,0,0
8.34,18,5411,US,0,0,3,90.61,0.09,0,0,0,0
12.05,7,5812,US,1,2,6,55.77,0.22,0,0,0,0
26.79,11,5732,US,0,0,5,145.75,0.18,0,0,1,0
114.47,8,5411,US,0,0,5,103.49,1.11,0,0,0,0
38.95,16,5814,US,0,0,5,97.46,0.4,0,0,0,0
23.02,15,5311,US,0,1,3,50.13,0.46,0,0,0,0
91.34,22,5912,US,0,2,6,148.66,0.61,0,0,0,0
179.83,14,5411,US,0,1,1,88.84,2.02,0,0,0,0
61.83,12,5311,US,0,0,1,119.66,0.52,0,0,0,0
156.79,9,5411,US,1,1,2,78.45,2.0,0,0,0,0
116.73,15,5814,US,0,2,2,50.42,2.32,0,0,0,0
167.48,15,5411,US,0,1,4,110.67,1.51,0,0,0,0
37.43,14,5541,US,0,0,2,72.76,0.51,0,0,0,0
37.22,19,5912,JP,1,1,1,71.71,0.52,1,0,0,0
1699.87,2,5944,CN,2,5,8,43.6,38.99,1,1,1,1
57.68,16,5541,US,2,3,8,85.6,0.67,0,0,0,0
26.42,10,5311,US,1,1,3,72.66,0.36,0,0,0,0
6.01,15,5912,US,0,0,3,99.88,0.06,0,0,0,0
31.8,15,5814,US,0,2,3,85.74,0.37,0,0,0,0
54.13,10,5814,US,0,4,7,88.73,0.61,0,0,0,0
58.21,12,5411,US,0,2,4,127.29,0.46,0,0,0,0
5.46,14,5814,US,0,0,1,101.45,0.05,0,0,0,0
25.67,9,4121,US,0,0,3,119.93,0.21,0,0,0,0
192.32,11,4121,US,0,0,1,78.23,2.46,0,0,0,0
29.08,9,4121,US,0,0,1,107.25,0.27,0,0,0,0
43.22,17,5541,US,0,2,7,148.77,0.29,0,0,0,0
11.57,13,5411,US,0,0,4,111.11,0.1,0,0,0,0
24.48,11,5812,US,0,0,4,72.24,0.34,0,0,0,0
367.22,16,5732,US,0,1,5,126.03,2.91,0,0,1,0
16.66,13,4121,CA,1,1,4,56.98,0.29,1,0,0,0
179.15,13,5732,US,0,2,5,85.34,2.1,0,0,1,0
16.22,11,5912,FR,0,0,2,62.52,0.26,1,0,0,0
14.09,15,5411,CA,0,2,8,124.54,0.11,1,0,0,0
138.75,19,5812,US,0,0,6,67.06,2.07,0,0,0,0
237.59,14,5812,US,0,1,4,53.7,4.42,0,0,0,0
51.83,15,5732,US,0,1,5,53.28,0.97,0,0,1,0
37.11,13,5541,US,0,0,2,75.68,0.49,0,0,0,0
35.01,12,5411,US,0,1,5,131.57,0.27,0,0,0,0
8.44,17,5812,US,1,1,5,110.03,0.08,0,0,0,0
39.67,12,5732,US,1,3,3,54.56,0.73,0,0,1,0
21.47,7,5732,US,0,1,2,84.39,0.25,0,0,1,0
57.41,15,5732,GB,0,0,2,139.88,0.41,1,0,1,0
34.36,10,5814,US,0,2,2,64.27,0.53,0,0,0,0
82.73,12,4121,US,0,0,6,127.77,0.65,0,0,0,0
45.06,17,4121,US,0,2,4,111.17,0.41,0,0,0,0
41.12,5,5812,US,0,1,2,102.13,0.4,0,1,0,0
39.24,10,5541,US,0,1,2,109.9,0.36,0,0,0,0
45.52,14,5541,US,0,0,2,146.54,0.31,0,0,0,0
65.01,19,5411,US,1,1,5,77.19,0.84,0,0,0,0
10.44,6,5311,US,0,0,4,89.64,0.12,0,0,0,0
70.04,10,5541,US,0,1,1,114.17,0.61,0,0,0,0
8.69,20,5732,US,1,1,3,78.16,0.11,0,0,1,0
66.64,10,5912,US,0,0,3,54.67,1.22,0,0,0,0
18.68,17,5732,US,0,2,3,100.11,0.19,0,0,1,0
42.01,14,5732,US,0,0,3,65.7,0.64,0,0,1,0
81.33,20,5732,US,0,2,4,103.89,0.78,0,0,1,0
35.24,22,4121,US,0,0,4,107.91,0.33,0,0,0,0
26.08,10,5541,US,0,2,3,76.9,0.34,0,0,0,0
45.46,22,5912,GB,0,1,3,98.93,0.46,1,0,0,0
46.18,21,5814,US,1,2,3,127.78,0.36,0,0,0,0
13.31,19,4121,US,1,1,5,128.22,0.1,0,0,0,0
109.94,12,5311,US,0,0,1,145.42,0.76,0,0,0,0
32.94,8,5311,US,0,2,6,63.31,0.52,0,0,0,0
59.7,11,5814,GB,0,1,4,74.7,0.8,1,0,0,0
135.53,16,5411,US,0,2,2,145.7,0.93,0,0,0,0
51.8,10,5814,US,0,0,1,148.81,0.35,0,0,0,0
20.44,19,4121,US,0,1,4,63.7,0.32,0,0,0,0
21.47,16,5814,US,0,2,4,69.63,0.31,0,0,0,0
8.25,12,5912,US,0,1,2,131.19,0.06,0,0,0,0
18.1,11,5311,US,0,1,3,121.66,0.15,0,0,0,0
41.55,10,4121,US,0,0,0,116.16,0.36,0,0,0,0
32.61,6,5814,US,0,1,4,90.33,0.36,0,0,0,0
45.03,15,5814,US,0,0,5,132.8,0.34,0,0,0,0
197.58,21,5912,US,1,3,5,135.82,1.45,0,0,0,0
23.87,18,4121,FR,0,1,2,122.59,0.19,1,0,0,0
95.84,12,5814,US,0,1,4,125.27,0.77,0,0,0,0
92.1,10,5732,US,0,0,6,115.46,0.8,0,0,1,0
67.33,13,5812,US,0,0,0,148.97,0.45,0,0,0,0
35.55,17,5541,US,1,6,8,141.49,0.25,0,0,0,0
244.08,10,5311,US,0,3,5,60.25,4.05,0,0,0,0
47.59,15,5812,US,0,0,2,147.92,0.32,0,0,0,0
39.8,14,5812,US,0,1,4,85.74,0.46,0,0,0,0
10.11,16,4121,US,1,3,6,94.32,0.11,0,0,0,0
31.9,12,5541,US,1,1,5,77.48,0.41,0,0,0,0
18.54,10,5311,US,0,3,6,83.33,0.22,0,0,0,0
6.45,20,5411,US,0,0,3,80.76,0.08,0,0,0,0
31.72,23,5814,US,0,2,5,136.11,0.23,0,0,0,0
507.23,23,5912,US,1,1,4,76.49,6.63,0,0,0,0
171.75,6,5814,US,0,1,1,115.74,1.48,0,0,0,0
149.36,15,5814,US,0,0,1,62.59,2.39,0,0,0,0
220.19,14,5814,US,0,0,0,87.21,2.52,0,0,0,0
160.86,15,5732,US,0,1,2,109.51,1.47,0,0,1,0
36.18,22,5732,US,1,2,3,85.95,0.42,0,0,1,0
57.19,16,5812,US,0,2,7,64.3,0.89,0,0,0,0
74.76,4,5812,US,0,1,1,93.36,0.8,0,1,0,0
59.64,15,5732,US,0,0,7,90.22,0.66,0,0,1,0
68.37,12,5411,US,0,2,3,86.01,0.79,0,0,0,0
117.7,7,5311,US,0,0,0,144.61,0.81,0,0,0,0
74.85,11,5812,US,0,1,4,87.97,0.85,0,0,0,0
30.74,15,5812,JP,0,1,7,149.22,0.21,1,0,0,0
7.84,19,5541,US,0,0,3,52.63,0.15,0,0,0,0
18.09,11,5912,US,1,3,5,108.72,0.17,0,0,0,0
23.78,9,5411,US,0,1,2,56.84,0.42,0,0,0,0
60.95,18,5411,US,0,1,8,71.3,0.85,0,0,0,0
15.29,8,5541,US,1,2,10,116.21,0.13,0,0,0,0
39.16,8,5912,US,0,0,3,102.48,0.38,0,0,0,0
87.17,18,4121,US,0,1,3,52.63,1.66,0,0,0,0
48.15,13,5912,US,0,2,5,137.04,0.35,0,0,0,0
38.0,10,5814,US,0,2,3,66.49,0.57,0,0,0,0
26.49,18,5311,US,0,0,3,147.02,0.18,0,0,0,0
53.87,12,5311,US,0,0,3,71.82,0.75,0,0,0,0
61.14,8,5732,FR,0,0,1,54.6,1.12,1,0,1,0
23.28,12,5541,US,0,1,3,135.76,0.17,0,0,0,0
44.52,8,5812,US,0,0,1,86.58,0.51,0,0,0,0
85.13,16,5411,US,0,2,4,138.18,0.62,0,0,0,0
15.46,17,5311,US,1,1,5,115.47,0.13,0,0,0,0
27.88,9,5311,US,0,0,0,84.77,0.33,0,0,0,0
29.27,7,5541,US,0,0,3,147.63,0.2,0,0,0,0
19.57,16,5732,US,0,1,2,91.24,0.21,0,0,1,0
4.4,17,4121,US,2,4,11,111.05,0.04,0,0,0,0
89.28,12,4121,US,0,0,3,64.86,1.38,0,0,0,0
154.42,13,5411,US,0,1,2,126.15,1.22,0,0,0,0
9.62,12,5732,US,0,2,5,84.75,0.11,0,0,1,0
6.09,11,5732,US,1,2,3,101.78,0.06,0,0,1,0
19.18,16,5814,US,0,1,4,101.66,0.19,0,0,0,0
73.68,16,5912,US,1,1,2,53.61,1.37,0,0,0,0
64.08,10,5311,US,1,1,4,123.74,0.52,0,0,0,0
22.53,7,4121,US,0,0,2,94.11,0.24,0,0,0,0
27.22,7,5814,US,0,2,4,92.47,0.29,0,0,0,0
151.29,10,4121,US,0,1,3,72.62,2.08,0,0,0,0
63.03,8,5732,US,1,1,4,70.25,0.9,0,0,1,0
9.24,19,5541,US,0,0,4,94.93,0.1,0,0,0,0
6.94,14,5814,US,0,0,1,72.97,0.1,0,0,0,0
48.2,22,5912,US,1,1,4,129.33,0.37,0,0,0,0
44.2,12,4121,US,0,3,4,103.09,0.43,0,0,0,0
41.52,17,5541,US,0,1,4,124.67,0.33,0,0,0,0
34.52,14,4121,US,0,1,1,94.21,0.37,0,0,0,0
22.72,12,5912,US,0,1,2,85.63,0.27,0,0,0,0
19.11,18,4121,US,2,4,8,106.83,0.18,0,0,0,0
81.74,12,5541,US,0,1,3,81.85,1.0,0,0,0,0
49.57,11,5812,US,0,1,4,50.56,0.98,0,0,0,0
3316.06,3,5944,CN,1,8,8,71.85,46.15,1,1,1,1
10.94,8,5812,JP,1,1,5,81.63,0.13,1,0,0,0
59.56,5,5812,US,0,0,0,135.92,0.44,0,1,0,0
18.34,16,4121,US,0,0,1,97.07,0.19,0,0,0,0
30.34,18,5541,US,0,0,1,143.06,0.21,0,0,0,0
1940.0,3,4829,NG,3,2,6,60.62,32.0,1,1,1,1
111.19,13,4121,US,0,0,2,87.01,1.28,0,0,0,0
34.95,15,5311,US,0,0,2,57.38,0.61,0,0,0,0
39.41,18,5814,US,0,2,4,65.29,0.6,0,0,0,0
166.4,15,5311,US,0,1,3,104.86,1.59,0,0,0,0
111.01,9,5912,US,0,0,5,139.91,0.79,0,0,0,0
75.59,14,5411,US,0,1,4,51.15,1.48,0,0,0,0
30.41,13,5814,US,0,1,3,103.59,0.29,0,0,0,0
168.01,13,5814,US,0,0,2,134.78,1.25,0,0,0,0
36.06,13,5732,US,0,2,4,124.46,0.29,0,0,1,0
2.98,4,5311,US,5,23,22,66.1,0.05,0,1,0,1
71.24,10,4121,US,0,1,4,77.58,0.92,0,0,0,0
98.45,11,5311,US,0,1,4,147.27,0.67,0,0,0,0
38.1,8,5912,US,0,0,2,124.33,0.31,0,0,0,0
13.95,13,5311,US,0,0,2,146.41,0.1,0,0,0,0
21.5,12,4121,US,0,1,2,148.95,0.14,0,0,0,0
127.61,15,5411,US,0,1,2,116.5,1.1,0,0,0,0
13.82,10,4121,US,0,1,2,77.02,0.18,0,0,0,0
45.33,12,5411,US,0,0,1,102.99,0.44,0,0,0,0
42.25,11,5812,US,0,1,2,81.56,0.52,0,0,0,0
39.85,16,5912,US,0,0,0,146.71,0.27,0,0,0,0
126.68,11,5812,US,0,0,3,110.22,1.15,0,0,0,0
44.9,18,5541,US,1,2,4,116.82,0.38,0,0,0,0
101.81,17,5732,US,1,2,5,142.84,0.71,0,0,1,0
56.95,15,5411,US,0,1,3,108.67,0.52,0,0,0,0
21.67,16,5411,US,1,4,7,54.61,0.4,0,0,0,0
27.41,14,5311,US,0,0,2,120.68,0.23,0,0,0,0
117.86,17,5814,US,0,2,3,72.18,1.63,0,0,0,0
30.51,8,4121,US,0,0,2,126.07,0.24,0,0,0,0
52.36,10,4121,US,0,2,3,132.09,0.4,0,0,0,0
416.49,17,5411,US,0,0,2,105.42,3.95,0,0,0,0
49.27,19,5814,US,0,0,2,147.91,0.33,0,0,0,0
26.57,14,5541,US,0,0,4,61.49,0.43,0,0,0,0
22.41,21,5411,US,0,0,2,58.62,0.38,0,0,0,0
141.05,13,5812,US,0,0,3,142.41,0.99,0,0,0,0
19.98,12,5814,US,0,1,3,89.14,0.22,0,0,0,0
343.48,14,5812,US,1,1,5,52.35,6.56,0,0,0,0
67.95,17,5541,US,0,1,4,111.65,0.61,0,0,0,0
235.99,10,5814,US,0,0,3,125.33,1.88,0,0,0,0
43.99,9,5912,US,1,3,6,112.91,0.39,0,0,0,0
74.31,15,5541,US,0,0,1,139.14,0.53,0,0,0,0
265.56,14,5812,US,0,2,3,86.33,3.08,0,0,0,0
15.9,10,5311,US,0,0,2,139.2,0.11,0,0,0,0
37.56,10,5311,US,0,0,2,143.43,0.26,0,0,0,0
72.45,16,5541,US,1,3,5,111.82,0.65,0,0,0,0
156.09,9,5732,US,0,1,3,122.61,1.27,0,0,1,0
29.35,7,4121,US,0,0,2,52.78,0.56,0,0,0,0
40.97,17,5541,US,0,0,2,138.3,0.3,0,0,0,0
84.01,10,5812,US,2,4,6,79.38,1.06,0,0,0,0
56.11,12,5912,US,0,2,6,146.85,0.38,0,0,0,0
12.73,15,4121,US,0,1,3,83.37,0.15,0,0,0,0
32.33,15,5732,US,0,1,4,102.71,0.31,0,0,1,0
0.76,17,5311,US,9,21,41,50.02,0.02,0,0,0,1
27.67,10,5912,US,0,2,4,50.89,0.54,0,0,0,0
93.28,16,5411,US,0,2,5,146.76,0.64,0,0,0,0
48.24,14,5812,US,0,2,4,108.55,0.44,0,0,0,0
85.87,13,5732,US,0,1,1,58.41,1.47,0,0,1,0
41.05,15,5732,US,0,0,2,97.93,0.42,0,0,1,0
54.84,11,5732,US,0,0,1,130.39,0.42,0,0,1,0
10.38,7,5541,US,1,2,7,88.27,0.12,0,0,0,0
0.89,4,5311,NG,15,13,35,53.75,0.02,1,1,0,1
727.79,1,4829,GB,6,17,19,56.9,12.79,1,1,1,1
4.31,22,5912,US,0,1,2,147.48,0.03,0,0,0,0
12.6,16,5814,US,0,0,4,61.43,0.21,0,0,0,0
187.79,17,5541,US,0,1,4,137.7,1.36,0,0,0,0
51.08,12,5814,CA,0,0,2,102.28,0.5,1,0,0,0
143.31,14,5812,US,0,2,4,89.05,1.61,0,0,0,0
37.96,14,4121,US,0,2,6,75.53,0.5,0,0,0,0
7.21,19,5311,US,0,1,2,71.86,0.1,0,0,0,0
224.57,9,5912,US,0,3,7,116.22,1.93,0,0,0,0
29.91,13,5411,US,0,2,5,84.53,0.35,0,0,0,0
76.19,14,5732,US,1,1,8,77.1,0.99,0,0,1,0
59.05,17,5812,US,0,0,3,63.17,0.93,0,0,0,0
93.49,16,5812,US,0,2,2,116.74,0.8,0,0,0,0
59.1,8,5814,US,0,1,3,132.71,0.45,0,0,0,0
23.74,16,5732,US,0,0,1,109.98,0.22,0,0,1,0
61.03,9,4121,US,0,2,3,122.2,0.5,0,0,0,0
19.54,16,5311,US,0,2,2,132.91,0.15,0,0,0,0
6611.17,4,6051,US,2,2,4,84.49,78.25,0,1,1,1
34.82,20,5541,US,0,0,1,101.35,0.34,0,0,0,0
41.39,14,5912,US,1,1,3,54.88,0.75,0,0,0,0
10.6,17,5814,US,0,1,2,104.6,0.1,0,0,0,0
53.85,11,5411,US,0,0,2,96.6,0.56,0,0,0,0
26.33,16,5912,US,0,0,1,100.32,0.26,0,0,0,0
20.77,13,4121,US,1,3,6,149.23,0.14,0,0,0,0
78.79,15,5814,US,1,1,3,67.34,1.17,0,0,0,0
7.17,8,4121,CA,0,0,3,86.36,0.08,1,0,0,0
59.45,18,5812,US,0,0,3,62.73,0.95,0,0,0,0
42.83,16,5541,US,1,4,8,135.63,0.32,0,0,0,0
84.86,14,5411,US,0,1,3,132.93,0.64,0,0,0,0
54.1,9,5732,US,0,2,3,146.95,0.37,0,0,1,0
58.09,11,5812,US,0,1,5,105.61,0.55,0,0,0,0
55.53,14,5814,US,0,0,3,105.29,0.53,0,0,0,0
37.2,16,5912,JP,0,2,9,139.87,0.27,1,0,0,0
38.11,11,5912,US,0,1,2,94.17,0.4,0,0,0,0
132.47,17,5814,US,0,1,5,79.8,1.66,0,0,0,0
20.41,20,5541,US,0,0,2,104.48,0.2,0,0,0,0
13.92,9,5812,US,0,0,5,73.64,0.19,0,0,0,0
39.45,17,5541,JP,0,1,4,88.93,0.44,1,0,0,0
32.88,16,5311,US,1,2,4,53.0,0.62,0,0,0,0
10.87,16,5411,US,0,1,5,51.81,0.21,0,0,0,0
6.1,11,5732,US,0,0,4,87.37,0.07,0,0,1,0
23.12,16,5311,US,0,1,4,100.01,0.23,0,0,0,0
5817.57,1,5944,NG,1,5,4,88.33,65.86,1,1,1,1
84.07,19,5732,US,0,1,6,52.22,1.61,0,0,1,0
155.47,11,4121,US,1,1,1,68.66,2.26,0,0,0,0
18.76,14,5814,US,0,1,3,147.88,0.13,0,0,0,0
125.07,17,5411,US,1,2,5,54.79,2.28,0,0,0,0
45.46,15,4121,US,0,1,2,134.08,0.34,0,0,0,0
25.33,16,5912,US,0,1,2,98.16,0.26,0,0,0,0
22.22,19,5311,US,0,1,1,79.43,0.28,0,0,0,0
22.39,12,5912,US,0,1,1,124.57,0.18,0,0,0,0
45.78,16,4121,US,1,1,3,95.53,0.48,0,0,0,0
33.08,11,5311,US,0,0,2,108.51,0.3,0,0,0,0
106.51,10,5411,US,0,0,3,121.02,0.88,0,0,0,0
32.55,18,5912,US,1,1,3,126.58,0.26,0,0,0,0
50.61,16,5311,US,0,1,3,59.24,0.85,0,0,0,0
23.15,15,5311,US,1,1,3,107.14,0.22,0,0,0,0
45.07,14,5814,JP,1,2,4,132.87,0.34,1,0,0,0
31.8,7,5912,US,1,1,5,92.96,0.34,0,0,0,0
14.73,15,5732,US,0,1,2,71.06,0.21,0,0,1,0
6305.74,5,5732,RU,1,3,7,96.29,65.49,1,1,1,1
5.7,21,5411,US,0,1,2,56.39,0.1,0,0,0,0
26.34,17,5732,US,0,0,3,104.43,0.25,0,0,1,0
83.97,15,5541,CA,1,2,4,57.74,1.45,1,0,0,0
43.78,23,5541,US,0,2,3,139.99,0.31,0,0,0,0
50.42,17,5732,US,1,2,2,143.7,0.35,0,0,1,0
170.55,14,4121,US,0,0,2,111.74,1.53,0,0,0,0
13.33,15,5912,US,0,0,3,120.82,0.11,0,0,0,0
131.95,10,5732,CA,0,0,3,110.71,1.19,1,0,1,0
158.15,17,5732,GB,0,1,4,64.3,2.46,1,0,1,0
41.76,13,5311,US,0,0,2,113.96,0.37,0,0,0,0
28.81,14,5311,US,1,4,11,118.58,0.24,0,0,0,0
40.94,13,5812,US,0,0,0,148.88,0.27,0,0,0,0
50.68,13,4121,US,1,1,4,110.03,0.46,0,0,0,0
147.42,16,5814,US,0,2,7,138.33,1.07,0,0,0,0
74.4,8,5311,US,0,1,5,136.48,0.55,0,0,0,0
94.0,17,5311,US,0,0,1,56.49,1.66,0,0,0,0
33.02,15,5732,US,1,3,7,52.94,0.62,0,0,1,0
121.89,9,5732,JP,1,2,4,57.13,2.13,1,0,1,0
321.71,15,5812,US,1,4,7,76.05,4.23,0,0,0,0
36.87,7,4121,US,0,2,4,67.64,0.55,0,0,0,0
54.73,15,5732,US,0,0,4,50.5,1.08,0,0,1,0
107.32,15,5912,US,0,2,6,143.62,0.75,0,0,0,0
63.48,9,5732,US,0,0,3,108.24,0.59,0,0,1,0
15.43,13,4121,US,0,0,1,78.29,0.2,0,0,0,0
174.12,17,5812,US,0,1,3,117.33,1.48,0,0,0,0
50.7,18,4121,US,1,2,4,116.2,0.44,0,0,0,0
14.04,18,4121,US,0,0,0,83.93,0.17,0,0,0,0
39.71,8,5812,US,0,0,1,107.95,0.37,0,0,0,0
279.18,10,5411,US,0,0,2,110.96,2.52,0,0,0,0
96.35,11,4121,US,0,2,6,103.12,0.93,0,0,0,0
41.5,16,5732,US,1,3,7,128.55,0.32,0,0,1,0
4.69,14,5541,GB,0,0,4,53.52,0.09,1,0,0,0
40.51,22,5311,US,0,2,4,87.19,0.46,0,0,0,0
118.75,5,5411,US,0,0,3,141.02,0.84,0,1,0,0
141.67,9,4121,US,0,1,1,69.53,2.04,0,0,0,0
30.03,16,5311,US,0,0,1,139.62,0.22,0,0,0,0
163.32,18,5912,US,0,2,5,100.47,1.63,0,0,0,0
66.95,14,5411,US,0,1,2,131.36,0.51,0,0,0,0
171.06,13,5311,US,0,2,3,140.35,1.22,0,0,0,0
269.12,21,5912,US,0,1,3,118.88,2.26,0,0,0,0
12.13,20,5411,US,1,1,7,106.57,0.11,0,0,0,0
44.42,11,5311,US,0,2,4,53.28,0.83,0,0,0,0
76.04,14,5311,US,1,1,5,56.99,1.33,0,0,0,0
115.24,13,5732,US,1,2,4,72.72,1.58,0,0,1,0
27.23,22,5311,JP,0,0,3,134.38,0.2,1,0,0,0
64.12,12,5411,US,0,0,3,133.34,0.48,0,0,0,0
155.38,12,5732,US,0,0,2,136.0,1.14,0,0,1,0
29.25,13,5814,US,0,0,4,80.48,0.36,0,0,0,0
7697.55,2,6051,CN,2,2,6,97.32,79.1,1,1,1,1
43.59,7,5814,US,0,0,1,81.85,0.53,0,0,0,0
13.45,20,4121,US,0,1,5,77.98,0.17,0,0,0,0
45.82,10,5732,US,0,0,1,131.06,0.35,0,0,1,0
56.92,13,5912,US,1,1,4,118.15,0.48,0,0,0,0
43.06,16,5311,US,0,2,3,95.41,0.45,0,0,0,0
67.27,14,5812,US,0,0,4,57.12,1.18,0,0,0,0
67.41,16,5814,US,0,2,5,113.09,0.6,0,0,0,0
19.05,14,4121,US,0,0,0,72.08,0.26,0,0,0,0
7.85,8,4121,US,0,0,2,109.86,0.07,0,0,0,0
65.47,11,5411,US,1,2,5,72.16,0.91,0,0,0,0
69.39,8,5311,US,2,4,6,101.49,0.68,0,0,0,0
52.26,9,5311,US,0,0,2,140.42,0.37,0,0,0,0
310.25,19,5411,US,0,0,2,85.52,3.63,0,0,0,0
22.95,16,5912,US,1,3,6,63.53,0.36,0,0,0,0
60.15,17,5912,US,1,1,7,58.23,1.03,0,0,0,0
41.1,16,5541,US,0,1,4,72.59,0.57,0,0,0,0
17.88,7,5541,US,0,4,8,112.55,0.16,0,0,0,0
74.5,20,5812,US,0,1,5,51.37,1.45,0,0,0,0
41.44,17,4121,US,0,2,4,127.46,0.33,0,0,0,0
47.99,12,5812,US,0,0,3,123.32,0.39,0,0,0,0
38.11,12,5541,US,0,1,2,124.38,0.31,0,0,0,0
8632.64,2,6051,RO,1,6,8,77.52,111.36,1,1,1,1
11.42,14,5311,US,1,3,6,100.38,0.11,0,0,0,0
106.99,18,5814,US,0,2,5,71.41,1.5,0,0,0,0
60.13,11,5732,US,0,2,3,96.9,0.62,0,0,1,0
84.06,7,5411,US,0,1,5,93.85,0.9,0,0,0,0
91.28,16,5814,US,1,2,5,108.02,0.85,0,0,0,0
109.17,13,5814,US,0,1,3,120.98,0.9,0,0,0,0
157.46,9,5912,US,0,2,2,59.83,2.63,0,0,0,0
30.64,11,5411,US,0,2,6,115.99,0.26,0,0,0,0
234.81,10,5812,US,0,0,3,100.83,2.33,0,0,0,0
21.05,11,4121,US,0,1,1,115.87,0.18,0,0,0,0
16.06,10,5411,US,0,0,1,58.15,0.28,0,0,0,0
67.65,11,5311,US,0,0,2,141.92,0.48,0,0,0,0
93.16,7,5912,US,0,0,1,129.61,0.72,0,0,0,0
11.81,10,5814,GB,1,2,5,120.92,0.1,1,0,0,0
33.61,12,4121,US,0,0,3,123.41,0.27,0,0,0,0
54.28,14,4121,US,0,2,5,129.57,0.42,0,0,0,0
14.75,20,5812,US,0,2,3,79.18,0.19,0,0,0,0
27.61,16,5311,FR,0,2,2,68.26,0.4,1,0,0,0
194.88,20,4121,US,0,1,4,145.41,1.34,0,0,0,0
3.86,12,5912,US,0,0,6,87.93,0.04,0,0,0,0
157.78,17,5812,US,1,1,2,73.5,2.15,0,0,0,0
15.89,13,5541,US,1,2,3,131.94,0.12,0,0,0,0
25.76,16,5732,US,1,1,2,98.41,0.26,0,0,1,0
69.69,14,5812,US,0,0,3,136.61,0.51,0,0,0,0
172.14,5,5411,US,0,0,4,149.17,1.15,0,1,0,0
86.78,14,5732,US,0,2,3,87.55,0.99,0,0,1,0
62.48,13,5912,US,0,1,3,117.12,0.53,0,0,0,0
10.52,7,5311,US,0,1,2,94.6,0.11,0,0,0,0
262.8,16,4121,US,0,2,3,94.51,2.78,0,0,0,0
48.13,14,5411,US,0,1,3,125.09,0.38,0,0,0,0
46.59,16,4121,US,0,0,4,122.36,0.38,0,0,0,0
54.05,15,5541,US,0,1,6,53.81,1.0,0,0,0,0
44.81,13,5912,DE,1,1,2,128.96,0.35,1,0,0,0
26.68,17,5311,US,0,0,0,92.78,0.29,0,0,0,0
38.3,5,5411,US,0,1,3,102.33,0.37,0,1,0,0
113.74,17,5411,US,1,4,7,99.74,1.14,0,0,0,0
5.44,15,5541,US,0,1,2,133.36,0.04,0,0,0,0
49.62,12,5814,US,0,1,4,50.7,0.98,0,0,0,0
33.27,18,5411,US,0,3,5,99.39,0.33,0,0,0,0
9.68,16,5912,US,1,1,3,137.72,0.07,0,0,0,0
27.85,13,5411,US,0,1,3,114.76,0.24,0,0,0,0
26.88,8,5411,US,0,1,2,52.16,0.52,0,0,0,0
12.69,16,5814,US,0,1,7,60.93,0.21,0,0,0,0
13.59,14,5912,US,0,1,5,111.62,0.12,0,0,0,0
198.81,8,5411,US,0,1,5,86.53,2.3,0,0,0,0
130.49,16,5814,US,1,1,4,142.56,0.92,0,0,0,0
42.95,13,5732,US,0,1,3,62.84,0.68,0,0,1,0
712.35,2,5944,US,10,14,37,43.93,16.22,0,1,1,1
104.06,18,5814,CA,0,0,3,147.37,0.71,1,0,0,0
52.84,12,5311,US,0,0,3,115.55,0.46,0,0,0,0
37.82,21,5411,US,0,0,1,72.8,0.52,0,0,0,0
294.16,13,5812,US,1,3,6,134.88,2.18,0,0,0,0
22.53,18,5311,US,0,0,0,54.38,0.41,0,0,0,0
67.34,16,5411,US,0,0,0,80.12,0.84,0,0,0,0
27.81,19,5311,US,0,1,2,56.93,0.49,0,0,0,0
191.64,12,5812,US,0,0,2,106.33,1.8,0,0,0,0
50.97,14,5732,US,0,1,2,61.86,0.82,0,0,1,0
2004.76,16,5732,RU,1,8,10,92.42,21.69,1,0,1,1
81.01,15,5541,US,1,1,3,87.76,0.92,0,0,0,0
33.02,12,5812,US,0,1,5,70.63,0.47,0,0,0,0
1944.79,9,6051,CN,1,4,12,60.16,32.33,1,0,1,1
13.77,11,5732,US,0,1,2,146.4,0.09,0,0,1,0
33.57,14,5812,US,0,0,2,149.23,0.22,0,0,0,0
11.5,17,4121,US,0,0,3,142.19,0.08,0,0,0,0
32.7,15,5912,US,0,0,3,128.53,0.25,0,0,0,0
63.24,14,5311,US,1,2,2,69.41,0.91,0,0,0,0
33.61,14,5912,US,0,2,4,79.56,0.42,0,0,0,0
56.57,20,5912,US,0,0,0,134.13,0.42,0,0,0,0
2462.46,1,6051,RU,2,7,11,56.15,43.86,1,1,1,1
22.37,11,5311,US,0,1,3,146.69,0.15,0,0,0,0
41.59,22,5411,US,1,2,4,106.53,0.39,0,0,0,0
49.77,13,5912,US,0,0,4,83.67,0.59,0,0,0,0
22.39,9,5732,US,0,0,3,88.24,0.25,0,0,1,0
49.06,12,4121,US,0,1,3,124.3,0.39,0,0,0,0
49.43,14,5541,US,0,0,3,137.47,0.36,0,0,0,0
37.2,21,4121,US,0,2,4,65.01,0.57,0,0,0,0
107.63,5,5541,US,1,1,3,98.51,1.09,0,1,0,0
10.29,18,5411,US,0,0,4,96.24,0.11,0,0,0,0
184.94,14,5812,US,0,2,2,86.1,2.15,0,0,0,0
19.99,15,5732,US,0,1,4,66.03,0.3,0,0,1,0
101.93,21,5311,US,0,0,6,73.28,1.39,0,0,0,0
87.59,10,5732,US,0,1,3,124.81,0.7,0,0,1,0
8.74,16,5912,US,0,0,2,72.25,0.12,0,0,0,0
59.52,9,5541,US,1,2,3,112.04,0.53,0,0,0,0
25.29,11,5912,US,0,0,2,137.04,0.18,0,0,0,0
116.1,7,5812,US,1,1,1,135.98,0.85,0,0,0,0
36.43,8,5732,US,0,0,0,94.35,0.39,0,0,1,0
38.85,14,4121,US,0,4,8,73.19,0.53,0,0,0,0
62.82,2,5814,US,0,1,4,125.56,0.5,0,1,0,0
81.1,17,5311,US,0,1,2,143.46,0.57,0,0,0,0
21.97,15,5814,US,0,0,3,128.03,0.17,0,0,0,0
25.08,9,4121,US,0,1,3,55.68,0.45,0,0,0,0
537.67,14,5541,US,0,1,5,57.15,9.41,0,0,0,0
43.71,7,4121,US,0,1,2,127.71,0.34,0,0,0,0
27.59,15,5541,US,0,2,6,96.05,0.29,0,0,0,0
56.06,19,5311,US,0,1,1,112.77,0.5,0,0,0,0
87.02,9,5912,US,0,1,2,79.45,1.1,0,0,0,0
135.79,17,5732,US,0,0,3,85.12,1.6,0,0,1,0
51.85,13,5812,US,2,2,4,114.23,0.45,0,0,0,0
7.49,10,5812,US,0,1,4,116.48,0.06,0,0,0,0
42.75,10,5732,US,0,0,3,64.47,0.66,0,0,1,0
23.5,12,5411,US,0,1,5,59.4,0.4,0,0,0,0
96.63,17,5311,US,0,0,3,115.32,0.84,0,0,0,0
1335.76,23,7995,CN,3,5,11,87.06,15.34,1,0,1,1
86.55,14,4121,US,0,1,4,149.16,0.58,0,0,0,0
219.82,15,5541,US,0,1,5,84.85,2.59,0,0,0,0
131.95,5,5912,US,0,2,5,114.94,1.15,0,1,0,0
6712.17,0,5732,RO,1,6,8,70.07,95.79,1,1,1,1
154.67,10,5411,US,2,2,5,119.29,1.3,0,0,0,0
20.52,16,5732,US,0,1,4,97.04,0.21,0,0,1,0
172.69,11,5732,US,0,1,3,59.15,2.92,0,0,1,0
65.68,18,5541,US,1,1,3,64.21,1.02,0,0,0,0
4714.58,1,5732,UA,2,6,9,64.09,73.56,1,1,1,1
83.26,11,5814,US,0,0,8,85.91,0.97,0,0,0,0
12.72,11,5732,US,0,0,3,92.15,0.14,0,0,1,0
113.02,16,5541,US,0,0,2,145.26,0.78,0,0,0,0
67.02,16,5732,US,0,1,2,115.97,0.58,0,0,1,0
72.38,14,5912,US,1,4,8,124.77,0.58,0,0,0,0
14.81,6,5732,US,0,1,3,87.13,0.17,0,0,1,0
18.25,15,5814,US,0,0,5,75.75,0.24,0,0,0,0
28.09,14,5541,US,0,1,4,50.7,0.55,0,0,0,0
60.91,11,5411,US,1,3,5,86.12,0.71,0,0,0,0
134.66,16,5311,US,0,1,5,112.88,1.19,0,0,0,0
17.7,6,5814,US,0,1,6,126.89,0.14,0,0,0,0
32.35,17,5812,US,0,1,5,133.5,0.24,0,0,0,0
39.94,15,5732,US,0,0,1,104.01,0.38,0,0,1,0
89.18,13,5812,US,0,2,4,136.25,0.65,0,0,0,0
43.35,12,5912,US,0,2,6,111.66,0.39,0,0,0,0
55.02,23,5732,US,0,1,4,74.81,0.74,0,0,1,0
49.29,6,5912,US,0,0,3,73.04,0.67,0,0,0,0
32.13,13,5411,DE,1,1,3,146.12,0.22,1,0,0,0
15.15,15,5812,US,0,0,1,105.93,0.14,0,0,0,0
296.11,13,5812,US,0,2,5,81.88,3.62,0,0,0,0
14.28,15,5812,US,0,0,3,77.51,0.18,0,0,0,0
6.91,9,5732,US,1,1,1,86.51,0.08,0,0,1,0
9.75,11,5814,US,0,1,3,97.14,0.1,0,0,0,0
55.22,16,5311,US,0,0,0,67.97,0.81,0,0,0,0
148.63,10,5311,US,0,1,2,144.12,1.03,0,0,0,0
48.18,12,5541,US,0,0,5,81.22,0.59,0,0,0,0
37.87,17,5732,US,2,2,5,58.1,0.65,0,0,1,0
44.31,16,5912,US,0,2,5,98.74,0.45,0,0,0,0
98.35,6,5812,US,1,3,6,67.82,1.45,0,0,0,0
48.74,19,5814,US,0,0,3,88.99,0.55,0,0,0,0
17.86,14,5812,US,0,1,5,119.86,0.15,0,0,0,0
3450.31,13,6051,NG,1,6,7,54.59,63.2,1,0,1,1
29.33,11,5814,US,0,1,3,68.06,0.43,0,0,0,0
4244.69,5,5732,CY,2,2,9,87.89,48.3,1,1,1,1
88.53,7,5812,US,0,0,4,88.99,0.99,0,0,0,0
76.47,18,5812,US,0,1,2,138.22,0.55,0,0,0,0
15.39,17,5311,US,0,0,2,55.56,0.28,0,0,0,0
45.47,11,5311,US,0,0,4,140.66,0.32,0,0,0,0
47.28,11,5411,US,0,0,3,126.17,0.37,0,0,0,0
126.24,16,5311,US,0,2,5,137.55,0.92,0,0,0,0
61.26,13,5311,US,1,2,4,61.11,1.0,0,0,0,0
34.73,9,5411,US,0,2,3,133.53,0.26,0,0,0,0
86.03,9,5411,US,0,1,4,94.9,0.91,0,0,0,0
7.28,8,5814,US,0,0,5,51.06,0.14,0,0,0,0
18.63,12,5732,US,0,0,2,93.89,0.2,0,0,1,0
50.06,14,5812,US,0,1,3,79.52,0.63,0,0,0,0
54.02,23,5311,US,0,1,1,84.03,0.64,0,0,0,0
65.68,12,5541,US,0,0,0,79.77,0.82,0,0,0,0
38.42,7,5912,US,1,2,2,103.71,0.37,0,0,0,0
107.09,11,5311,US,1,4,7,112.24,0.95,0,0,0,0
24.38,18,5912,US,1,5,9,113.85,0.21,0,0,0,0
30.0,17,5411,US,0,0,5,61.63,0.49,0,0,0,0
62.56,12,5411,US,0,0,2,112.57,0.56,0,0,0,0
42.24,20,5311,US,2,2,5,94.66,0.45,0,0,0,0
151.72,14,4121,US,0,2,5,139.93,1.08,0,0,0,0
83.16,14,5912,US,1,1,6,57.83,1.44,0,0,0,0
219.31,22,7995,US,7,9,34,73.84,2.97,0,0,1,1
21.77,14,5411,US,0,1,7,123.98,0.18,0,0,0,0
387.4,17,4829,US,7,24,40,46.16,8.39,0,0,1,1
43.52,15,4121,US,0,0,2,121.85,0.36,0,0,0,0
54.56,12,5814,US,0,0,3,125.5,0.43,0,0,0,0
64.39,10,5411,US,0,1,4,111.64,0.58,0,0,0,0
61.72,14,5812,US,0,1,3,136.84,0.45,0,0,0,0
1.74,6,5311,US,12,19,21,81.26,0.02,0,0,0,1
69.31,12,5732,US,0,1,4,63.52,1.09,0,0,1,0
20.76,13,5912,US,0,2,3,141.83,0.15,0,0,0,0
373.14,14,4121,US,1,3,7,65.01,5.74,0,0,0,0
38.39,15,5411,US,1,3,5,100.72,0.38,0,0,0,0
123.6,10,5912,US,0,0,2,78.06,1.58,0,0,0,0
53.57,18,5411,US,0,0,5,62.08,0.86,0,0,0,0
42.67,13,4121,US,1,1,3,113.24,0.38,0,0,0,0
942.87,5,6051,RO,8,8,34,47.35,19.91,1,1,1,1
45.72,14,5912,DE,1,3,6,147.56,0.31,1,0,0,0
28.06,13,5541,US,0,0,4,91.88,0.31,0,0,0,0
61.02,16,5912,US,0,1,5,103.52,0.59,0,0,0,0
31.22,11,5411,US,0,0,1,78.2,0.4,0,0,0,0
85.58,12,4121,US,1,2,10,56.24,1.52,0,0,0,0
21.39,15,4121,US,0,2,3,124.16,0.17,0,0,0,0
78.59,11,5541,US,0,1,1,149.69,0.53,0,0,0,0
10.49,15,5732,US,0,0,4,78.42,0.13,0,0,1,0
95.11,11,4121,US,0,1,1,133.21,0.71,0,0,0,0
3.42,13,5311,US,14,13,44,93.9,0.04,0,0,0,1
6.17,7,5814,US,0,2,3,50.32,0.12,0,0,0,0
35.54,13,5732,US,0,1,6,59.02,0.6,0,0,1,0
36.6,15,5411,US,0,0,1,110.03,0.33,0,0,0,0
18.91,21,5541,US,0,0,1,119.7,0.16,0,0,0,0
119.41,9,5814,US,0,1,6,98.88,1.21,0,0,0,0
168.81,16,5541,US,0,0,1,90.42,1.87,0,0,0,0
40.82,12,5732,GB,0,1,2,98.72,0.41,1,0,1,0
225.41,11,5411,JP,0,0,3,129.65,1.74,1,0,0,0
9027.82,5,5732,CN,2,5,5,65.16,138.55,1,1,1,1
106.91,12,5814,US,0,1,1,115.7,0.92,0,0,0,0
57.86,17,5814,US,0,2,5,117.69,0.49,0,0,0,0
64.52,21,5732,US,0,2,5,85.47,0.75,0,0,1,0
410.8,11,5812,US,0,0,1,123.54,3.33,0,0,0,0
7946.74,3,5944,CN,2,6,6,47.14,168.58,1,1,1,1
47.46,11,5812,US,1,2,8,123.0,0.39,0,0,0,0
24.19,14,5732,US,0,0,1,85.55,0.28,0,0,1,0
40.21,9,5541,US,0,0,3,120.34,0.33,0,0,0,0
33.81,20,5541,US,0,0,3,59.18,0.57,0,0,0,0
38.35,15,5912,US,1,4,6,142.98,0.27,0,0,0,0
71.69,4,5732,US,1,3,7,146.3,0.49,0,1,1,0
67.68,12,5812,US,0,1,2,127.84,0.53,0,0,0,0
11.51,14,5814,US,0,1,3,144.77,0.08,0,0,0,0
57.94,8,5311,US,2,4,5,138.41,0.42,0,0,0,0
59.24,14,5311,US,0,0,5,86.91,0.68,0,0,0,0
117.15,12,5541,US,0,0,4,142.45,0.82,0,0,0,0
100.99,14,5812,US,0,0,2,100.53,1.0,0,0,0,0
124.99,12,5311,US,0,3,5,109.63,1.14,0,0,0,0
821.78,13,4829,GB,5,14,30,58.21,14.12,1,0,1,1
22.66,20,5411,US,0,2,4,82.23,0.28,0,0,0,0
19.59,8,4121,US,2,4,4,54.46,0.36,0,0,0,0
20.66,8,5812,US,1,1,3,117.54,0.18,0,0,0,0
143.76,14,5541,US,1,1,4,86.57,1.66,0,0,0,0
85.17,13,5541,US,0,0,4,128.55,0.66,0,0,0,0
26.81,20,5541,US,0,0,4,59.29,0.45,0,0,0,0
53.58,11,5541,US,0,2,4,128.02,0.42,0,0,0,0
41.91,11,5541,US,1,3,3,50.52,0.83,0,0,0,0
214.76,15,5732,US,1,2,6,125.33,1.71,0,0,1,0
10.72,16,4121,US,0,1,4,135.22,0.08,0,0,0,0
146.54,11,5411,US,0,0,2,100.91,1.45,0,0,0,0
2576.98,3,4829,CN,4,8,6,74.74,34.48,1,1,1,1
117.4,19,5411,US,1,1,2,139.33,0.84,0,0,0,0
21.21,14,5812,US,1,1,3,139.9,0.15,0,0,0,0
29.54,16,4121,US,0,0,0,139.37,0.21,0,0,0,0
37.58,19,5814,US,0,2,4,136.95,0.27,0,0,0,0
33.18,13,4121,US,0,2,6,76.49,0.43,0,0,0,0
71.24,11,5732,US,0,1,4,131.43,0.54,0,0,1,0
148.95,5,5311,US,0,1,4,123.5,1.21,0,1,0,0
11.15,9,5812,US,1,1,3,118.05,0.09,0,0,0,0
23.91,13,5812,US,0,0,6,76.55,0.31,0,0,0,0
88.57,16,5814,US,1,1,4,104.32,0.85,0,0,0,0
25.68,16,4121,US,1,5,9,120.48,0.21,0,0,0,0
317.45,11,5812,US,0,0,2,149.28,2.13,0,0,0,0
15.49,11,4121,US,1,3,5,86.15,0.18,0,0,0,0
9.43,18,5812,US,0,0,2,134.27,0.07,0,0,0,0
7837.23,1,5944,RU,1,2,9,40.04,195.74,1,1,1,1
58.22,13,5732,US,1,1,3,116.71,0.5,0,0,1,0
66.36,14,5311,US,0,1,3,89.12,0.74,0,0,0,0
269.62,14,5411,US,1,3,5,99.24,2.72,0,0,0,0
46.99,12,5732,US,0,2,4,97.46,0.48,0,0,1,0
737.62,10,4121,US,1,1,4,84.86,8.69,0,0,0,0
82.19,19,5311,US,1,3,4,106.86,0.77,0,0,0,0
40.1,14,5732,US,0,2,6,68.5,0.59,0,0,1,0
84.1,20,5812,US,0,1,4,135.32,0.62,0,0,0,0
23.52,12,5912,US,0,2,4,64.31,0.37,0,0,0,0
56.93,13,5732,US,0,0,2,103.46,0.55,0,0,1,0
27.62,16,5541,US,0,1,5,50.5,0.55,0,0,0,0
44.71,7,5812,US,0,0,1,61.33,0.73,0,0,0,0
15.01,16,5311,US,0,0,3,59.5,0.25,0,0,0,0
149.51,19,5541,US,0,1,4,88.16,1.7,0,0,0,0
28.74,14,5812,US,2,2,3,72.49,0.4,0,0,0,0
36.84,9,5814,GB,0,0,5,137.91,0.27,1,0,0,0
24.44,15,5541,US,0,2,3,78.23,0.31,0,0,0,0
36.88,20,5814,US,1,2,3,89.26,0.41,0,0,0,0
35.49,13,5411,US,0,0,2,76.32,0.47,0,0,0,0
19.15,14,5541,US,0,0,3,116.16,0.16,0,0,0,0
37.22,18,5541,US,0,0,4,122.66,0.3,0,0,0,0
96.76,17,5814,US,0,2,4,86.73,1.12,0,0,0,0
20.38,14,5814,US,0,0,2,56.91,0.36,0,0,0,0
2125.04,6,5732,NG,2,6,12,97.18,21.87,1,0,1,1
60.69,13,5812,US,0,1,2,97.82,0.62,0,0,0,0
14.88,13,5541,US,1,3,6,65.8,0.23,0,0,0,0
65.35,13,5732,US,0,0,2,68.0,0.96,0,0,1,0
60.09,6,5541,CA,0,0,1,139.76,0.43,1,0,0,0
16.32,18,5812,US,0,0,3,99.57,0.16,0,0,0,0
140.15,7,4121,US,0,1,4,144.78,0.97,0,0,0,0
62.01,12,5812,US,0,0,2,123.97,0.5,0,0,0,0
29.74,14,5732,US,0,2,5,75.1,0.4,0,0,1,0
56.82,14,5814,US,1,1,3,89.21,0.64,0,0,0,0
71.0,8,4121,US,0,1,8,88.24,0.8,0,0,0,0
20.55,9,5411,US,0,0,1,115.03,0.18,0,0,0,0
38.3,14,5814,US,0,1,2,106.56,0.36,0,0,0,0
86.55,20,5541,US,0,1,3,148.89,0.58,0,0,0,0
37.34,14,5814,US,0,0,5,59.75,0.62,0,0,0,0
11.67,10,5732,US,0,0,3,122.65,0.1,0,0,1,0
18.58,9,5311,US,0,0,3,109.98,0.17,0,0,0,0
17.62,16,5411,US,0,0,5,101.04,0.17,0,0,0,0
8947.09,5,6051,US,1,5,8,89.6,99.86,0,1,1,1
17.43,7,5812,US,0,2,5,108.05,0.16,0,0,0,0
9.64,17,5812,US,0,2,5,66.71,0.14,0,0,0,0
307.32,11,7995,GB,10,12,17,53.24,5.77,1,0,1,1
25.53,9,5814,US,0,1,1,119.0,0.21,0,0,0,0
61.67,10,5541,US,0,0,5,84.37,0.73,0,0,0,0
51.5,18,5541,US,0,1,3,122.03,0.42,0,0,0,0
102.28,20,5541,US,0,0,4,148.3,0.69,0,0,0,0
5054.04,3,6051,CN,1,2,8,56.86,88.89,1,1,1,1
32.29,15,5541,US,0,0,3,70.98,0.45,0,0,0,0
7.45,16,5814,US,0,0,4,117.38,0.06,0,0,0,0
69.3,20,5912,US,0,1,3,54.19,1.28,0,0,0,0
1247.75,12,6051,CN,3,7,7,75.86,16.45,1,0,1,1
109.99,15,5732,GB,0,0,3,111.23,0.99,1,0,1,0
34.72,17,5411,US,0,1,3,109.88,0.32,0,0,0,0
55.67,10,5812,US,1,3,4,145.5,0.38,0,0,0,0
33.63,21,5541,US,0,0,1,75.33,0.45,0,0,0,0
39.51,11,5732,US,0,2,7,54.35,0.73,0,0,1,0
42.67,11,5814,US,0,1,1,66.73,0.64,0,0,0,0
48.7,13,4121,US,1,3,5,138.53,0.35,0,0,0,0
52.54,23,5814,US,0,0,0,76.3,0.69,0,0,0,0
36.19,5,5541,US,1,1,2,116.96,0.31,0,1,0,0
24.13,13,4121,US,0,1,2,123.24,0.2,0,0,0,0
62.51,19,5814,US,0,0,2,91.93,0.68,0,0,0,0
35.89,7,5814,US,0,0,4,98.44,0.36,0,0,0,0
110.14,15,5311,US,0,0,2,92.05,1.2,0,0,0,0
42.5,12,5311,US,0,0,2,99.9,0.43,0,0,0,0
50.74,11,5311,US,0,0,2,138.2,0.37,0,0,0,0
66.12,2,5311,US,0,1,5,63.07,1.05,0,1,0,0
25.29,14,5732,US,0,2,4,60.77,0.42,0,0,1,0
0.77,5,5311,NG,14,27,15,61.52,0.01,1,1,0,1
2997.27,15,5732,RU,2,5,10,75.78,39.55,1,0,1,1
17.72,8,5812,US,1,1,5,112.26,0.16,0,0,0,0
12.8,14,4121,US,0,1,5,82.1,0.16,0,0,0,0
14.89,20,5814,US,0,1,3,139.03,0.11,0,0,0,0
6.61,16,5812,US,1,2,4,57.29,0.12,0,0,0,0
11.19,16,5812,US,0,0,2,94.24,0.12,0,0,0,0
2.41,7,5311,NG,13,25,33,82.45,0.03,1,0,0,1
12.08,13,5311,US,0,1,3,136.51,0.09,0,0,0,0
30.52,22,5541,US,0,0,1,60.32,0.51,0,0,0,0
172.65,15,5814,US,1,4,8,88.53,1.95,0,0,0,0
65.92,8,5912,US,0,2,2,149.07,0.44,0,0,0,0
62.8,9,4121,US,0,3,5,92.87,0.68,0,0,0,0
48.85,9,5812,US,0,1,2,122.34,0.4,0,0,0,0
18.73,14,5814,US,0,1,4,108.46,0.17,0,0,0,0
14.61,18,5814,US,0,2,4,58.27,0.25,0,0,0,0
495.42,9,5411,US,0,0,9,92.4,5.36,0,0,0,0
34.63,21,5812,US,0,1,2,117.02,0.3,0,0,0,0
196.0,19,5812,US,1,1,1,127.66,1.54,0,0,0,0
214.57,18,5311,US,0,2,4,140.32,1.53,0,0,0,0
13.42,12,5541,US,0,3,5,126.56,0.11,0,0,0,0
47.06,14,5912,US,0,0,5,119.18,0.39,0,0,0,0
17.47,11,5912,US,0,2,3,139.28,0.13,0,0,0,0
9.49,14,5411,US,0,1,4,124.17,0.08,0,0,0,0
66.41,9,5814,US,0,0,1,140.43,0.47,0,0,0,0
50.18,12,5814,US,0,1,4,94.34,0.53,0,0,0,0
99.24,16,5912,US,0,0,2,80.26,1.24,0,0,0,0
465.67,16,5812,FR,0,0,1,85.79,5.43,1,0,0,0
65.43,13,5541,US,1,1,2,80.32,0.81,0,0,0,0
32.26,9,4121,US,0,0,1,91.07,0.35,0,0,0,0
15.44,15,5814,US,0,1,5,67.29,0.23,0,0,0,0
89.74,20,4121,US,0,0,2,85.73,1.05,0,0,0,0
40.43,13,5912,US,0,0,5,84.94,0.48,0,0,0,0
14.59,20,5411,US,0,2,6,115.77,0.13,0,0,0,0
49.27,20,5812,US,0,0,0,99.17,0.5,0,0,0,0
109.41,19,5732,US,0,2,4,123.08,0.89,0,0,1,0
113.38,15,5411,US,0,0,4,110.79,1.02,0,0,0,0
21.89,13,5912,US,0,1,3,59.96,0.37,0,0,0,0
30.74,11,5814,US,0,0,3,114.88,0.27,0,0,0,0
49.63,20,5411,US,0,1,3,124.52,0.4,0,0,0,0
10.71,16,5812,US,0,0,4,120.6,0.09,0,0,0,0
58.28,9,5732,US,0,0,2,145.68,0.4,0,0,1,0
69.95,16,5814,US,1,2,3,93.47,0.75,0,0,0,0
34.69,7,5541,US,0,1,2,143.46,0.24,0,0,0,0
790.51,5,7995,US,9,11,26,97.59,8.1,0,1,1,1
37.59,16,5912,US,0,0,5,128.99,0.29,0,0,0,0
14.46,17,5311,US,0,1,3,125.74,0.11,0,0,0,0
1.91,9,5311,NG,13,21,41,47.51,0.04,1,0,0,1
111.87,14,5814,US,0,2,6,112.16,1.0,0,0,0,0
27.19,12,4121,US,0,0,1,69.77,0.39,0,0,0,0
13.93,11,5411,US,0,1,4,97.36,0.14,0,0,0,0
144.35,7,5541,US,0,1,5,71.54,2.02,0,0,0,0
85.88,7,5732,US,1,2,5,80.84,1.06,0,0,1,0
13.93,14,5812,US,0,0,3,140.3,0.1,0,0,0,0
85.56,12,4121,US,1,2,5,74.04,1.16,0,0,0,0
18.29,17,5541,US,0,0,1,109.51,0.17,0,0,0,0
53.24,10,5812,US,0,0,3,119.07,0.45,0,0,0,0
176.18,12,5812,US,0,0,4,102.13,1.73,0,0,0,0
49.74,14,5912,US,0,0,2,90.8,0.55,0,0,0,0
75.98,17,4121,US,1,3,8,93.14,0.82,0,0,0,0
17.55,14,5541,US,0,2,4,75.3,0.23,0,0,0,0
33.57,22,5732,US,0,1,4,125.9,0.27,0,0,1,0
14.11,8,5814,US,0,0,0,140.65,0.1,0,0,0,0
8.29,18,5311,US,0,1,2,93.95,0.09,0,0,0,0
37.74,16,4121,US,0,1,1,74.59,0.51,0,0,0,0
15.04,2,4121,US,0,1,2,74.58,0.2,0,1,0,0
36.2,9,4121,US,0,3,5,54.79,0.66,0,0,0,0
28.78,13,5912,US,0,1,5,134.8,0.21,0,0,0,0
174.64,7,5311,US,0,0,3,64.15,2.72,0,0,0,0
67.48,9,5814,US,0,0,2,132.88,0.51,0,0,0,0
13.03,11,5812,US,0,0,3,53.38,0.24,0,0,0,0
47.87,19,5814,US,0,0,3,143.01,0.33,0,0,0,0
67.82,22,5311,FR,0,0,4,145.99,0.46,1,0,0,0
125.56,14,5732,JP,1,2,5,119.96,1.05,1,0,1,0
22.72,7,5411,US,1,1,2,111.21,0.2,0,0,0,0
67.75,13,5812,US,0,0,4,72.14,0.94,0,0,0,0
25.98,14,5411,US,0,2,2,67.52,0.38,0,0,0,0
9.55,12,5411,US,0,0,2,107.06,0.09,0,0,0,0
49.07,23,5732,US,0,1,1,55.73,0.88,0,0,1,0
2.73,15,5411,US,0,1,3,101.93,0.03,0,0,0,0
9.6,20,5812,US,1,2,3,91.56,0.1,0,0,0,0
140.43,16,5311,US,0,0,1,83.95,1.67,0,0,0,0
32.34,20,5812,GB,1,2,6,107.01,0.3,1,0,0,0
20.16,11,5311,US,0,0,2,85.02,0.24,0,0,0,0
101.67,15,5411,US,0,2,4,136.28,0.75,0,0,0,0
20.63,17,5912,GB,0,0,4,97.44,0.21,1,0,0,0
16.3,7,5311,US,0,0,4,78.56,0.21,0,0,0,0
54.68,14,5411,US,0,0,6,84.19,0.65,0,0,0,0
36.81,15,5311,US,0,0,1,147.97,0.25,0,0,0,0
207.83,14,5912,US,0,0,3,102.49,2.03,0,0,0,0
22.66,9,5732,US,1,1,4,149.41,0.15,0,0,1,0
591.28,16,5944,GB,6,11,19,48.92,12.09,1,0,1,1
29.04,22,5814,US,1,2,4,101.87,0.29,0,0,0,0
62.66,15,5541,US,0,0,4,146.3,0.43,0,0,0,0
87.94,17,5541,US,0,0,3,110.1,0.8,0,0,0,0
30.78,10,5814,US,0,2,3,124.06,0.25,0,0,0,0
24.13,10,5814,US,0,0,2,143.87,0.17,0,0,0,0
68.68,9,5411,US,0,0,3,121.48,0.57,0,0,0,0
84.1,11,5541,US,0,1,4,61.92,1.36,0,0,0,0
37.89,19,5311,US,0,1,1,95.88,0.4,0,0,0,0
32.52,9,5411,US,0,1,3,96.15,0.34,0,0,0,0
96.96,16,5814,US,1,1,4,118.7,0.82,0,0,0,0
528.13,10,5732,GB,8,18,17,87.61,6.03,1,0,1,1
100.09,15,5732,US,0,0,1,69.28,1.44,0,0,1,0
471.32,21,5732,US,0,0,1,132.1,3.57,0,0,1,0
20.09,8,5812,US,0,1,5,96.09,0.21,0,0,0,0
63.0,13,5912,US,0,2,4,142.19,0.44,0,0,0,0
307.58,16,5541,US,0,0,1,68.06,4.52,0,0,0,0
52.49,14,5812,US,0,1,4,50.07,1.05,0,0,0,0
36.75,20,5912,US,0,1,3,76.32,0.48,0,0,0,0
192.36,9,5732,US,0,0,3,92.25,2.09,0,0,1,0
26.28,13,5814,US,0,0,0,73.33,0.36,0,0,0,0
37.59,13,5541,CA,0,1,4,143.45,0.26,1,0,0,0
18.79,16,5411,US,2,4,5,59.57,0.32,0,0,0,0
82.01,18,5411,US,0,0,0,86.96,0.94,0,0,0,0
91.14,11,5812,US,0,0,1,137.85,0.66,0,0,0,0
2624.65,23,4829,CY,3,3,8,63.09,41.6,1,0,1,1
1.06,9,5311,US,14,21,44,83.43,0.01,0,0,0,1
68.15,16,5411,US,0,0,3,101.52,0.67,0,0,0,0
44.68,17,5311,US,0,0,5,147.27,0.3,0,0,0,0
51.28,14,5311,US,0,3,3,146.97,0.35,0,0,0,0
63.7,9,5814,GB,0,0,1,103.48,0.62,1,0,0,0
54.39,14,4121,US,0,0,0,62.64,0.87,0,0,0,0
30.79,7,5411,FR,1,1,4,61.11,0.5,1,0,0,0
165.59,13,5812,US,0,0,0,133.41,1.24,0,0,0,0
213.82,12,5812,US,0,1,2,132.2,1.62,0,0,0,0
42.03,21,5732,US,1,1,2,56.13,0.75,0,0,1,0
11.4,12,5814,US,0,0,2,70.55,0.16,0,0,0,0
9.37,12,5812,US,0,1,2,63.65,0.15,0,0,0,0
130.87,10,5812,US,1,2,6,91.64,1.43,0,0,0,0
51.95,9,5732,US,0,1,1,57.14,0.91,0,0,1,0
142.47,12,5541,CA,1,4,9,114.56,1.24,1,0,0,0
91.17,8,5814,US,0,0,2,95.26,0.96,0,0,0,0
32.42,17,4121,US,0,0,2,100.02,0.32,0,0,0,0
94.83,13,5541,US,0,2,4,137.25,0.69,0,0,0,0
59.98,12,5411,US,0,2,4,93.88,0.64,0,0,0,0
119.71,13,5912,US,0,0,3,149.82,0.8,0,0,0,0
44.24,12,5311,US,1,3,4,71.43,0.62,0,0,0,0
57.43,14,5311,US,0,0,4,73.35,0.78,0,0,0,0
242.03,12,5912,US,0,1,2,136.86,1.77,0,0,0,0
74.62,13,5812,US,0,0,3,104.02,0.72,0,0,0,0
30.67,16,5732,US,0,1,2,130.1,0.24,0,0,1,0
191.82,12,5541,US,1,1,3,100.35,1.91,0,0,0,0
40.1,12,5812,US,0,3,5,118.02,0.34,0,0,0,0
28.02,11,5814,US,1,3,5,147.72,0.19,0,0,0,0
15.06,20,5541,US,0,0,2,53.23,0.28,0,0,0,0
29.46,15,4121,US,0,1,3,137.62,0.21,0,0,0,0
28.49,13,5732,US,0,0,6,132.72,0.21,0,0,1,0
106.97,10,5732,US,1,3,7,118.89,0.9,0,0,1,0
129.72,13,5812,US,1,2,7,80.24,1.62,0,0,0,0
31.77,11,5732,US,0,1,3,141.07,0.23,0,0,1,0
149.76,13,5311,US,0,0,2,50.15,2.99,0,0,0,0
49.13,16,5812,US,0,0,5,105.39,0.47,0,0,0,0
75.47,13,4121,US,1,1,6,115.39,0.65,0,0,0,0
85.36,14,5541,US,0,0,1,71.58,1.19,0,0,0,0
5833.92,3,6051,US,3,5,10,64.64,90.25,0,1,1,1
323.35,16,5411,US,0,0,3,132.72,2.44,0,0,0,0
33.73,19,4121,US,0,0,2,130.7,0.26,0,0,0,0
52.73,7,5732,US,0,0,2,90.29,0.58,0,0,1,0
1.8,17,5311,NG,13,24,15,59.58,0.03,1,0,0,1
1.33,6,5311,UA,15,16,31,89.94,0.01,1,0,0,1
28.73,14,5814,US,0,0,4,147.98,0.19,0,0,0,0
74.23,10,5814,US,1,2,11,84.66,0.88,0,0,0,0
76.88,11,5311,US,1,3,6,134.44,0.57,0,0,0,0
1335.67,6,6051,NG,4,8,11,41.19,32.43,1,0,1,1
17.16,17,5541,US,1,2,2,79.25,0.22,0,0,0,0
29.28,17,5311,US,0,0,3,128.98,0.23,0,0,0,0
80.17,8,5732,US,0,1,3,79.64,1.01,0,0,1,0
31.22,18,5732,US,0,2,5,65.04,0.48,0,0,1,0
118.33,9,4121,US,0,3,8,89.69,1.32,0,0,0,0
6.54,14,4121,US,0,0,2,145.84,0.04,0,0,0,0
23.08,18,5912,US,0,0,3,56.32,0.41,0,0,0,0
36.51,18,5541,US,1,3,5,76.99,0.47,0,0,0,0
3417.17,3,5944,RU,3,7,9,98.95,34.53,1,1,1,1
53.41,11,5311,US,0,0,4,126.16,0.42,0,0,0,0
85.89,20,4121,US,1,3,4,87.5,0.98,0,0,0,0
70.58,13,5411,US,0,1,5,54.77,1.29,0,0,0,0
22.47,14,5812,US,0,0,3,80.57,0.28,0,0,0,0
13.05,14,5912,US,0,0,2,100.73,0.13,0,0,0,0
49.7,10,5912,US,0,0,2,64.35,0.77,0,0,0,0
67.34,12,5732,US,0,1,3,116.53,0.58,0,0,1,0
3.21,9,5814,US,0,1,4,91.59,0.04,0,0,0,0
23.03,13,5311,JP,0,0,2,105.62,0.22,1,0,0,0
55.21,15,5912,US,0,0,2,73.44,0.75,0,0,0,0
243.9,8,5812,US,0,0,5,112.41,2.17,0,0,0,0
30.23,15,5814,US,0,1,5,76.58,0.39,0,0,0,0
162.43,18,5541,JP,0,0,2,52.03,3.12,1,0,0,0
222.43,13,5732,US,0,1,3,52.31,4.25,0,0,1,0
21.83,14,5541,US,0,1,1,83.01,0.26,0,0,0,0
28.63,13,4121,US,0,0,3,106.99,0.27,0,0,0,0
145.57,7,5812,US,0,0,3,106.23,1.37,0,0,0,0
20.79,17,4121,US,1,2,9,51.04,0.41,0,0,0,0
92.79,18,5912,US,0,1,4,76.52,1.21,0,0,0,0
74.71,17,4121,US,1,1,1,129.29,0.58,0,0,0,0
50.42,15,5311,US,1,2,4,87.92,0.57,0,0,0,0
65.69,10,4121,US,0,0,6,89.87,0.73,0,0,0,0
58.96,15,5732,US,0,1,3,149.65,0.39,0,0,1,0
37.54,19,5814,US,0,2,5,72.03,0.52,0,0,0,0
49.77,14,5812,US,0,0,1,107.63,0.46,0,0,0,0
6.93,11,5411,GB,0,0,4,86.71,0.08,1,0,0,0
92.67,20,5311,US,1,3,3,146.77,0.63,0,0,0,0
79.23,16,5912,US,0,2,3,61.98,1.28,0,0,0,0
16.42,9,5311,US,0,0,4,108.47,0.15,0,0,0,0
16.82,11,5311,US,0,0,2,101.47,0.17,0,0,0,0
1683.06,15,5732,CY,1,4,6,50.27,33.48,1,0,1,1
142.42,19,5311,US,0,0,3,116.33,1.22,0,0,0,0
10.76,13,5411,US,0,0,4,90.76,0.12,0,0,0,0
22.35,10,5812,US,1,3,4,80.37,0.28,0,0,0,0
35.71,6,5541,US,0,2,5,82.25,0.43,0,0,0,0
48.06,11,5814,US,0,1,3,76.1,0.63,0,0,0,0
33.89,15,5814,US,1,2,4,86.99,0.39,0,0,0,0
66.53,8,5812,US,0,0,2,63.19,1.05,0,0,0,0
66.05,14,5912,JP,0,1,5,113.34,0.58,1,0,0,0
66.63,10,5411,US,1,3,3,141.68,0.47,0,0,0,0
26.66,14,5311,US,0,1,3,101.6,0.26,0,0,0,0
23.12,15,4121,US,0,1,4,127.79,0.18,0,0,0,0
42.03,13,5732,US,0,0,5,114.66,0.37,0,0,1,0
2.29,11,5311,NG,5,17,45,65.68,0.03,1,0,0,1
39.11,12,5814,US,0,1,4,70.67,0.55,0,0,0,0
37.29,10,5311,US,0,0,2,121.9,0.31,0,0,0,0
55.97,20,4121,US,1,2,3,125.86,0.44,0,0,0,0
17.49,23,5812,US,1,1,4,64.14,0.27,0,0,0,0
2452.7,12,5732,RU,3,2,11,85.17,28.8,1,0,1,1
38.77,10,5541,US,0,0,2,147.83,0.26,0,0,0,0
148.04,8,5732,US,0,0,3,99.73,1.48,0,0,1,0
96.99,10,5814,US,0,2,4,131.55,0.74,0,0,0,0
80.25,16,5812,US,0,2,6,92.6,0.87,0,0,0,0
13.74,8,5812,US,0,1,1,125.09,0.11,0,0,0,0
36.61,15,5411,US,0,1,6,87.74,0.42,0,0,0,0
932.46,13,5411,US,0,1,3,104.32,8.94,0,0,0,0
98.84,12,4121,US,0,0,3,92.42,1.07,0,0,0,0
63.66,10,4121,US,0,0,2,101.28,0.63,0,0,0,0
68.36,16,4121,US,0,1,3,87.34,0.78,0,0,0,0
97.79,23,5411,US,0,0,2,115.11,0.85,0,0,0,0
12.58,15,5311,US,1,3,6,97.04,0.13,0,0,0,0
78.82,4,5541,US,0,0,6,104.4,0.75,0,1,0,0
46.53,8,4121,US,1,2,7,112.2,0.41,0,0,0,0
25.31,15,5912,US,1,1,2,130.31,0.19,0,0,0,0
24.13,8,4121,US,0,0,1,130.65,0.18,0,0,0,0
2.99,18,5411,US,1,1,4,144.92,0.02,0,0,0,0
35.42,13,5311,US,0,2,6,90.91,0.39,0,0,0,0
2.5,19,5814,US,0,1,3,88.7,0.03,0,0,0,0
58.95,16,5541,US,0,2,4,140.25,0.42,0,0,0,0
5.35,13,4121,US,0,1,2,129.0,0.04,0,0,0,0
1816.66,2,5944,UA,2,6,5,78.39,23.17,1,1,1,1
5.72,23,4121,US,0,0,1,79.92,0.07,0,0,0,0
131.95,8,5732,US,0,0,3,117.71,1.12,0,0,1,0
10.88,15,5912,US,0,0,2,133.57,0.08,0,0,0,0
29.63,11,5732,US,1,2,5,93.91,0.32,0,0,1,0
3.44,6,5311,US,13,18,32,41.65,0.08,0,0,0,1
45.06,13,5732,DE,0,2,8,121.69,0.37,1,0,1,0
98.23,15,5912,US,0,1,6,126.93,0.77,0,0,0,0
69.64,20,5541,US,0,1,1,71.54,0.97,0,0,0,0
13.0,14,5311,US,0,0,4,121.32,0.11,0,0,0,0
20.47,12,5411,US,0,1,3,92.02,0.22,0,0,0,0
527.4,4,7995,RO,8,15,24,90.3,5.84,1,1,1,1
8.77,16,5311,DE,0,0,4,82.94,0.11,1,0,0,0
52.25,8,5541,US,0,2,5,130.28,0.4,0,0,0,0
158.75,13,5912,US,0,0,1,75.1,2.11,0,0,0,0
56.05,14,5311,US,0,0,3,88.13,0.64,0,0,0,0
19.23,20,5541,US,0,1,2,110.12,0.17,0,0,0,0
178.16,13,5411,US,0,1,4,128.34,1.39,0,0,0,0
51.64,12,5732,GB,0,0,4,77.6,0.67,1,0,1,0
49.76,12,5411,US,0,0,3,92.81,0.54,0,0,0,0
26.04,16,5812,DE,0,0,2,146.93,0.18,1,0,0,0
33.14,20,5814,US,0,1,5,93.33,0.36,0,0,0,0
24.8,15,5812,US,0,1,3,94.77,0.26,0,0,0,0
99.52,14,5541,US,0,0,2,96.94,1.03,0,0,0,0
13.3,13,5411,US,0,0,6,126.84,0.1,0,0,0,0
51.94,16,4121,US,0,0,3,111.17,0.47,0,0,0,0
334.98,5,5541,US,0,2,5,103.7,3.23,0,1,0,0
22.06,19,5411,US,0,1,3,144.54,0.15,0,0,0,0
170.54,13,5732,US,0,0,3,105.74,1.61,0,0,1,0
2.64,14,5541,US,0,0,3,106.77,0.02,0,0,0,0
17.12,14,5912,US,1,2,5,60.61,0.28,0,0,0,0
31.27,6,4121,US,0,1,8,70.52,0.44,0,0,0,0
52.15,15,5311,US,0,2,2,128.8,0.4,0,0,0,0
28.93,9,5912,US,0,0,2,136.76,0.21,0,0,0,0
56.85,10,5812,US,0,2,6,71.05,0.8,0,0,0,0
79.82,8,4121,US,0,1,4,57.68,1.38,0,0,0,0
182.8,11,4121,US,0,0,5,111.65,1.64,0,0,0,0
152.88,23,5732,CA,1,2,6,68.46,2.23,1,0,1,0
38.7,20,5541,US,0,0,2,72.53,0.53,0,0,0,0
14.48,15,5311,US,0,1,6,146.56,0.1,0,0,0,0
44.69,3,5732,US,0,1,4,80.42,0.56,0,1,1,0
579.44,7,5411,US,0,0,2,92.77,6.25,0,0,0,0
44.42,13,5311,US,0,0,2,123.4,0.36,0,0,0,0
114.15,11,5912,US,1,2,6,102.12,1.12,0,0,0,0
53.8,15,5812,US,0,0,2,149.41,0.36,0,0,0,0
6209.1,0,6051,RO,1,5,5,96.62,64.26,1,1,1,1
45.46,20,5541,US,1,1,2,108.4,0.42,0,0,0,0
16.97,12,5311,US,0,1,3,126.91,0.13,0,0,0,0
3195.54,2,5732,RU,1,4,4,44.54,71.75,1,1,1,1
46.09,21,5814,US,0,3,10,85.59,0.54,0,0,0,0
37.15,17,5311,US,0,0,5,142.26,0.26,0,0,0,0
41.76,17,5814,US,0,1,5,129.48,0.32,0,0,0,0
143.13,8,5814,US,0,2,4,144.31,0.99,0,0,0,0
1281.0,18,7995,NG,2,7,5,57.66,22.22,1,0,1,1
64.55,19,5814,US,0,0,3,128.32,0.5,0,0,0,0
36.13,18,5311,US,0,1,3,124.93,0.29,0,0,0,0
52.16,15,4121,US,0,2,3,53.27,0.98,0,0,0,0
7.96,8,4121,US,0,0,6,93.15,0.09,0,0,0,0
210.72,16,5411,US,0,1,4,55.87,3.77,0,0,0,0
32.18,10,5411,US,0,0,1,99.76,0.32,0,0,0,0
94.13,15,5541,US,0,0,2,86.07,1.09,0,0,0,0
2.01,7,5311,NG,7,14,31,58.21,0.03,1,0,0,1
16.96,9,4121,US,0,2,4,128.36,0.13,0,0,0,0
57.66,8,5912,US,0,0,7,111.78,0.52,0,0,0,0
39.42,18,5814,US,1,1,4,59.51,0.66,0,0,0,0
18.44,17,5541,US,0,0,1,136.47,0.14,0,0,0,0
83.99,14,5912,US,0,3,5,120.59,0.7,0,0,0,0
94.79,20,5812,US,0,0,1,119.97,0.79,0,0,0,0
52.4,15,5311,US,0,0,5,64.97,0.81,0,0,0,0
43.78,8,5411,US,0,1,4,96.86,0.45,0,0,0,0
41.93,10,5732,US,0,1,2,53.09,0.79,0,0,1,0
22.53,10,4121,US,0,2,4,88.03,0.26,0,0,0,0
28.71,17,5912,US,0,1,3,135.59,0.21,0,0,0,0
61.11,8,5814,CA,0,1,2,138.15,0.44,1,0,0,0
9375.05,0,5944,CY,3,6,10,64.92,144.41,1,1,1,1
206.38,20,5541,US,0,0,2,74.37,2.78,0,0,0,0
41.47,14,5814,US,0,2,2,70.29,0.59,0,0,0,0
2015.67,5,6051,US,2,3,6,60.55,33.29,0,1,1,1
69.44,9,5411,US,0,2,4,100.02,0.69,0,0,0,0
237.11,20,5814,US,0,0,2,89.91,2.64,0,0,0,0
64.69,6,5311,US,0,0,2,78.73,0.82,0,0,0,0
21.98,18,5814,US,2,3,7,115.85,0.19,0,0,0,0
61.64,23,5541,US,1,2,4,81.99,0.75,0,0,0,0
28.69,16,5912,CA,0,2,3,81.86,0.35,1,0,0,0
41.11,12,5541,US,0,0,3,110.63,0.37,0,0,0,0
32.14,13,5541,US,0,0,2,88.09,0.36,0,0,0,0
2208.11,21,4829,CY,2,7,11,63.49,34.78,1,0,1,1
61.96,14,4121,US,0,0,3,50.59,1.22,0,0,0,0
61.41,13,5541,US,0,0,3,97.1,0.63,0,0,0,0
68.72,14,5912,US,0,0,5,133.58,0.51,0,0,0,0
47.47,12,5812,US,0,1,3,135.7,0.35,0,0,0,0
38.26,12,4121,US,1,1,3,123.9,0.31,0,0,0,0
729.75,10,7995,CY,2,2,8,84.44,8.64,1,0,1,1
62.4,12,5411,US,0,2,9,97.34,0.64,0,0,0,0
46.33,12,5541,US,2,2,2,128.84,0.36,0,0,0,0
71.91,19,5814,US,0,1,6,123.89,0.58,0,0,0,0
50.03,9,5411,DE,0,1,5,69.48,0.72,1,0,0,0
106.13,5,5732,US,0,0,4,127.78,0.83,0,1,1,0
13.57,14,4121,US,0,1,5,64.45,0.21,0,0,0,0
521.18,1,5732,GB,4,10,15,64.82,8.04,1,1,1,1
15.85,13,4121,US,0,2,3,123.31,0.13,0,0,0,0
56.61,21,4121,US,0,0,4,135.92,0.42,0,0,0,0
120.53,10,5311,US,0,0,1,51.16,2.36,0,0,0,0
87.46,7,5311,US,1,1,5,141.06,0.62,0,0,0,0
64.93,17,5814,US,0,1,5,143.21,0.45,0,0,0,0
11.38,10,5812,US,0,0,1,110.24,0.1,0,0,0,0
140.75,17,5812,US,0,1,5,130.6,1.08,0,0,0,0
21.6,14,5814,US,0,0,5,147.93,0.15,0,0,0,0
56.92,19,5411,US,0,0,0,132.78,0.43,0,0,0,0
18.37,12,4121,US,0,0,3,106.9,0.17,0,0,0,0
228.04,12,5912,US,0,1,2,73.55,3.1,0,0,0,0
25.05,4,5311,US,0,0,2,67.58,0.37,0,1,0,0
19.78,12,4121,US,0,1,2,135.52,0.15,0,0,0,0
48.5,17,5311,US,0,2,4,52.22,0.93,0,0,0,0
36.12,14,5732,US,0,2,4,146.06,0.25,0,0,1,0
60.78,15,5411,US,1,1,7,142.25,0.43,0,0,0,0
65.15,13,5541,US,0,0,4,92.87,0.7,0,0,0,0
55.67,16,4121,US,0,0,4,131.79,0.42,0,0,0,0
22.01,12,4121,US,0,0,1,85.09,0.26,0,0,0,0
18.74,12,5411,US,0,0,1,88.72,0.21,0,0,0,0
56.77,10,5411,US,0,2,5,91.86,0.62,0,0,0,0
226.64,16,5812,US,0,0,3,123.22,1.84,0,0,0,0
42.74,14,5541,US,1,1,4,76.16,0.56,0,0,0,0
102.8,21,4121,US,0,1,4,71.41,1.44,0,0,0,0
5333.95,1,5944,NG,1,3,8,94.56,56.41,1,1,1,1
11.63,11,4121,US,0,2,4,125.8,0.09,0,0,0,0
74.12,14,5814,US,0,0,2,82.7,0.9,0,0,0,0
72.0,13,5812,US,0,0,1,67.52,1.07,0,0,0,0
53.1,11,5814,US,0,2,3,126.92,0.42,0,0,0,0
104.0,18,5812,US,0,1,3,65.03,1.6,0,0,0,0
65.35,20,5812,US,0,1,5,67.16,0.97,0,0,0,0
41.05,8,5812,US,0,3,6,99.39,0.41,0,0,0,0
34.73,17,5541,US,0,0,2,129.78,0.27,0,0,0,0
24.46,11,5732,US,0,1,7,108.02,0.23,0,0,1,0
73.64,13,5541,US,0,0,3,75.63,0.97,0,0,0,0
50.84,11,5411,FR,0,1,4,86.29,0.59,1,0,0,0
33.38,16,5814,US,0,1,3,98.18,0.34,0,0,0,0
37.16,12,5814,US,1,3,4,51.98,0.71,0,0,0,0
69.71,15,5541,US,1,2,7,122.83,0.57,0,0,0,0
18.46,17,5812,US,0,0,1,92.71,0.2,0,0,0,0
182.14,16,5812,US,0,2,2,121.8,1.5,0,0,0,0
36.4,17,5812,US,0,1,7,78.78,0.46,0,0,0,0
87.95,10,5732,US,0,1,5,79.36,1.11,0,0,1,0
22.37,17,5411,US,0,0,5,54.48,0.41,0,0,0,0
33.62,12,5912,US,2,3,6,149.39,0.23,0,0,0,0
81.35,15,4121,US,0,1,4,116.29,0.7,0,0,0,0
22.91,10,5812,US,0,0,1,97.18,0.24,0,0,0,0
15.33,13,5411,US,0,1,3,63.92,0.24,0,0,0,0
75.02,13,5541,US,0,1,4,126.04,0.6,0,0,0,0
152.7,16,5411,US,0,1,5,124.79,1.22,0,0,0,0
2.51,15,5311,US,5,16,33,41.6,0.06,0,0,0,1
24.72,20,5541,US,0,2,6,68.72,0.36,0,0,0,0
81.65,11,5311,US,0,1,2,120.71,0.68,0,0,0,0
4.22,6,5912,US,0,0,2,109.73,0.04,0,0,0,0
37.22,6,5541,US,0,0,5,55.88,0.67,0,0,0,0
83.36,13,5411,US,0,0,2,149.31,0.56,0,0,0,0
8.95,17,4121,US,0,0,3,60.59,0.15,0,0,0,0
152.47,15,4121,US,0,2,5,142.73,1.07,0,0,0,0
125.85,16,5411,US,0,2,4,121.29,1.04,0,0,0,0
53.59,19,4121,US,0,0,3,140.31,0.38,0,0,0,0
111.49,14,5311,US,0,0,1,55.7,2.0,0,0,0,0
23.45,11,5812,US,0,1,3,107.31,0.22,0,0,0,0
3.0,4,5541,US,0,1,3,76.99,0.04,0,1,0,0
75.45,20,5912,US,1,2,6,103.2,0.73,0,0,0,0
45.9,9,5311,US,1,1,2,111.96,0.41,0,0,0,0
5520.8,2,6051,CN,3,6,6,44.29,124.65,1,1,1,1
69.52,10,5814,US,0,0,3,63.08,1.1,0,0,0,0
98.82,15,4121,US,0,3,9,81.43,1.21,0,0,0,0
15.49,15,5912,US,1,1,3,89.57,0.17,0,0,0,0
9.73,8,5311,US,1,2,6,99.96,0.1,0,0,0,0
32.57,12,5812,US,0,0,3,69.39,0.47,0,0,0,0
66.34,12,5812,US,0,0,3,99.03,0.67,0,0,0,0
196.7,10,5541,US,0,2,4,64.33,3.06,0,0,0,0
28.06,11,5411,US,0,0,2,148.64,0.19,0,0,0,0
19.18,11,5814,US,0,0,2,144.15,0.13,0,0,0,0
61.91,10,5732,US,0,2,2,97.53,0.63,0,0,1,0
23.4,14,5814,US,0,2,2,75.32,0.31,0,0,0,0
5537.17,4,5944,CY,3,5,10,95.97,57.7,1,1,1,1
20.55,14,5812,US,0,1,2,112.6,0.18,0,0,0,0
47.55,16,5814,US,0,0,3,54.19,0.88,0,0,0,0
108.25,11,4121,US,1,1,2,134.42,0.81,0,0,0,0
91.11,14,5732,US,0,1,6,132.43,0.69,0,0,1,0
235.62,14,5812,US,0,1,1,91.35,2.58,0,0,0,0
19.98,10,4121,US,0,0,1,91.27,0.22,0,0,0,0
24.87,12,4121,US,0,0,4,132.28,0.19,0,0,0,0
40.61,20,5411,US,0,1,5,88.46,0.46,0,0,0,0
14.09,10,5812,US,0,2,4,121.71,0.12,0,0,0,0
103.33,11,5814,US,1,2,6,83.14,1.24,0,0,0,0
44.54,10,5732,US,0,0,4,147.55,0.3,0,0,1,0
23.61,9,5311,US,0,1,5,81.04,0.29,0,0,0,0
64.16,12,5912,US,1,2,2,63.8,1.01,0,0,0,0
29.76,15,5732,US,0,1,4,66.59,0.45,0,0,1,0
43.86,17,5541,US,0,1,1,132.97,0.33,0,0,0,0
51.3,8,5732,US,0,2,4,113.76,0.45,0,0,1,0
263.2,18,5814,US,0,1,3,144.91,1.82,0,0,0,0
50.45,17,5411,US,0,2,4,130.95,0.39,0,0,0,0
77.08,12,4121,US,0,2,6,120.59,0.64,0,0,0,0
39.62,4,5411,US,0,1,4,127.07,0.31,0,1,0,0
40.25,12,5812,US,0,0,3,85.66,0.47,0,0,0,0
41.79,15,5812,US,0,1,2,81.33,0.51,0,0,0,0
87.24,10,4121,US,0,1,6,115.75,0.75,0,0,0,0
28.05,20,4121,US,1,1,2,93.37,0.3,0,0,0,0
74.08,16,5812,DE,0,0,4,101.06,0.73,1,0,0,0
14.04,13,5812,GB,0,2,4,144.66,0.1,1,0,0,0
1.64,6,5311,NG,8,26,27,72.3,0.02,1,0,0,1
10.49,16,5732,US,1,2,3,107.5,0.1,0,0,1,0
24.51,13,5912,US,1,1,3,51.98,0.47,0,0,0,0
34.88,18,5411,US,0,0,4,147.4,0.24,0,0,0,0
237.97,18,5812,US,0,1,5,59.98,3.97,0,0,0,0
85.98,13,5812,DE,0,1,2,119.29,0.72,1,0,0,0
38.85,15,5541,US,0,2,4,86.54,0.45,0,0,0,0
52.11,17,5732,US,0,4,9,93.14,0.56,0,0,1,0
127.61,12,5411,US,0,0,1,102.85,1.24,0,0,0,0
11.81,18,5541,US,0,2,5,131.15,0.09,0,0,0,0
671.0,17,6051,GB,9,9,36,45.05,14.89,1,0,1,1
6.79,15,5732,US,0,1,2,98.31,0.07,0,0,1,0
15.9,12,5812,US,1,1,4,100.69,0.16,0,0,0,0
3053.93,1,6051,NG,3,5,6,75.28,40.57,1,1,1,1
94.04,10,5541,US,0,1,4,78.11,1.2,0,0,0,0
22.79,10,5812,US,0,0,2,66.68,0.34,0,0,0,0
45.95,14,5814,US,0,1,4,145.46,0.32,0,0,0,0
171.19,14,5814,US,0,0,4,101.62,1.68,0,0,0,0
12.86,14,5812,US,0,0,3,122.53,0.1,0,0,0,0
20.85,12,4121,GB,0,1,3,110.02,0.19,1,0,0,0
76.32,13,5814,US,0,1,3,71.71,1.06,0,0,0,0
127.17,11,5541,US,0,0,7,111.64,1.14,0,0,0,0
14.14,18,5541,US,0,1,7,92.85,0.15,0,0,0,0
10.64,19,5411,US,0,1,4,86.68,0.12,0,0,0,0
5917.25,2,6051,UA,3,3,6,96.84,61.1,1,1,1,1
18.77,15,5732,US,1,3,8,77.81,0.24,0,0,1,0
121.96,20,5311,US,0,1,2,117.7,1.04,0,0,0,0
82.77,16,5912,US,1,2,5,134.53,0.62,0,0,0,0
74.87,5,5912,US,0,2,3,88.97,0.84,0,1,0,0
26.63,15,4121,US,2,2,4,90.09,0.3,0,0,0,0
119.46,14,5814,US,0,1,4,141.67,0.84,0,0,0,0
70.38,9,4121,US,0,0,5,72.2,0.97,0,0,0,0
173.92,12,5812,US,0,1,3,148.89,1.17,0,0,0,0
21.27,20,5541,US,0,0,2,140.61,0.15,0,0,0,0
96.3,13,5311,US,1,1,5,67.71,1.42,0,0,0,0
87.15,19,5311,US,0,1,2,124.02,0.7,0,0,0,0
34.41,11,5311,US,0,0,5,64.39,0.53,0,0,0,0
76.04,12,5732,US,0,2,3,85.9,0.89,0,0,1,0
26.94,12,5812,US,0,0,0,89.61,0.3,0,0,0,0
47.26,16,5814,US,0,1,2,52.83,0.89,0,0,0,0
75.17,11,5732,US,0,0,4,114.95,0.65,0,0,1,0
88.06,14,5311,US,2,2,5,83.62,1.05,0,0,0,0
87.79,21,5912,JP,0,0,3,51.74,1.7,1,0,0,0
115.05,11,5812,US,0,0,1,106.86,1.08,0,0,0,0
24.17,11,5912,US,0,1,3,141.8,0.17,0,0,0,0
89.12,11,5311,US,0,0,3,123.5,0.72,0,0,0,0
33.99,13,5411,US,0,0,1,76.21,0.45,0,0,0,0
333.67,7,5411,GB,0,1,2,82.19,4.06,1,0,0,0
90.19,9,5411,US,0,0,2,54.77,1.65,0,0,0,0
266.03,11,4121,GB,0,0,2,57.34,4.64,1,0,0,0
96.24,10,5541,US,0,1,2,70.77,1.36,0,0,0,0
49.99,11,5912,US,0,1,5,104.19,0.48,0,0,0,0
44.58,19,5912,US,0,1,3,64.93,0.69,0,0,0,0
47.84,14,4121,US,0,0,2,133.92,0.36,0,0,0,0
5.15,10,5732,GB,0,0,3,68.0,0.08,1,0,1,0
23.73,14,5411,US,0,1,4,84.44,0.28,0,0,0,0
50.36,20,5411,US,0,0,6,128.17,0.39,0,0,0,0
51.75,23,5812,US,0,1,3,75.98,0.68,0,0,0,0
60.06,15,5311,US,0,1,1,124.81,0.48,0,0,0,0
247.57,22,5912,US,0,1,1,116.9,2.12,0,0,0,0
170.32,14,5541,US,0,0,4,62.45,2.73,0,0,0,0
25.6,4,5814,US,0,2,7,102.24,0.25,0,1,0,0
22.61,17,5411,US,1,3,4,91.22,0.25,0,0,0,0
73.69,15,5541,US,1,1,5,69.39,1.06,0,0,0,0
245.05,17,5812,US,0,1,2,103.58,2.37,0,0,0,0
179.42,10,5311,GB,0,3,5,106.84,1.68,1,0,0,0
32.18,15,5732,US,0,1,1,53.47,0.6,0,0,1,0
6.46,20,5541,US,0,0,2,141.37,0.05,0,0,0,0
72.59,17,5311,US,0,0,2,65.94,1.1,0,0,0,0
29.0,3,5732,US,1,1,6,109.57,0.26,0,1,1,0
3.28,21,5311,UA,7,20,50,45.03,0.07,1,0,0,1
33.21,13,5732,US,1,1,5,57.03,0.58,0,0,1,0
46.83,12,5411,US,0,1,3,137.04,0.34,0,0,0,0
3796.65,5,5732,NG,3,3,10,97.15,39.08,1,1,1,1
147.69,11,5411,US,0,1,4,67.96,2.17,0,0,0,0
35.45,8,5812,JP,0,1,5,69.52,0.51,1,0,0,0
43.04,10,5912,US,0,5,7,93.05,0.46,0,0,0,0
50.86,10,5912,US,0,0,1,98.37,0.52,0,0,0,0
342.87,8,5944,GB,7,19,19,82.08,4.18,1,0,1,1
17.48,13,5541,US,1,3,7,99.21,0.18,0,0,0,0
28.94,10,5812,US,0,0,5,114.61,0.25,0,0,0,0
37.57,23,5411,US,0,0,1,67.35,0.56,0,0,0,0
160.63,13,5311,GB,0,1,5,91.24,1.76,1,0,0,0
77.13,10,4121,US,0,0,2,92.93,0.83,0,0,0,0
35.29,18,5912,US,1,1,3,58.45,0.6,0,0,0,0
83.43,14,5541,US,0,1,3,144.68,0.58,0,0,0,0
22.58,12,5812,US,0,0,5,144.73,0.16,0,0,0,0
47.65,13,4121,US,1,1,1,76.1,0.63,0,0,0,0
52.64,10,5814,US,0,1,2,134.07,0.39,0,0,0,0
72.95,20,5311,US,1,2,2,82.46,0.88,0,0,0,0
33.42,17,4121,US,1,1,6,70.13,0.48,0,0,0,0
55.83,17,5814,US,0,0,5,83.2,0.67,0,0,0,0
26.79,17,5912,US,0,1,4,127.28,0.21,0,0,0,0
83.84,9,5814,US,1,2,4,60.85,1.38,0,0,0,0
23.58,12,5812,US,0,1,2,123.55,0.19,0,0,0,0
20.41,13,4121,US,0,0,6,78.96,0.26,0,0,0,0
27.63,14,5311,US,0,1,2,123.69,0.22,0,0,0,0
11.2,15,4121,US,1,4,7,82.69,0.14,0,0,0,0
35.32,15,5311,US,1,2,4,90.23,0.39,0,0,0,0
26.08,15,5912,US,1,2,4,148.67,0.18,0,0,0,0
56.54,9,5732,US,0,0,2,101.3,0.56,0,0,1,0
21.79,16,4121,US,0,1,2,77.38,0.28,0,0,0,0
9438.4,1,6051,CY,3,5,10,68.86,137.07,1,1,1,1
13.85,9,4121,US,1,2,3,63.61,0.22,0,0,0,0
167.4,12,5812,US,0,2,3,103.95,1.61,0,0,0,0
812.16,7,4829,US,5,11,36,91.46,8.88,0,0,1,1
2.33,19,5311,US,10,19,33,83.24,0.03,0,0,0,1
91.5,13,5912,DE,0,0,4,57.78,1.58,1,0,0,0
48.63,14,5732,US,0,0,2,130.95,0.37,0,0,1,0
8.78,13,5732,US,0,0,1,60.77,0.14,0,0,1,0
196.33,16,5814,US,0,1,3,52.35,3.75,0,0,0,0
362.43,16,5814,US,2,2,5,147.74,2.45,0,0,0,0
44.74,13,5812,US,0,1,3,58.06,0.77,0,0,0,0
7.23,15,5812,US,0,1,6,55.91,0.13,0,0,0,0
10.59,13,5411,US,1,1,8,93.47,0.11,0,0,0,0
40.46,11,5812,US,1,2,5,105.87,0.38,0,0,0,0
67.61,15,5912,US,0,0,2,96.88,0.7,0,0,0,0
14.71,16,5732,US,0,0,0,112.81,0.13,0,0,1,0
255.25,16,4121,US,0,1,5,149.17,1.71,0,0,0,0
201.02,22,4121,US,0,0,3,139.48,1.44,0,0,0,0
1129.77,2,7995,CN,4,8,9,64.75,17.45,1,1,1,1
9.91,18,4121,US,0,1,1,70.42,0.14,0,0,0,0
65.43,23,5541,US,0,0,6,71.13,0.92,0,0,0,0
28.05,12,5311,US,0,0,4,135.39,0.21,0,0,0,0
35.78,16,5732,US,0,2,3,99.58,0.36,0,0,1,0
76.65,19,4121,US,0,1,7,104.66,0.73,0,0,0,0
60.81,9,5311,US,0,0,1,86.84,0.7,0,0,0,0
85.09,15,4121,US,0,0,0,129.9,0.66,0,0,0,0
62.8,13,5814,US,0,0,4,67.72,0.93,0,0,0,0
26.13,4,5311,US,0,0,2,107.31,0.24,0,1,0,0
18.75,11,5732,US,0,0,3,133.8,0.14,0,0,1,0
17.68,15,5311,US,0,1,5,90.06,0.2,0,0,0,0
96.93,15,5812,US,0,0,5,121.59,0.8,0,0,0,0
58.95,15,5814,US,0,1,2,143.01,0.41,0,0,0,0
222.86,13,5812,US,0,0,0,134.0,1.66,0,0,0,0
246.52,6,6051,RO,9,24,31,45.38,5.43,1,0,1,1
13.13,23,5912,US,1,1,2,124.26,0.11,0,0,0,0
9.97,13,5541,US,0,1,5,136.19,0.07,0,0,0,0
99.62,18,4121,US,0,0,2,115.35,0.86,0,0,0,0
1453.74,15,5732,NG,3,7,6,53.81,27.02,1,0,1,1
41.22,14,5812,US,0,1,2,97.94,0.42,0,0,0,0
146.8,13,5912,US,1,3,5,129.45,1.13,0,0,0,0
417.99,13,5311,US,0,1,7,80.2,5.21,0,0,0,0
181.85,16,5411,JP,0,1,3,143.98,1.26,1,0,0,0
25.82,14,4121,US,0,2,5,141.96,0.18,0,0,0,0
60.27,12,5311,US,0,0,2,126.13,0.48,0,0,0,0
89.66,17,5411,US,0,1,4,126.82,0.71,0,0,0,0
53.17,6,5912,US,0,0,1,80.46,0.66,0,0,0,0
39.18,15,4121,US,0,1,4,69.96,0.56,0,0,0,0
39.45,9,4121,US,2,4,6,115.19,0.34,0,0,0,0
109.67,10,5912,US,0,0,2,140.99,0.78,0,0,0,0
38.97,6,5411,FR,0,0,4,89.98,0.43,1,0,0,0
5384.32,4,5732,RU,2,3,5,55.43,97.14,1,1,1,1
11.25,11,5912,US,0,0,5,79.15,0.14,0,0,0,0
10.86,15,5812,US,0,0,0,149.7,0.07,0,0,0,0
15.66,13,5541,US,0,1,2,100.96,0.16,0,0,0,0
47.06,17,5311,US,0,0,6,118.06,0.4,0,0,0,0
32.14,15,5541,US,0,1,3,105.13,0.31,0,0,0,0
1.67,6,5311,UA,9,14,37,64.55,0.03,1,0,0,1
358.59,10,5732,US,0,1,2,91.93,3.9,0,0,1,0
11.44,6,5311,US,0,1,5,132.24,0.09,0,0,0,0
299.77,23,5411,US,0,0,2,134.99,2.22,0,0,0,0
3.79,13,5732,US,0,1,6,85.49,0.04,0,0,1,0
18.75,18,4121,US,0,0,2,65.38,0.29,0,0,0,0
77.98,14,5912,US,0,0,3,87.29,0.89,0,0,0,0
2.21,22,5311,UA,13,10,46,66.89,0.03,1,0,0,1
62.3,20,5812,US,0,2,7,58.95,1.06,0,0,0,0
7111.89,0,6051,UA,1,3,9,41.88,169.82,1,1,1,1
183.19,22,5732,US,0,1,3,62.66,2.92,0,0,1,0
90.15,17,5814,US,0,1,1,91.3,0.99,0,0,0,0
48.66,17,5411,US,0,1,3,92.63,0.53,0,0,0,0
51.71,14,5812,US,0,0,4,148.16,0.35,0,0,0,0
40.78,8,5912,US,0,0,2,80.61,0.51,0,0,0,0
20.92,8,5732,US,0,1,2,75.83,0.28,0,0,1,0
1.25,22,5311,US,13,11,26,71.99,0.02,0,0,0,1
91.93,17,5912,US,0,2,3,75.66,1.22,0,0,0,0
81.31,11,5912,US,2,5,6,66.37,1.23,0,0,0,0
50.61,10,5814,US,0,1,4,121.82,0.42,0,0,0,0
7338.88,2,5732,CY,3,6,8,55.36,132.57,1,1,1,1
73.41,15,5912,US,1,3,6,80.87,0.91,0,0,0,0
343.01,14,5814,US,0,2,4,149.99,2.29,0,0,0,0
6221.57,3,5944,RO,3,2,10,94.46,65.86,1,1,1,1
44.13,13,5411,US,0,1,8,114.68,0.38,0,0,0,0
37.17,17,5311,US,2,3,4,95.73,0.39,0,0,0,0
62.22,20,5814,JP,0,2,4,142.69,0.44,1,0,0,0
24.7,9,5732,US,0,1,3,125.93,0.2,0,0,1,0
61.88,19,5732,US,1,1,4,99.4,0.62,0,0,1,0
27.74,16,5912,US,0,0,4,81.68,0.34,0,0,0,0
93.92,5,4121,US,0,3,6,50.64,1.85,0,1,0,0
47.0,14,5411,US,0,0,4,60.17,0.78,0,0,0,0
44.82,10,4121,US,0,0,4,103.12,0.43,0,0,0,0
77.04,13,5814,US,0,2,5,67.19,1.15,0,0,0,0
33.53,8,5541,US,1,1,3,64.72,0.52,0,0,0,0
36.14,16,4121,US,0,2,2,83.71,0.43,0,0,0,0
77.67,11,5732,US,1,1,1,103.64,0.75,0,0,1,0
260.67,13,5732,US,1,2,5,53.41,4.88,0,0,1,0
26.52,13,5812,US,0,1,3,121.84,0.22,0,0,0,0
82.79,12,5812,US,0,2,6,96.02,0.86,0,0,0,0
18.29,22,4121,US,0,1,3,65.66,0.28,0,0,0,0
5.29,21,5541,US,0,1,5,92.26,0.06,0,0,0,0
151.61,8,5311,US,0,1,2,139.87,1.08,0,0,0,0
118.09,14,5541,US,0,0,4,97.02,1.22,0,0,0,0
10.32,11,5812,US,0,1,3,69.91,0.15,0,0,0,0
66.7,11,5812,US,0,1,4,106.06,0.63,0,0,0,0
26.26,11,5311,US,0,1,3,85.34,0.31,0,0,0,0
9126.62,1,6051,UA,2,5,5,89.82,101.61,1,1,1,1
69.96,12,5812,US,1,2,4,94.87,0.74,0,0,0,0
28.92,4,5732,DE,0,0,4,140.83,0.21,1,1,1,0
175.86,19,5732,US,0,1,4,82.25,2.14,0,0,1,0
154.71,13,5732,US,0,1,2,129.27,1.2,0,0,1,0
25.33,15,5812,JP,0,0,2,90.61,0.28,1,0,0,0
31.72,23,5411,US,0,1,2,88.15,0.36,0,0,0,0
318.87,15,5541,US,0,3,7,82.99,3.84,0,0,0,0
74.94,19,5732,US,0,0,1,81.11,0.92,0,0,1,0
212.85,22,5311,US,0,1,5,145.43,1.46,0,0,0,0
3.88,14,5411,US,0,0,2,124.29,0.03,0,0,0,0
9.61,12,5541,US,0,1,4,88.23,0.11,0,0,0,0
18.66,19,5814,US,0,0,3,114.16,0.16,0,0,0,0
63.98,11,5541,US,0,3,7,119.86,0.53,0,0,0,0
925.17,18,5944,RO,5,20,17,64.94,14.25,1,0,1,1
37.29,15,5812,US,0,1,5,98.82,0.38,0,0,0,0
7155.79,3,6051,RO,1,5,6,82.95,86.27,1,1,1,1
37.46,12,5814,JP,0,0,4,126.19,0.3,1,0,0,0
27.77,6,5812,US,0,0,3,143.67,0.19,0,0,0,0
10.99,7,5411,US,0,0,1,145.45,0.08,0,0,0,0
59.16,14,5732,US,1,1,1,60.57,0.98,0,0,1,0
41.52,12,5411,US,0,0,4,149.1,0.28,0,0,0,0
115.04,14,5912,US,0,0,1,68.81,1.67,0,0,0,0
96.51,17,5732,US,0,0,3,72.54,1.33,0,0,1,0
123.5,19,5814,US,1,1,3,84.98,1.45,0,0,0,0
33.22,19,5411,CA,1,2,3,61.58,0.54,1,0,0,0
19.21,16,5812,US,0,1,2,95.46,0.2,0,0,0,0
35.91,13,5732,US,0,0,3,141.34,0.25,0,0,1,0
26.63,14,5411,US,1,1,4,60.13,0.44,0,0,0,0
137.05,23,5912,US,0,1,4,91.47,1.5,0,0,0,0
112.99,16,4121,US,0,0,3,77.28,1.46,0,0,0,0
47.54,13,5814,US,0,0,3,73.05,0.65,0,0,0,0
267.68,21,5311,CA,0,1,6,122.03,2.19,1,0,0,0
31.36,17,5311,US,0,0,7,132.7,0.24,0,0,0,0
41.03,19,5311,US,0,0,0,125.51,0.33,0,0,0,0
34.24,11,5912,US,0,1,4,66.8,0.51,0,0,0,0
6004.18,4,5732,RU,2,5,4,90.98,65.99,1,1,1,1
42.55,20,5912,US,2,3,6,134.34,0.32,0,0,0,0
26.26,15,5812,US,0,0,4,78.91,0.33,0,0,0,0
2261.73,5,6051,RU,2,4,7,71.32,31.71,1,1,1,1
30.49,13,5814,US,0,0,1,109.0,0.28,0,0,0,0
165.59,16,5311,US,0,0,2,95.79,1.73,0,0,0,0
13.58,11,5411,US,0,2,4,136.41,0.1,0,0,0,0
13.77,12,5732,US,0,0,1,51.69,0.27,0,0,1,0
7.08,17,5812,US,2,3,7,123.48,0.06,0,0,0,0
48.99,13,5732,US,0,3,6,133.66,0.37,0,0,1,0
452.25,14,5311,US,0,2,9,90.64,4.99,0,0,0,0
7.22,19,5411,US,0,0,5,88.97,0.08,0,0,0,0
48.31,7,5814,US,1,1,4,108.46,0.45,0,0,0,0
24.53,13,5732,US,0,1,4,111.57,0.22,0,0,1,0
15.84,9,5912,US,1,1,4,79.4,0.2,0,0,0,0
420.51,11,5311,US,0,0,3,108.28,3.88,0,0,0,0
54.93,11,5814,US,0,0,1,82.11,0.67,0,0,0,0
22.01,8,5411,US,1,1,3,146.22,0.15,0,0,0,0
197.55,23,5912,US,1,2,4,131.12,1.51,0,0,0,0
55.66,9,4121,US,0,0,1,132.33,0.42,0,0,0,0
5.92,11,5812,US,0,1,5,50.97,0.12,0,0,0,0
16.88,16,4121,US,0,1,6,90.06,0.19,0,0,0,0
97.51,13,5541,US,0,3,4,119.84,0.81,0,0,0,0
91.93,16,5814,US,0,0,2,58.07,1.58,0,0,0,0
17.31,6,5541,JP,0,1,4,131.86,0.13,1,0,0,0
57.65,21,5732,US,0,0,3,85.76,0.67,0,0,1,0
36.57,12,5814,US,0,1,3,117.41,0.31,0,0,0,0
253.07,13,5311,US,0,1,3,137.45,1.84,0,0,0,0
13.52,6,5411,US,0,2,7,115.26,0.12,0,0,0,0
104.81,6,5814,US,0,1,3,145.42,0.72,0,0,0,0
50.41,11,5411,US,1,1,2,80.71,0.62,0,0,0,0
63.96,19,5541,US,0,0,1,134.68,0.47,0,0,0,0
4.09,17,5912,US,1,3,7,77.78,0.05,0,0,0,0
47.59,10,5411,US,0,0,0,118.31,0.4,0,0,0,0
7.8,10,5732,US,0,1,1,98.58,0.08,0,0,1,0
648.88,13,7995,US,7,19,40,81.09,8.0,0,0,1,1
485.67,15,5732,RO,4,11,21,50.0,9.71,1,0,1,1
4.43,7,5912,CA,1,3,6,93.92,0.05,1,0,0,0
50.84,18,5812,US,0,1,4,145.56,0.35,0,0,0,0
35.4,20,5732,US,0,1,7,97.79,0.36,0,0,1,0
272.09,11,5912,US,0,0,4,112.34,2.42,0,0,0,0
244.52,13,5814,US,0,2,2,138.16,1.77,0,0,0,0
145.75,15,4121,FR,0,2,5,67.95,2.14,1,0,0,0
36.76,11,5814,US,0,0,2,56.83,0.65,0,0,0,0
176.35,14,4121,US,0,2,4,123.64,1.43,0,0,0,0
28.31,14,5912,JP,0,2,6,110.39,0.26,1,0,0,0
4.41,16,4121,US,0,0,4,139.43,0.03,0,0,0,0
113.27,15,4121,US,0,1,4,133.61,0.85,0,0,0,0
30.6,10,4121,US,0,3,4,144.69,0.21,0,0,0,0
40.64,18,5732,US,0,0,2,134.25,0.3,0,0,1,0
42.29,6,5814,US,0,1,5,96.63,0.44,0,0,0,0
96.75,19,4121,US,1,2,3,65.43,1.48,0,0,0,0
80.93,16,5411,US,0,0,2,116.2,0.7,0,0,0,0
160.43,22,5541,US,0,3,7,85.13,1.88,0,0,0,0
597.73,11,5541,US,0,1,7,129.57,4.61,0,0,0,0
0.59,9,5311,NG,6,21,39,43.73,0.01,1,0,0,1
120.53,13,5311,US,0,0,1,110.29,1.09,0,0,0,0
24.23,13,5814,US,0,0,3,135.16,0.18,0,0,0,0
39.87,16,5812,US,0,1,2,83.65,0.48,0,0,0,0
32.02,3,5311,US,0,1,2,81.98,0.39,0,1,0,0
38.24,10,5311,US,0,2,4,101.75,0.38,0,0,0,0
39.64,12,5411,US,0,1,4,94.66,0.42,0,0,0,0
159.11,19,5812,US,0,0,3,116.87,1.36,0,0,0,0
4466.89,4,5732,RO,3,2,4,93.07,47.99,1,1,1,1
215.34,11,5411,US,0,0,3,53.98,3.99,0,0,0,0
29.33,12,5411,US,0,1,4,84.12,0.35,0,0,0,0
13.01,13,5812,US,0,0,2,138.66,0.09,0,0,0,0
41.66,13,5541,US,0,2,5,81.2,0.51,0,0,0,0
12.2,18,5541,US,0,0,5,84.48,0.14,0,0,0,0
9.71,16,5912,DE,0,1,5,105.47,0.09,1,0,0,0
106.69,5,4121,US,1,2,5,123.91,0.86,0,1,0,0
225.92,9,5732,US,0,3,4,71.52,3.16,0,0,1,0
7747.85,5,5732,US,3,2,9,96.44,80.34,0,1,1,1
37.19,9,5812,US,0,1,2,101.4,0.37,0,0,0,0
33.21,18,5411,US,0,0,3,71.05,0.47,0,0,0,0
27.42,11,4121,GB,0,3,3,101.68,0.27,1,0,0,0
271.41,16,5814,US,3,6,7,109.47,2.48,0,0,0,0
40.61,16,5311,US,1,1,3,66.21,0.61,0,0,0,0
46.96,12,5912,US,0,0,1,148.08,0.32,0,0,0,0
59.23,16,5812,US,1,2,6,72.51,0.82,0,0,0,0
17.52,13,5912,US,0,1,3,144.66,0.12,0,0,0,0
52.97,14,5732,US,0,0,0,144.77,0.37,0,0,1,0
298.72,8,6051,US,4,15,25,69.68,4.29,0,0,1,1
10.76,12,5812,US,0,0,5,76.08,0.14,0,0,0,0
67.44,18,5912,US,0,0,2,86.49,0.78,0,0,0,0
99.22,20,5541,US,1,2,2,113.62,0.87,0,0,0,0
138.84,16,5812,US,1,1,3,120.54,1.15,0,0,0,0
44.85,11,5814,US,0,0,1,109.7,0.41,0,0,0,0
55.03,16,5814,US,0,1,3,125.42,0.44,0,0,0,0
44.05,11,5912,US,1,1,1,113.13,0.39,0,0,0,0
69.99,12,5732,US,1,2,2,65.41,1.07,0,0,1,0
18.52,12,5814,US,0,0,1,54.35,0.34,0,0,0,0
38.73,5,5732,US,0,2,3,75.16,0.52,0,1,1,0
30.16,6,5912,US,2,3,8,62.32,0.48,0,0,0,0
20.27,10,5311,US,0,2,6,59.43,0.34,0,0,0,0
7.0,11,4121,US,0,1,3,139.1,0.05,0,0,0,0
145.25,6,5912,JP,0,1,3,74.3,1.95,1,0,0,0
52.23,17,5541,US,0,0,3,124.29,0.42,0,0,0,0
17.31,16,5912,US,0,0,1,109.66,0.16,0,0,0,0
67.7,14,5814,US,0,0,1,66.19,1.02,0,0,0,0
16.7,15,5732,US,0,2,2,68.33,0.24,0,0,1,0
33.83,16,5311,US,0,0,1,113.1,0.3,0,0,0,0
228.61,19,4121,GB,0,2,5,92.62,2.47,1,0,0,0
100.01,15,5732,US,1,4,7,116.86,0.86,0,0,1,0
2434.16,7,5732,NG,3,4,5,47.78,50.95,1,0,1,1
310.19,12,5311,US,0,1,4,121.88,2.55,0,0,0,0
308.89,12,5732,US,0,0,2,85.15,3.63,0,0,1,0
152.52,8,5732,US,0,1,4,131.04,1.16,0,0,1,0
28.68,14,5912,US,0,3,4,127.62,0.22,0,0,0,0
206.23,13,5812,US,0,1,1,64.14,3.22,0,0,0,0
23.48,16,5912,US,1,3,6,84.11,0.28,0,0,0,0
10.83,12,5812,US,1,1,3,95.8,0.11,0,0,0,0
2.12,0,5311,UA,6,27,26,46.51,0.05,1,1,0,1
38.05,10,5541,US,0,3,5,76.01,0.5,0,0,0,0
3.0,8,5311,UA,11,11,15,62.42,0.05,1,0,0,1
105.82,19,4121,US,0,3,3,129.81,0.82,0,0,0,0
10.88,15,4121,US,0,2,7,97.13,0.11,0,0,0,0
78.57,15,5311,US,0,0,2,145.72,0.54,0,0,0,0
584.37,16,7995,RO,9,16,31,80.61,7.25,1,0,1,1
2082.53,20,4829,RU,2,4,6,86.89,23.97,1,0,1,1
20.93,10,5311,US,0,0,3,57.26,0.37,0,0,0,0
100.75,10,4121,US,0,1,4,118.16,0.85,0,0,0,0
67.99,20,5812,US,1,2,10,92.85,0.73,0,0,0,0
2523.41,18,4829,RU,3,4,11,91.46,27.59,1,0,1,1
20.66,12,5912,US,0,0,1,134.7,0.15,0,0,0,0
32.18,11,5541,US,0,0,4,94.78,0.34,0,0,0,0
16.68,15,5812,US,0,2,2,138.03,0.12,0,0,0,0
1.26,12,5311,UA,8,19,27,96.6,0.01,1,0,0,1
11.18,13,5732,US,0,1,7,89.4,0.13,0,0,1,0
37.31,8,5411,CA,0,2,2,79.85,0.47,1,0,0,0
13.62,13,5812,US,0,1,3,78.59,0.17,0,0,0,0
42.89,9,4121,US,0,3,6,149.23,0.29,0,0,0,0
22.09,16,4121,US,0,0,3,75.07,0.29,0,0,0,0
11.61,15,5311,US,1,1,1,137.34,0.08,0,0,0,0
9.39,9,5912,FR,0,0,3,100.69,0.09,1,0,0,0
7.85,15,5541,US,1,2,4,114.96,0.07,0,0,0,0
48.03,12,5411,US,0,0,0,53.69,0.89,0,0,0,0
14.11,13,5541,US,0,0,2,119.06,0.12,0,0,0,0
17.62,15,5912,US,0,0,2,84.94,0.21,0,0,0,0
19.22,13,5541,US,0,1,3,87.9,0.22,0,0,0,0
9.48,5,5814,US,1,1,4,146.23,0.06,0,1,0,0
33.27,8,4121,US,1,1,6,53.1,0.63,0,0,0,0
36.37,9,5814,US,0,2,8,76.83,0.47,0,0,0,0
86.5,17,5812,FR,0,1,6,85.09,1.02,1,0,0,0
32.42,13,4121,US,0,2,6,105.83,0.31,0,0,0,0
2954.38,5,5944,RU,3,3,6,41.94,70.44,1,1,1,1
17.56,18,5814,US,0,2,4,125.77,0.14,0,0,0,0
358.89,0,6051,US,7,10,32,40.91,8.77,0,1,1,1
14.1,9,4121,US,0,1,4,141.27,0.1,0,0,0,0
43.31,18,5912,US,0,2,4,56.84,0.76,0,0,0,0
127.85,14,5732,US,0,0,3,132.15,0.97,0,0,1,0
71.86,15,5411,US,0,0,1,107.56,0.67,0,0,0,0
11.32,7,5311,US,0,0,2,136.88,0.08,0,0,0,0
62.0,10,5812,US,0,1,1,75.32,0.82,0,0,0,0
144.46,13,5732,US,0,1,1,54.15,2.67,0,0,1,0
34.7,5,5912,US,0,1,1,82.17,0.42,0,1,0,0
21.56,9,5411,US,0,2,5,92.27,0.23,0,0,0,0
48.82,18,5411,US,0,0,4,111.3,0.44,0,0,0,0
18.35,14,5912,US,1,4,7,59.0,0.31,0,0,0,0
28.29,9,5732,US,1,2,8,144.76,0.2,0,0,1,0
26.82,11,5411,US,2,3,11,113.49,0.24,0,0,0,0
53.87,2,5912,US,0,1,5,132.78,0.41,0,1,0,0
22.56,16,5311,US,0,2,3,67.97,0.33,0,0,0,0
22.68,14,5541,US,0,0,3,75.38,0.3,0,0,0,0
96.62,21,4121,US,0,0,0,67.41,1.43,0,0,0,0
10.26,12,5814,US,0,1,3,56.13,0.18,0,0,0,0
71.72,12,5814,US,0,2,3,74.33,0.96,0,0,0,0
89.08,11,4121,US,1,1,2,114.7,0.78,0,0,0,0
247.46,17,6051,RO,6,16,28,48.43,5.11,1,0,1,1
29.16,7,5814,US,1,1,4,86.14,0.34,0,0,0,0
28.11,13,5912,US,0,0,1,62.11,0.45,0,0,0,0
34.83,18,5541,US,0,0,3,106.36,0.33,0,0,0,0
40.13,21,5814,US,0,0,1,116.64,0.34,0,0,0,0
62.18,13,5732,US,0,1,5,57.88,1.07,0,0,1,0
11.67,18,5814,GB,0,0,2,54.57,0.21,1,0,0,0
13.0,20,5812,US,0,2,3,110.69,0.12,0,0,0,0
146.33,13,5812,US,0,0,3,141.53,1.03,0,0,0,0
28.92,8,5912,US,0,1,2,123.26,0.23,0,0,0,0
30.91,10,5541,JP,0,0,3,61.59,0.5,1,0,0,0
30.76,8,5411,US,0,3,8,131.27,0.23,0,0,0,0
31.31,9,5812,US,0,1,8,61.09,0.51,0,0,0,0
40.99,13,5541,US,0,2,2,62.66,0.65,0,0,0,0
69.61,11,5814,US,0,0,1,135.22,0.51,0,0,0,0
205.87,19,5311,US,0,2,6,90.1,2.28,0,0,0,0
73.81,8,5732,US,0,2,5,71.19,1.04,0,0,1,0
18.13,8,5812,US,1,1,5,148.35,0.12,0,0,0,0
213.68,7,5812,US,1,1,1,137.49,1.55,0,0,0,0
3402.69,10,7995,CY,2,7,12,66.58,51.11,1,0,1,1
4.13,11,5912,US,0,1,2,139.39,0.03,0,0,0,0
22.86,6,5814,US,0,0,0,57.24,0.4,0,0,0,0
13.36,14,5411,US,0,1,3,71.86,0.19,0,0,0,0
62.31,10,5411,US,0,2,6,94.22,0.66,0,0,0,0
68.4,18,5311,US,0,2,7,105.06,0.65,0,0,0,0
63.46,14,5814,US,0,0,1,131.66,0.48,0,0,0,0
38.46,16,5812,US,1,3,6,128.8,0.3,0,0,0,0
17.98,17,5411,US,0,3,3,107.51,0.17,0,0,0,0
51.27,13,5411,US,0,3,5,86.05,0.6,0,0,0,0
11.25,9,5912,US,0,1,1,95.71,0.12,0,0,0,0
261.94,17,4121,US,0,0,2,104.95,2.5,0,0,0,0
7834.15,2,6051,RU,2,5,6,54.97,142.52,1,1,1,1
921.38,11,7995,RO,7,9,32,43.31,21.27,1,0,1,1
53.64,11,5541,US,0,0,4,79.28,0.68,0,0,0,0
19.54,8,4121,US,0,0,0,80.85,0.24,0,0,0,0
54.05,13,5411,US,0,0,1,131.09,0.41,0,0,0,0
23.79,18,5311,US,0,2,3,114.56,0.21,0,0,0,0
55.56,18,5541,US,0,1,4,118.22,0.47,0,0,0,0
30.81,9,5912,JP,0,1,3,116.72,0.26,1,0,0,0
212.89,12,5732,US,0,1,4,77.77,2.74,0,0,1,0
84.64,10,5311,US,0,1,5,119.41,0.71,0,0,0,0
56.01,20,5311,US,0,0,5,84.47,0.66,0,0,0,0
37.57,12,5732,US,0,1,2,112.32,0.33,0,0,1,0
30.96,13,5311,GB,0,0,1,79.82,0.39,1,0,0,0
24.6,20,5411,US,0,1,2,70.36,0.35,0,0,0,0
32.79,13,5311,DE,0,0,8,50.36,0.65,1,0,0,0
70.78,20,5411,US,1,2,4,68.04,1.04,0,0,0,0
45.77,17,5812,US,0,0,1,112.45,0.41,0,0,0,0
14.87,9,5311,US,0,0,0,143.78,0.1,0,0,0,0
15.43,13,5311,US,0,2,4,63.72,0.24,0,0,0,0
14.12,17,5411,US,0,1,2,53.5,0.26,0,0,0,0
66.11,18,4121,US,0,2,4,104.53,0.63,0,0,0,0
51.93,9,5812,US,0,2,9,60.66,0.86,0,0,0,0
34.52,18,5311,US,0,1,4,142.54,0.24,0,0,0,0
42.58,18,4121,US,1,2,6,74.67,0.57,0,0,0,0
65.71,12,5311,US,0,4,5,89.69,0.73,0,0,0,0
282.25,15,4121,US,0,3,5,98.74,2.86,0,0,0,0
20.95,17,4121,US,0,0,3,119.67,0.18,0,0,0,0
63.07,14,5812,US,0,2,4,132.32,0.48,0,0,0,0
66.83,20,5814,US,0,0,1,56.55,1.18,0,0,0,0
22.83,14,5812,US,0,0,1,83.2,0.27,0,0,0,0
11.53,14,5311,FR,0,1,2,86.68,0.13,1,0,0,0
282.0,9,5814,US,0,0,1,147.87,1.91,0,0,0,0
30.4,15,5814,US,1,2,3,116.22,0.26,0,0,0,0
20.96,12,5812,US,0,1,3,139.64,0.15,0,0,0,0
17.14,13,5814,US,1,3,6,122.32,0.14,0,0,0,0
85.83,9,5912,US,0,0,1,105.34,0.81,0,0,0,0
48.7,10,5912,US,0,0,1,80.42,0.61,0,0,0,0
314.87,8,5541,US,1,1,2,101.86,3.09,0,0,0,0
12.0,16,5411,US,0,0,1,60.37,0.2,0,0,0,0
147.16,18,5311,US,0,1,6,114.37,1.29,0,0,0,0
25.04,14,4121,US,0,1,5,139.16,0.18,0,0,0,0
17.66,18,5814,US,0,1,4,56.93,0.31,0,0,0,0
167.12,19,5541,US,0,2,6,94.82,1.76,0,0,0,0
25.68,12,5311,US,0,0,4,65.41,0.39,0,0,0,0
8.25,12,4121,US,0,0,1,117.35,0.07,0,0,0,0
69.72,13,5732,US,0,0,2,74.83,0.93,0,0,1,0
3289.9,20,6051,RU,2,3,7,45.79,71.85,1,0,1,1
77.22,12,5912,US,0,0,1,108.36,0.71,0,0,0,0
155.38,12,4121,US,1,4,10,96.57,1.61,0,0,0,0
42.18,9,5732,US,0,2,3,73.74,0.57,0,0,1,0
111.5,14,5814,US,0,0,5,106.73,1.04,0,0,0,0
36.73,16,4121,US,0,0,1,78.23,0.47,0,0,0,0
666.26,14,6051,GB,4,25,29,81.28,8.2,1,0,1,1
51.53,20,5311,US,0,0,4,121.93,0.42,0,0,0,0
28.09,10,5814,US,0,1,2,105.26,0.27,0,0,0,0
35.97,14,5311,US,0,0,1,72.63,0.5,0,0,0,0
38.77,14,5814,US,0,0,5,58.55,0.66,0,0,0,0
5672.94,2,5944,CY,3,6,4,67.89,83.56,1,1,1,1
50.38,11,5814,US,0,0,1,136.57,0.37,0,0,0,0
150.78,15,5912,US,0,1,4,50.95,2.96,0,0,0,0
62.83,10,5812,US,1,2,5,50.68,1.24,0,0,0,0
66.96,9,5311,US,0,2,3,102.44,0.65,0,0,0,0
36.49,10,5814,US,0,0,3,106.85,0.34,0,0,0,0
30.07,16,5814,US,0,0,5,124.59,0.24,0,0,0,0
99.82,9,5812,US,0,2,4,92.96,1.07,0,0,0,0
33.58,16,5732,US,0,1,5,90.18,0.37,0,0,1,0
44.32,16,5541,US,1,1,2,147.73,0.3,0,0,0,0
31.58,14,5814,US,0,2,5,84.74,0.37,0,0,0,0
59.32,10,5732,DE,0,1,2,67.15,0.88,1,0,1,0
150.76,15,5732,US,0,0,7,115.67,1.3,0,0,1,0
24.65,10,5912,US,1,2,4,87.03,0.28,0,0,0,0
504.49,14,5812,US,0,1,1,123.73,4.08,0,0,0,0
34.72,14,5912,US,1,1,3,55.32,0.63,0,0,0,0
9.51,12,5814,US,1,2,4,72.58,0.13,0,0,0,0
57.76,17,5812,US,1,1,6,142.88,0.4,0,0,0,0
21.25,14,5732,US,0,1,7,90.49,0.23,0,0,1,0
82.17,16,4121,US,0,0,4,73.15,1.12,0,0,0,0
102.21,14,5311,US,0,0,2,97.95,1.04,0,0,0,0
30.01,13,5732,US,0,0,4,50.72,0.59,0,0,1,0
121.98,9,5812,US,0,1,3,83.65,1.46,0,0,0,0
20.4,14,5912,US,0,1,4,119.23,0.17,0,0,0,0
54.15,9,5812,CA,0,0,2,128.08,0.42,1,0,0,0
14.52,20,4121,US,0,0,2,149.75,0.1,0,0,0,0
114.75,6,5541,US,0,1,3,95.64,1.2,0,0,0,0
27.77,14,5912,US,0,0,4,149.22,0.19,0,0,0,0
31.25,9,5311,US,0,1,3,102.18,0.31,0,0,0,0
88.38,16,4121,US,1,3,4,144.41,0.61,0,0,0,0
159.76,8,5732,GB,10,23,35,81.73,1.95,1,0,1,1
4.85,13,5912,US,0,1,1,62.83,0.08,0,0,0,0
141.16,11,5541,US,0,1,4,129.27,1.09,0,0,0,0
79.84,10,5812,US,0,0,2,93.2,0.86,0,0,0,0
32.66,15,5541,US,0,1,5,130.05,0.25,0,0,0,0
6686.66,0,6051,US,1,4,8,92.9,71.98,0,1,1,1
15.23,11,5541,US,0,1,3,94.97,0.16,0,0,0,0
357.8,10,5411,US,0,0,0,53.26,6.72,0,0,0,0
161.29,18,5411,US,0,0,3,69.63,2.32,0,0,0,0
71.74,16,5732,US,0,0,2,132.19,0.54,0,0,1,0
22.95,14,4121,US,0,2,5,127.11,0.18,0,0,0,0
412.94,2,5944,GB,4,8,27,54.87,7.53,1,1,1,1
42.01,14,5912,DE,0,2,2,58.88,0.71,1,0,0,0
11.57,13,5732,US,0,0,4,90.43,0.13,0,0,1,0
52.6,21,5812,US,1,1,5,105.6,0.5,0,0,0,0
71.38,15,5814,US,0,2,3,65.2,1.09,0,0,0,0
66.44,15,5411,US,0,1,3,113.83,0.58,0,0,0,0
63.15,17,5812,US,0,0,0,94.57,0.67,0,0,0,0
5.72,8,5732,GB,1,1,4,131.3,0.04,1,0,1,0
129.83,14,5541,US,2,2,3,65.01,2.0,0,0,0,0
65.51,10,4121,US,0,0,1,104.15,0.63,0,0,0,0
109.25,9,4121,US,0,1,3,147.05,0.74,0,0,0,0
141.08,13,5912,US,0,0,2,113.9,1.24,0,0,0,0
62.25,13,5541,US,0,1,2,136.1,0.46,0,0,0,0
44.03,16,5812,US,0,1,4,87.82,0.5,0,0,0,0
21.93,5,5732,US,0,0,2,92.09,0.24,0,1,1,0
24.41,14,5732,US,0,0,2,54.64,0.45,0,0,1,0
42.49,16,5411,US,0,0,5,133.72,0.32,0,0,0,0
100.52,15,4121,US,0,3,4,76.62,1.31,0,0,0,0
19.28,14,5541,US,0,1,4,125.2,0.15,0,0,0,0
23.52,11,4121,US,0,1,4,110.04,0.21,0,0,0,0
907.99,15,7995,RO,6,18,26,90.79,10.0,1,0,1,1
199.73,14,4121,US,0,1,5,134.22,1.49,0,0,0,0
15.51,12,5812,US,0,0,5,102.93,0.15,0,0,0,0
13.0,14,5541,US,1,1,3,101.98,0.13,0,0,0,0
171.02,17,5912,US,0,3,6,94.74,1.81,0,0,0,0
75.38,12,5814,US,1,1,2,139.31,0.54,0,0,0,0
88.98,14,5912,US,0,1,4,117.89,0.75,0,0,0,0
21.82,14,5912,US,2,3,3,53.94,0.4,0,0,0,0
3669.96,5,5732,RU,1,3,7,46.12,79.57,1,1,1,1
783.11,18,5814,US,0,1,6,146.92,5.33,0,0,0,0
118.35,14,4121,US,0,1,4,149.04,0.79,0,0,0,0
51.49,9,5814,US,0,0,5,61.02,0.84,0,0,0,0
734.56,18,5541,US,0,0,5,69.86,10.51,0,0,0,0
26.17,19,5411,US,1,2,3,132.84,0.2,0,0,0,0
66.55,10,5912,US,0,0,4,60.87,1.09,0,0,0,0
30.57,13,5541,US,0,0,3,99.62,0.31,0,0,0,0
68.37,12,5732,US,2,3,6,81.41,0.84,0,0,1,0
4227.36,3,5944,RO,2,3,8,43.14,97.99,1,1,1,1
29.34,13,5912,US,0,0,2,123.58,0.24,0,0,0,0
224.03,23,5411,US,0,0,1,122.32,1.83,0,0,0,0
67.0,4,5732,US,0,2,5,92.16,0.73,0,1,1,0
24.39,16,5732,US,0,1,4,148.93,0.16,0,0,1,0
23.85,12,5311,US,0,1,2,106.27,0.22,0,0,0,0
24.75,14,5311,US,0,1,4,143.63,0.17,0,0,0,0
289.96,11,5311,US,0,1,4,76.65,3.78,0,0,0,0
92.79,10,5912,US,0,2,4,82.43,1.13,0,0,0,0
76.63,17,5311,US,1,1,1,118.51,0.65,0,0,0,0
23.13,11,5912,US,0,1,3,63.2,0.37,0,0,0,0
3.23,22,5311,UA,12,12,49,43.75,0.07,1,0,0,1
8.33,22,4121,US,0,0,3,58.2,0.14,0,0,0,0
68.98,15,5812,FR,1,2,4,57.04,1.21,1,0,0,0
2070.07,0,5944,NG,3,2,10,68.44,30.25,1,1,1,1
40.63,10,5732,US,1,2,2,102.8,0.4,0,0,1,0
13.43,13,5411,US,0,0,2,144.73,0.09,0,0,0,0
15.99,14,5732,DE,0,1,4,101.42,0.16,1,0,1,0
102.8,18,5732,US,0,1,3,96.93,1.06,0,0,1,0
63.97,17,5912,US,0,1,3,123.86,0.52,0,0,0,0
24.61,10,4121,US,0,1,4,58.3,0.42,0,0,0,0
16.67,17,5812,US,0,1,3,106.28,0.16,0,0,0,0
46.25,9,5541,US,0,0,5,53.07,0.87,0,0,0,0
75.76,11,5732,US,0,1,4,98.52,0.77,0,0,1,0
42.18,10,5812,US,1,1,6,84.08,0.5,0,0,0,0
215.65,12,5812,US,0,0,6,135.69,1.59,0,0,0,0
100.18,6,5541,US,0,1,7,84.69,1.18,0,0,0,0
116.2,15,5814,US,1,3,4,88.39,1.31,0,0,0,0
21.0,14,5411,US,1,1,2,135.05,0.16,0,0,0,0
36.67,12,5814,US,0,0,6,141.94,0.26,0,0,0,0
40.46,16,5541,US,1,2,6,81.35,0.5,0,0,0,0
117.99,18,5541,US,1,1,2,144.12,0.82,0,0,0,0
105.95,23,4121,US,0,0,5,68.76,1.54,0,0,0,0
104.89,19,5812,US,1,1,3,98.6,1.06,0,0,0,0
18.07,5,5311,US,0,0,1,80.29,0.23,0,1,0,0
20.37,11,5814,US,0,1,6,74.1,0.27,0,0,0,0
33.64,15,5541,US,0,1,7,128.15,0.26,0,0,0,0
46.38,14,5812,US,0,1,2,77.19,0.6,0,0,0,0
170.13,17,5912,US,0,1,2,131.17,1.3,0,0,0,0
45.67,8,5814,US,0,0,1,125.21,0.36,0,0,0,0
45.07,10,5814,JP,0,1,6,106.21,0.42,1,0,0,0
51.16,17,5541,US,0,0,5,68.46,0.75,0,0,0,0
54.85,18,4121,US,1,1,3,83.64,0.66,0,0,0,0
37.68,18,5814,US,1,1,1,141.35,0.27,0,0,0,0
113.92,14,5541,US,0,0,2,148.65,0.77,0,0,0,0
59.09,18,4121,US,0,1,4,76.15,0.78,0,0,0,0
429.08,4,5944,RO,9,22,32,85.65,5.01,1,1,1,1
41.4,11,5814,US,1,1,4,82.88,0.5,0,0,0,0
42.58,15,5541,US,0,0,2,78.2,0.54,0,0,0,0
75.29,13,5812,US,0,1,2,77.34,0.97,0,0,0,0
80.63,12,5814,US,0,3,6,108.85,0.74,0,0,0,0
26.03,12,5812,US,0,0,3,68.46,0.38,0,0,0,0
36.42,18,5732,US,0,1,3,50.18,0.73,0,0,1,0
14.11,15,4121,US,0,2,4,78.97,0.18,0,0,0,0
133.59,9,5311,US,0,1,3,87.67,1.52,0,0,0,0
31.12,19,5732,US,0,0,3,114.06,0.27,0,0,1,0
46.53,10,5812,US,0,0,0,88.02,0.53,0,0,0,0
16.85,16,5541,US,0,0,1,86.31,0.2,0,0,0,0
27.59,13,5814,US,0,0,2,118.79,0.23,0,0,0,0
84.91,19,5814,US,1,2,4,103.24,0.82,0,0,0,0
14.38,14,5411,US,1,2,9,75.66,0.19,0,0,0,0
18.93,8,5812,US,0,0,4,136.03,0.14,0,0,0,0
21.9,21,5812,US,0,3,6,119.95,0.18,0,0,0,0
37.57,15,5912,US,0,1,3,84.34,0.45,0,0,0,0
50.13,11,5541,US,0,1,3,80.66,0.62,0,0,0,0
37.57,14,5541,US,1,2,3,60.54,0.62,0,0,0,0
880.11,17,6051,CN,1,7,9,98.89,8.9,1,0,1,1
53.05,15,4121,US,0,0,3,62.12,0.85,0,0,0,0
22.12,16,5541,US,0,1,4,122.52,0.18,0,0,0,0
14.75,9,5732,US,0,1,4,84.26,0.18,0,0,1,0
8.57,10,5411,US,0,2,4,127.11,0.07,0,0,0,0
923.78,19,6051,GB,6,17,30,93.21,9.91,1,0,1,1
76.67,13,5912,US,0,1,4,60.97,1.26,0,0,0,0
82.2,12,4121,US,0,1,2,109.52,0.75,0,0,0,0
356.55,8,5812,US,0,1,4,142.61,2.5,0,0,0,0
159.86,10,5732,US,0,1,3,110.84,1.44,0,0,1,0
35.31,14,5732,US,1,5,9,64.47,0.55,0,0,1,0
87.78,14,5912,US,1,2,4,103.43,0.85,0,0,0,0
65.64,8,5311,US,1,3,4,100.68,0.65,0,0,0,0
20.27,15,5732,US,1,1,2,111.13,0.18,0,0,1,0
63.35,14,5541,US,0,1,2,104.57,0.61,0,0,0,0
48.13,9,5814,US,0,1,5,103.0,0.47,0,0,0,0
18.87,18,5411,US,2,3,6,81.05,0.23,0,0,0,0
2.25,17,5311,US,5,28,38,51.02,0.04,0,0,0,1
14.31,11,5311,US,0,0,6,63.17,0.23,0,0,0,0
19.07,13,4121,US,0,1,3,137.41,0.14,0,0,0,0
35.33,11,5912,US,0,0,0,111.48,0.32,0,0,0,0
44.72,13,5311,US,1,2,3,96.2,0.46,0,0,0,0
9.28,10,4121,US,0,1,2,136.51,0.07,0,0,0,0
60.74,15,5541,US,0,0,2,129.64,0.47,0,0,0,0
32.75,8,5814,CA,1,1,5,88.27,0.37,1,0,0,0
17.55,19,5411,GB,1,1,6,75.29,0.23,1,0,0,0
61.06,13,5912,US,0,3,4,51.27,1.19,0,0,0,0
32.63,13,5732,US,0,4,6,148.03,0.22,0,0,1,0
30.31,7,5541,US,0,0,3,114.32,0.27,0,0,0,0
31.76,8,5812,US,0,0,4,96.66,0.33,0,0,0,0
47.56,15,5814,US,0,3,4,137.8,0.35,0,0,0,0
36.05,17,5732,US,0,2,5,123.63,0.29,0,0,1,0
14.6,15,5311,US,1,2,5,123.69,0.12,0,0,0,0
48.2,16,5912,US,1,2,3,81.7,0.59,0,0,0,0
60.44,8,5541,US,0,0,0,58.52,1.03,0,0,0,0
36.44,11,4121,US,1,2,3,142.67,0.26,0,0,0,0
41.58,10,4121,US,0,0,3,82.08,0.51,0,0,0,0
46.07,23,5411,US,0,0,1,136.73,0.34,0,0,0,0
108.27,11,5732,US,1,1,2,117.26,0.92,0,0,1,0
337.53,13,5732,US,0,0,2,110.61,3.05,0,0,1,0
193.71,13,5541,US,0,0,3,77.54,2.5,0,0,0,0
137.76,19,4121,US,0,0,2,51.94,2.65,0,0,0,0
114.17,10,5812,US,0,2,2,146.33,0.78,0,0,0,0
3.36,14,5311,NG,11,21,49,80.8,0.04,1,0,0,1
7.57,12,5311,US,0,2,5,120.68,0.06,0,0,0,0
99.79,13,5541,US,0,1,5,133.32,0.75,0,0,0,0
50.22,23,5912,US,0,1,2,89.43,0.56,0,0,0,0
32.35,20,5311,US,0,1,7,64.89,0.5,0,0,0,0
88.81,17,5814,GB,0,0,1,121.23,0.73,1,0,0,0
140.29,14,5812,US,0,0,3,94.63,1.48,0,0,0,0
28.59,13,5411,US,0,0,5,136.35,0.21,0,0,0,0
33.81,17,5541,US,0,0,0,100.04,0.34,0,0,0,0
44.01,15,5912,GB,0,0,3,102.75,0.43,1,0,0,0
238.56,17,5541,CA,0,0,3,136.86,1.74,1,0,0,0
342.89,15,5912,US,0,2,8,122.18,2.81,0,0,0,0
17.75,15,5541,US,0,0,3,123.72,0.14,0,0,0,0
112.81,9,5311,US,0,0,2,50.57,2.23,0,0,0,0
42.39,21,5541,US,1,1,2,126.35,0.34,0,0,0,0
52.88,10,5732,US,2,3,7,87.93,0.6,0,0,1,0
77.42,13,5732,US,0,0,3,142.68,0.54,0,0,1,0
15.96,18,5541,GB,0,1,1,93.0,0.17,1,0,0,0
69.47,14,4121,US,0,0,2,72.44,0.96,0,0,0,0
6068.22,1,6051,RO,2,2,7,60.33,100.58,1,1,1,1
10.06,6,4121,US,0,0,2,65.88,0.15,0,0,0,0
24.04,12,5732,US,1,1,3,116.72,0.21,0,0,1,0
52.87,5,5814,US,0,1,3,143.5,0.37,0,1,0,0
1882.94,1,6051,RU,3,3,6,44.74,42.09,1,1,1,1
87.23,3,5311,US,0,0,2,72.79,1.2,0,1,0,0
13.87,14,5732,US,0,4,8,85.64,0.16,0,0,1,0
44.6,14,4121,US,0,0,1,139.17,0.32,0,0,0,0
79.83,12,5732,US,0,3,6,85.06,0.94,0,0,1,0
42.41,10,5541,US,2,4,7,99.19,0.43,0,0,0,0
34.19,11,5912,US,0,0,2,140.44,0.24,0,0,0,0
18.21,17,5411,US,0,1,5,145.11,0.13,0,0,0,0
42.88,3,5912,JP,0,2,4,79.61,0.54,1,1,0,0
176.11,14,5814,US,0,1,6,70.34,2.5,0,0,0,0
77.67,15,5411,US,0,1,2,53.18,1.46,0,0,0,0
112.06,12,4121,US,0,2,3,99.36,1.13,0,0,0,0
39.83,11,5311,US,0,1,4,96.73,0.41,0,0,0,0
137.62,9,4121,US,1,4,6,86.36,1.59,0,0,0,0
24.59,11,4121,US,0,0,5,87.21,0.28,0,0,0,0
30.05,10,4121,US,0,1,3,125.39,0.24,0,0,0,0
77.78,19,5541,US,0,0,4,53.96,1.44,0,0,0,0
24.13,18,4121,US,0,0,2,74.39,0.32,0,0,0,0
73.12,12,5541,US,1,1,2,105.67,0.69,0,0,0,0
175.29,15,4121,US,1,3,8,140.78,1.25,0,0,0,0
297.94,14,5814,US,0,3,4,149.38,1.99,0,0,0,0
39.75,16,5732,US,0,0,2,72.22,0.55,0,0,1,0
50.3,9,5541,US,0,2,6,122.77,0.41,0,0,0,0
18.07,9,5311,US,0,2,5,70.9,0.25,0,0,0,0
124.01,10,5732,US,0,0,3,113.09,1.1,0,0,1,0
42.42,17,5311,US,1,1,2,118.4,0.36,0,0,0,0
47.73,13,5311,US,1,2,7,77.65,0.61,0,0,0,0
68.9,14,5814,US,0,1,4,93.66,0.74,0,0,0,0
82.95,11,5732,US,0,0,3,139.9,0.59,0,0,1,0
142.48,9,5812,US,0,0,2,145.2,0.98,0,0,0,0
27.69,15,4121,US,0,0,5,94.67,0.29,0,0,0,0
70.77,15,5311,US,1,1,4,130.7,0.54,0,0,0,0
3.46,14,4121,US,0,1,2,141.1,0.02,0,0,0,0
32.02,16,5411,US,0,2,5,94.46,0.34,0,0,0,0
61.68,14,5311,US,0,2,6,94.72,0.65,0,0,0,0
45.41,16,5411,US,0,1,3,137.24,0.33,0,0,0,0
632.06,19,5944,RO,4,12,37,54.45,11.61,1,0,1,1
34.93,10,5311,US,0,1,2,87.55,0.4,0,0,0,0
24.08,15,5812,US,1,1,3,53.34,0.45,0,0,0,0
13.87,14,5812,US,0,1,3,115.76,0.12,0,0,0,0
118.06,17,5812,US,0,1,4,88.33,1.34,0,0,0,0
2.5,15,5411,US,0,1,3,67.81,0.04,0,0,0,0
32.99,18,5311,US,0,0,1,56.47,0.58,0,0,0,0
23.33,18,5411,US,0,2,5,105.64,0.22,0,0,0,0
58.05,8,5812,US,0,1,6,93.75,0.62,0,0,0,0
8.02,14,4121,US,0,1,3,138.56,0.06,0,0,0,0
66.52,21,5541,US,0,2,2,131.49,0.51,0,0,0,0
2041.47,3,6051,CN,1,2,4,65.42,31.21,1,1,1,1
18.47,15,5311,US,1,2,10,102.42,0.18,0,0,0,0
19.32,21,4121,US,1,1,4,80.67,0.24,0,0,0,0
64.66,9,5732,US,0,0,2,94.37,0.69,0,0,1,0
38.17,13,5311,US,0,2,6,88.78,0.43,0,0,0,0
40.27,10,5541,US,0,2,4,112.55,0.36,0,0,0,0
22.34,13,5912,US,0,1,2,57.88,0.39,0,0,0,0
65.17,15,5812,US,1,1,4,103.87,0.63,0,0,0,0
109.42,12,4121,US,0,3,5,135.65,0.81,0,0,0,0
10.3,14,5411,US,0,0,5,139.67,0.07,0,0,0,0
44.25,17,5814,US,1,1,4,67.53,0.66,0,0,0,0
34.94,15,5912,US,0,0,1,105.59,0.33,0,0,0,0
12.08,11,5732,US,1,2,3,118.54,0.1,0,0,1,0
157.19,11,5812,US,0,2,6,141.85,1.11,0,0,0,0
2846.82,3,4829,CN,3,8,7,76.02,37.45,1,1,1,1
24.07,10,5411,US,0,2,4,70.03,0.34,0,0,0,0
7070.49,1,6051,NG,1,6,6,59.41,119.01,1,1,1,1
60.4,15,5732,US,0,0,5,61.95,0.97,0,0,1,0
2.5,14,5732,US,0,1,1,57.94,0.04,0,0,1,0
50.75,23,5814,US,0,0,5,76.95,0.66,0,0,0,0
3.42,22,5311,UA,9,17,27,46.22,0.07,1,0,0,1
17.63,13,5411,US,0,1,4,135.64,0.13,0,0,0,0
4.34,11,5541,US,0,0,4,149.29,0.03,0,0,0,0
76.01,19,5812,US,0,0,2,139.49,0.54,0,0,0,0
56.34,5,5732,US,0,0,2,64.83,0.87,0,1,1,0
11.73,14,5732,US,0,0,1,91.24,0.13,0,0,1,0
16.19,23,5732,US,0,1,2,77.53,0.21,0,0,1,0
19.61,9,5814,US,0,2,4,134.87,0.15,0,0,0,0
31.88,14,5411,US,0,0,3,56.11,0.57,0,0,0,0
58.87,12,5814,US,1,4,7,57.74,1.02,0,0,0,0
166.3,14,5732,US,0,0,0,144.17,1.15,0,0,1,0
44.55,16,4121,US,2,4,8,59.27,0.75,0,0,0,0
26.24,15,5912,US,0,1,3,80.39,0.33,0,0,0,0
16.36,21,4121,US,0,0,3,131.83,0.12,0,0,0,0
1182.72,22,5732,RU,1,4,7,42.98,27.52,1,0,1,1
45.98,23,5812,US,1,1,7,74.04,0.62,0,0,0,0
3660.81,5,5732,RO,3,2,9,68.19,53.69,1,1,1,1
114.16,10,5311,US,0,0,1,81.1,1.41,0,0,0,0
81.76,14,5812,US,0,2,3,115.14,0.71,0,0,0,0
34.31,10,5912,US,0,1,4,103.49,0.33,0,0,0,0
109.51,11,5311,US,1,2,3,86.45,1.27,0,0,0,0
73.09,15,5311,US,1,1,3,116.74,0.63,0,0,0,0
29.84,7,5812,US,0,1,1,127.84,0.23,0,0,0,0
72.64,11,5541,US,0,0,2,126.66,0.57,0,0,0,0
22.3,10,5311,US,1,2,6,99.17,0.22,0,0,0,0
6.32,22,5812,US,0,0,4,109.05,0.06,0,0,0,0
26.29,4,4121,US,0,2,3,89.91,0.29,0,1,0,0
1.61,11,5311,US,6,14,47,70.43,0.02,0,0,0,1
48.44,16,5812,US,0,2,4,89.72,0.54,0,0,0,0
26.67,14,5411,US,1,2,5,53.43,0.5,0,0,0,0
41.74,12,4121,US,0,0,0,136.4,0.31,0,0,0,0
34.09,12,5814,US,0,1,7,89.94,0.38,0,0,0,0
10.55,9,5912,US,0,1,5,54.04,0.2,0,0,0,0
219.88,13,5912,US,0,2,5,108.61,2.02,0,0,0,0
115.74,22,5411,US,0,0,2,127.43,0.91,0,0,0,0
94.95,18,5311,US,0,4,7,147.11,0.65,0,0,0,0
76.21,17,4121,US,0,1,4,56.63,1.35,0,0,0,0
19.5,18,5541,US,0,2,5,85.93,0.23,0,0,0,0
86.04,10,5411,GB,1,1,3,105.82,0.81,1,0,0,0
180.9,17,5732,US,0,0,5,122.7,1.47,0,0,1,0
72.83,8,4121,US,1,1,1,54.48,1.34,0,0,0,0
299.63,19,5411,US,0,0,1,116.13,2.58,0,0,0,0
134.4,13,5411,US,0,0,0,140.55,0.96,0,0,0,0
17.46,14,5411,US,0,0,3,99.46,0.18,0,0,0,0
36.08,12,5912,US,0,1,4,64.43,0.56,0,0,0,0
54.08,19,5814,US,0,1,4,126.49,0.43,0,0,0,0
68.9,16,4121,US,0,0,0,66.17,1.04,0,0,0,0
18.77,17,5411,US,0,1,2,56.73,0.33,0,0,0,0
36.69,12,5541,US,0,0,0,127.56,0.29,0,0,0,0
26.23,11,5814,US,1,2,4,55.64,0.47,0,0,0,0
393.4,3,4829,GB,10,25,16,45.22,8.7,1,1,1,1
82.87,13,5311,US,0,2,5,137.88,0.6,0,0,0,0
7821.88,3,6051,NG,1,2,8,44.52,175.69,1,1,1,1
55.85,12,5732,US,0,0,2,81.6,0.68,0,0,1,0
102.56,12,5311,US,0,1,3,62.81,1.63,0,0,0,0
73.46,16,5411,US,0,1,6,144.46,0.51,0,0,0,0
146.12,7,5311,US,1,2,3,103.26,1.42,0,0,0,0
30.78,16,5541,US,0,1,2,103.84,0.3,0,0,0,0
263.39,13,5812,US,0,0,2,68.6,3.84,0,0,0,0
32.32,16,5812,US,0,0,1,100.57,0.32,0,0,0,0
55.96,16,5541,US,0,2,4,83.27,0.67,0,0,0,0
55.35,7,5411,US,0,0,0,50.04,1.11,0,0,0,0
3.39,6,5311,US,11,21,35,71.66,0.05,0,0,0,1
144.13,9,5912,US,1,1,4,89.62,1.61,0,0,0,0
83.54,8,5912,JP,0,2,7,50.24,1.66,1,0,0,0
13.96,13,5812,US,0,1,4,78.4,0.18,0,0,0,0
168.44,9,5311,US,0,0,4,80.06,2.1,0,0,0,0
49.06,10,5541,US,0,0,2,85.79,0.57,0,0,0,0
7.19,19,5311,US,0,2,3,126.28,0.06,0,0,0,0
66.2,10,5732,US,0,1,6,114.22,0.58,0,0,1,0
82.23,10,5814,US,0,1,2,124.92,0.66,0,0,0,0
18.84,14,4121,GB,0,0,1,67.18,0.28,1,0,0,0
23.07,15,5912,US,0,0,2,56.99,0.4,0,0,0,0
21.14,11,4121,US,0,1,4,112.88,0.19,0,0,0,0
108.88,8,5912,US,0,0,4,120.76,0.9,0,0,0,0
28.6,15,4121,US,0,0,1,55.16,0.52,0,0,0,0
40.49,3,4121,US,0,0,1,75.5,0.54,0,1,0,0
51.84,13,5912,US,0,1,4,144.38,0.36,0,0,0,0
63.47,9,5311,DE,0,2,7,123.38,0.51,1,0,0,0
21.55,13,5411,US,0,0,1,61.08,0.35,0,0,0,0
47.59,17,5814,US,0,0,3,94.82,0.5,0,0,0,0
75.15,13,4121,US,0,2,3,108.69,0.69,0,0,0,0
95.39,17,5541,US,0,0,5,112.28,0.85,0,0,0,0
90.19,10,5812,US,0,0,5,131.35,0.69,0,0,0,0
87.37,23,5311,US,0,1,2,144.93,0.6,0,0,0,0
99.85,14,5411,US,0,0,4,105.83,0.94,0,0,0,0
104.76,17,5411,US,0,1,6,121.4,0.86,0,0,0,0
76.19,7,5812,US,0,0,1,101.55,0.75,0,0,0,0
37.47,10,5411,US,0,1,3,52.49,0.71,0,0,0,0
75.86,19,5732,US,0,1,5,93.0,0.82,0,0,1,0
42.26,22,5912,US,3,4,9,65.56,0.64,0,0,0,0
34.34,15,5912,US,1,4,9,137.76,0.25,0,0,0,0
6.4,11,5541,US,0,1,3,119.73,0.05,0,0,0,0
123.79,14,5812,US,0,1,2,109.95,1.13,0,0,0,0
24.48,12,5732,US,0,0,2,128.74,0.19,0,0,1,0
252.65,13,5732,US,0,0,0,50.15,5.04,0,0,1,0
230.94,11,5912,US,0,1,3,82.46,2.8,0,0,0,0
40.61,18,5541,US,1,2,5,127.46,0.32,0,0,0,0
97.46,13,4121,US,0,1,5,54.59,1.79,0,0,0,0
6.59,14,5912,US,0,1,3,112.85,0.06,0,0,0,0
76.86,14,5541,US,0,0,1,142.46,0.54,0,0,0,0
36.18,7,5732,US,0,1,4,84.22,0.43,0,0,1,0
45.4,13,5732,US,0,0,0,85.16,0.53,0,0,1,0
25.26,13,5732,US,0,0,1,130.93,0.19,0,0,1,0
25.37,16,4121,US,0,2,4,125.81,0.2,0,0,0,0
49.77,8,5541,US,1,2,5,112.27,0.44,0,0,0,0
390.08,18,5912,US,1,5,7,145.22,2.69,0,0,0,0
44.59,15,5912,US,0,0,5,83.4,0.53,0,0,0,0
29.04,23,5732,CA,0,1,2,99.38,0.29,1,0,1,0
107.36,15,4121,US,0,0,5,85.21,1.26,0,0,0,0
53.52,18,5411,US,0,0,4,100.42,0.53,0,0,0,0
139.51,14,4121,US,0,0,1,97.57,1.43,0,0,0,0
498.31,13,5814,US,0,1,4,54.56,9.13,0,0,0,0
1357.03,9,4829,NG,3,2,9,69.69,19.47,1,0,1,1
35.3,15,5812,US,0,1,5,106.72,0.33,0,0,0,0
71.26,18,5311,US,0,0,4,57.42,1.24,0,0,0,0
41.38,17,5912,US,0,0,1,131.76,0.31,0,0,0,0
45.64,17,5311,US,0,2,6,67.07,0.68,0,0,0,0
31.49,8,5732,US,0,0,4,134.85,0.23,0,0,1,0
6473.57,3,5732,RO,1,6,4,84.82,76.32,1,1,1,1
90.66,13,4121,US,0,1,4,133.16,0.68,0,0,0,0
7.2,13,5812,US,1,1,6,60.27,0.12,0,0,0,0
24.83,19,5732,US,0,1,5,113.81,0.22,0,0,1,0
23.99,13,5732,US,0,1,1,146.59,0.16,0,0,1,0
42.83,14,5912,US,0,0,4,69.99,0.61,0,0,0,0
27.83,8,5311,US,0,2,5,110.98,0.25,0,0,0,0
122.8,10,5814,US,0,1,3,109.44,1.12,0,0,0,0
16.57,16,5812,US,0,1,5,72.63,0.23,0,0,0,0
71.62,8,4121,US,0,0,3,64.74,1.11,0,0,0,0
73.82,8,5541,US,3,4,6,52.13,1.42,0,0,0,0
78.44,19,5812,US,1,2,9,73.81,1.06,0,0,0,0
17.0,11,5732,US,1,2,3,148.29,0.11,0,0,1,0
27.32,17,4121,US,0,3,7,108.53,0.25,0,0,0,0
93.53,15,5812,US,0,1,4,143.78,0.65,0,0,0,0
11.65,17,5912,US,0,2,4,99.46,0.12,0,0,0,0
54.76,19,5541,US,0,3,4,143.79,0.38,0,0,0,0
32.02,11,5541,US,1,1,2,75.92,0.42,0,0,0,0
206.31,11,6051,RO,6,18,20,90.74,2.27,1,0,1,1
31.27,12,5732,US,1,2,6,111.56,0.28,0,0,1,0
30.94,12,4121,US,0,3,7,103.18,0.3,0,0,0,0
95.63,16,5411,US,0,2,4,135.68,0.7,0,0,0,0
133.85,7,5814,US,0,2,7,73.81,1.81,0,0,0,0
43.94,10,5311,US,0,2,3,144.25,0.3,0,0,0,0
10.14,14,5411,US,1,1,5,123.69,0.08,0,0,0,0
157.05,12,5732,US,0,1,2,145.24,1.08,0,0,1,0
9.82,11,5311,US,0,0,2,80.13,0.12,0,0,0,0
67.04,13,4121,US,0,1,3,78.17,0.86,0,0,0,0
68.65,13,4121,US,0,2,6,125.74,0.55,0,0,0,0
63.04,14,5541,US,0,2,2,55.19,1.14,0,0,0,0
185.24,17,4121,US,0,1,2,148.92,1.24,0,0,0,0
912.9,8,6051,RO,9,21,35,84.87,10.76,1,0,1,1
26.93,14,5411,US,0,2,6,136.37,0.2,0,0,0,0
34.3,18,4121,US,0,0,3,104.62,0.33,0,0,0,0
44.41,16,5541,US,0,1,2,55.77,0.8,0,0,0,0
33.58,11,5411,US,0,0,1,58.58,0.57,0,0,0,0
109.57,8,5732,US,0,2,4,145.04,0.76,0,0,1,0
53.19,14,5411,US,0,0,0,93.14,0.57,0,0,0,0
131.88,10,5541,US,0,0,4,67.21,1.96,0,0,0,0
16.22,17,5411,US,0,0,2,124.75,0.13,0,0,0,0
93.18,23,5812,CA,0,2,5,52.38,1.78,1,0,0,0
40.77,16,4121,US,1,1,4,105.73,0.39,0,0,0,0
39.29,23,5311,US,1,2,4,141.69,0.28,0,0,0,0
150.47,8,5311,US,0,2,3,147.92,1.02,0,0,0,0
51.89,19,5912,US,0,0,3,100.72,0.52,0,0,0,0
29.75,10,4121,US,0,1,6,56.0,0.53,0,0,0,0
24.13,23,5541,FR,0,0,2,105.39,0.23,1,0,0,0
24.81,23,4121,DE,1,4,5,114.77,0.22,1,0,0,0
96.66,16,5411,US,0,0,2,104.35,0.93,0,0,0,0
8.11,13,5541,US,0,0,2,108.5,0.07,0,0,0,0
39.95,9,5812,US,0,1,5,125.99,0.32,0,0,0,0
90.23,17,5411,US,0,0,1,91.28,0.99,0,0,0,0
54.25,18,5541,US,0,1,2,136.05,0.4,0,0,0,0
47.66,9,5814,US,0,2,7,110.67,0.43,0,0,0,0
70.23,13,5812,US,0,1,3,73.35,0.96,0,0,0,0
253.69,13,5732,US,0,0,0,132.32,1.92,0,0,1,0
6.89,10,5912,US,0,0,6,105.27,0.07,0,0,0,0
82.98,17,5732,US,0,0,3,111.04,0.75,0,0,1,0
37.15,13,5912,US,0,1,2,88.29,0.42,0,0,0,0
43.77,14,5814,US,0,1,1,133.36,0.33,0,0,0,0
46.26,18,5311,US,0,0,2,91.7,0.5,0,0,0,0
158.66,20,5944,US,9,23,31,54.7,2.9,0,0,1,1
2.88,12,5311,NG,6,14,19,82.38,0.03,1,0,0,1
52.14,13,5411,US,0,0,0,121.58,0.43,0,0,0,0
69.75,13,5812,US,1,1,4,56.81,1.23,0,0,0,0
1.89,18,5311,NG,12,17,41,77.41,0.02,1,0,0,1
66.27,12,4121,US,0,1,2,71.85,0.92,0,0,0,0
42.39,23,5814,US,0,2,3,59.77,0.71,0,0,0,0
44.09,14,5732,US,0,2,6,119.85,0.37,0,0,1,0
48.57,14,5541,US,0,1,4,97.15,0.5,0,0,0,0
16.81,11,5732,US,0,0,2,70.62,0.24,0,0,1,0
9.75,20,4121,US,1,2,5,79.4,0.12,0,0,0,0
38.05,17,5541,US,0,1,4,135.52,0.28,0,0,0,0
68.51,14,5814,CA,0,1,2,149.01,0.46,1,0,0,0
39.38,10,5912,US,0,0,2,94.82,0.42,0,0,0,0
48.55,15,5812,US,1,3,4,93.45,0.52,0,0,0,0
41.67,14,5814,US,0,0,0,144.72,0.29,0,0,0,0
35.68,15,5812,US,1,1,1,112.87,0.32,0,0,0,0
7.58,8,5311,US,2,3,5,58.93,0.13,0,0,0,0
30.37,13,5912,US,0,3,5,116.35,0.26,0,0,0,0
85.75,13,5732,US,0,1,5,97.42,0.88,0,0,1,0
36.58,15,5411,US,1,3,6,122.15,0.3,0,0,0,0
2.33,0,5311,US,13,29,30,60.37,0.04,0,1,0,1
7.58,13,5311,US,0,0,1,107.18,0.07,0,0,0,0
191.41,17,5814,US,1,2,3,94.02,2.04,0,0,0,0
626.46,13,5541,US,0,1,7,111.38,5.62,0,0,0,0
36.38,21,5311,US,0,0,6,143.51,0.25,0,0,0,0
65.67,15,4121,US,1,2,4,138.35,0.47,0,0,0,0
2.06,12,5311,UA,13,22,28,47.79,0.04,1,0,0,1
25.6,13,4121,US,2,3,4,104.26,0.25,0,0,0,0
43.2,19,5411,US,1,2,7,53.66,0.81,0,0,0,0
274.26,15,5311,US,0,1,1,91.98,2.98,0,0,0,0
30.03,18,5912,US,0,0,3,144.06,0.21,0,0,0,0
46.65,21,5311,US,0,1,4,68.27,0.68,0,0,0,0
31.47,15,4121,US,0,2,7,122.65,0.26,0,0,0,0
87.21,11,5732,US,0,0,2,130.83,0.67,0,0,1,0
46.64,11,5814,US,0,0,5,57.22,0.82,0,0,0,0
80.06,13,5541,US,0,0,1,142.49,0.56,0,0,0,0
25.89,12,5311,US,1,2,6,133.59,0.19,0,0,0,0
52.95,11,5814,US,0,0,1,128.07,0.41,0,0,0,0
31.35,16,5311,US,0,0,0,58.43,0.54,0,0,0,0
42.86,13,5732,US,0,0,1,108.4,0.4,0,0,1,0
23.9,12,5732,US,0,0,2,118.45,0.2,0,0,1,0
39.72,2,5812,US,0,3,9,62.78,0.63,0,1,0,0
14.4,11,5812,US,0,0,2,63.19,0.23,0,0,0,0
26.93,15,5814,FR,0,0,0,128.39,0.21,1,0,0,0
18.21,17,5541,US,0,0,2,62.5,0.29,0,0,0,0
101.49,19,5814,US,0,1,3,80.74,1.26,0,0,0,0
29.12,9,5732,US,1,1,8,102.52,0.28,0,0,1,0
49.38,13,5812,US,0,2,5,147.88,0.33,0,0,0,0
41.78,12,5812,US,0,2,3,131.08,0.32,0,0,0,0
239.0,18,5311,US,1,1,4,72.01,3.32,0,0,0,0
21.12,12,5411,US,0,1,4,65.02,0.32,0,0,0,0
242.55,12,5311,US,0,1,2,118.39,2.05,0,0,0,0
141.49,10,5814,US,0,0,1,87.96,1.61,0,0,0,0
87.08,10,5812,US,0,1,2,115.19,0.76,0,0,0,0
116.57,10,5814,US,1,2,7,112.79,1.03,0,0,0,0
65.24,18,4121,FR,0,0,3,144.66,0.45,1,0,0,0
17.72,12,5311,FR,1,1,4,91.89,0.19,1,0,0,0
68.21,14,4121,US,0,1,5,53.87,1.27,0,0,0,0
84.26,16,5311,US,0,1,6,132.82,0.63,0,0,0,0
191.46,12,5912,US,0,0,5,147.13,1.3,0,0,0,0
72.59,15,5411,US,0,1,3,57.94,1.25,0,0,0,0
554.55,21,7995,GB,10,13,19,57.13,9.71,1,0,1,1
16.98,11,5812,US,0,2,10,120.93,0.14,0,0,0,0
9.69,12,5311,US,0,0,3,119.19,0.08,0,0,0,0
15.33,16,5541,US,0,1,5,125.83,0.12,0,0,0,0
40.62,17,5732,US,1,2,6,145.15,0.28,0,0,1,0
32.66,13,5311,US,0,0,4,102.73,0.32,0,0,0,0
17.42,15,5411,US,0,0,5,136.71,0.13,0,0,0,0
804.36,13,6051,GB,4,22,30,51.27,15.69,1,0,1,1
45.39,16,5814,JP,0,0,2,128.59,0.35,1,0,0,0
65.13,14,5311,US,0,0,2,76.6,0.85,0,0,0,0
23.33,10,5541,US,0,2,6,103.0,0.23,0,0,0,0
106.95,10,5411,US,0,0,0,60.86,1.76,0,0,0,0
71.45,21,5541,US,0,1,4,58.92,1.21,0,0,0,0
53.12,17,5732,US,0,1,2,84.7,0.63,0,0,1,0
50.02,23,5311,US,0,0,6,68.47,0.73,0,0,0,0
18.04,11,5732,US,0,0,0,84.92,0.21,0,0,1,0
197.49,19,5812,US,0,0,2,105.15,1.88,0,0,0,0
21.47,13,5912,US,0,0,4,137.3,0.16,0,0,0,0
5257.0,5,5944,RO,1,5,5,57.66,91.17,1,1,1,1
65.31,23,5311,US,0,1,3,95.1,0.69,0,0,0,0
22.96,5,5541,US,0,1,3,120.29,0.19,0,1,0,0
180.4,13,5541,US,0,1,1,127.81,1.41,0,0,0,0
16.22,18,5912,US,0,2,2,125.18,0.13,0,0,0,0
12.23,13,5541,US,1,2,3,141.25,0.09,0,0,0,0
77.25,15,5814,US,0,1,3,59.71,1.29,0,0,0,0
94.49,13,5411,US,0,1,1,61.08,1.55,0,0,0,0
34.16,15,4121,US,0,0,1,144.77,0.24,0,0,0,0
1636.59,18,6051,CN,2,8,11,43.37,37.74,1,0,1,1
25.51,16,5812,US,0,0,1,142.75,0.18,0,0,0,0
109.84,9,5541,US,0,0,2,134.82,0.81,0,0,0,0
42.06,13,5541,US,0,0,2,58.77,0.72,0,0,0,0
52.33,9,5814,US,0,0,1,62.64,0.84,0,0,0,0
36.73,14,5912,US,0,0,0,134.21,0.27,0,0,0,0
133.6,15,5411,US,0,0,0,51.0,2.62,0,0,0,0
25.58,16,5814,US,0,2,6,85.66,0.3,0,0,0,0
110.19,14,5541,US,0,0,2,130.48,0.84,0,0,0,0
23.81,15,5311,US,0,0,2,63.27,0.38,0,0,0,0
33.93,11,5812,US,1,1,2,56.12,0.6,0,0,0,0
91.92,16,5732,US,1,2,3,79.15,1.16,0,0,1,0
27.67,20,5732,US,0,1,5,52.52,0.53,0,0,1,0
130.35,15,5812,JP,0,0,3,96.17,1.36,1,0,0,0
17.26,15,4121,US,0,1,7,126.81,0.14,0,0,0,0
86.1,18,5311,US,0,1,1,51.13,1.68,0,0,0,0
40.5,20,4121,US,0,0,3,75.86,0.53,0,0,0,0
137.88,18,5812,US,0,0,2,97.59,1.41,0,0,0,0
131.48,11,5411,US,0,0,2,85.91,1.53,0,0,0,0
36.89,7,5814,US,0,0,0,84.05,0.44,0,0,0,0
87.26,8,5411,US,0,1,2,135.34,0.64,0,0,0,0
13.38,15,5411,US,1,2,6,102.13,0.13,0,0,0,0
139.41,13,5311,CA,0,0,6,84.82,1.64,1,0,0,0
243.02,13,5311,US,0,0,3,105.52,2.3,0,0,0,0
3.39,9,5311,US,9,24,38,51.84,0.07,0,0,0,1
41.47,17,5732,US,0,0,3,97.24,0.43,0,0,1,0
16.97,14,5411,US,0,2,5,105.73,0.16,0,0,0,0
29.5,11,5311,US,0,2,4,116.49,0.25,0,0,0,0
47.41,8,5541,DE,0,2,3,128.7,0.37,1,0,0,0
7.41,17,5814,US,0,2,4,126.18,0.06,0,0,0,0
40.82,12,5812,US,0,1,2,124.08,0.33,0,0,0,0
135.48,12,5814,US,0,0,3,97.41,1.39,0,0,0,0
125.62,15,5541,US,0,3,5,77.13,1.63,0,0,0,0
35.47,0,5814,US,0,1,4,115.32,0.31,0,1,0,0
79.4,14,5812,FR,0,1,2,82.78,0.96,1,0,0,0
24.45,17,4121,US,0,2,9,97.42,0.25,0,0,0,0
7.27,15,5814,US,0,1,5,131.48,0.06,0,0,0,0
10.71,9,5814,US,0,0,3,120.42,0.09,0,0,0,0
219.66,15,4121,US,1,1,3,119.54,1.84,0,0,0,0
87.86,11,5311,US,0,0,4,67.11,1.31,0,0,0,0
172.01,18,5732,US,0,2,6,93.69,1.84,0,0,1,0
158.28,15,4121,CA,1,1,1,113.68,1.39,1,0,0,0
110.81,11,5411,US,0,2,4,82.36,1.35,0,0,0,0
40.88,15,5732,US,0,2,3,97.68,0.42,0,0,1,0
23.7,14,4121,US,0,2,2,81.62,0.29,0,0,0,0
8.4,23,5311,US,0,0,3,111.02,0.08,0,0,0,0
35.68,17,5732,US,0,1,4,53.71,0.66,0,0,1,0
9.72,18,5912,US,1,1,3,141.84,0.07,0,0,0,0
29.9,13,5541,US,0,2,3,95.75,0.31,0,0,0,0
34.32,14,5411,US,0,0,2,115.02,0.3,0,0,0,0
17.63,17,5812,US,1,1,5,93.44,0.19,0,0,0,0
56.55,7,5814,US,0,3,6,149.51,0.38,0,0,0,0
6.8,20,5311,US,0,3,6,89.95,0.08,0,0,0,0
180.57,21,5912,US,0,0,5,140.73,1.28,0,0,0,0
19.79,18,5732,US,0,0,1,108.08,0.18,0,0,1,0
25.81,8,5732,US,0,0,3,103.85,0.25,0,0,1,0
35.82,18,5311,US,0,0,1,55.05,0.65,0,0,0,0
33.11,9,5541,US,0,1,4,124.9,0.27,0,0,0,0
121.24,17,5814,US,1,3,4,107.17,1.13,0,0,0,0
36.3,13,5311,DE,0,0,3,114.73,0.32,1,0,0,0
58.05,14,5732,US,0,1,2,62.32,0.93,0,0,1,0
49.53,17,5541,US,0,1,4,64.9,0.76,0,0,0,0
23.82,15,5812,US,0,0,0,69.27,0.34,0,0,0,0
105.94,16,5311,US,1,3,5,149.44,0.71,0,0,0,0
25.86,13,5812,US,0,0,4,102.4,0.25,0,0,0,0
27.91,12,4121,US,1,1,1,130.6,0.21,0,0,0,0
38.97,17,5814,US,0,0,1,132.87,0.29,0,0,0,0
102.81,23,5912,US,0,1,2,103.73,0.99,0,0,0,0
12.43,15,5411,FR,0,0,1,78.39,0.16,1,0,0,0
55.91,12,5912,JP,0,1,2,54.92,1.02,1,0,0,0
44.36,20,5541,US,0,1,2,103.28,0.43,0,0,0,0
111.71,12,5732,US,0,1,3,57.17,1.95,0,0,1,0
113.57,9,5812,US,0,1,3,64.08,1.77,0,0,0,0
19.86,11,5912,US,0,1,4,78.98,0.25,0,0,0,0
11.92,12,5812,US,0,0,1,101.26,0.12,0,0,0,0
51.85,18,5541,US,0,0,7,108.13,0.48,0,0,0,0
84.42,13,5541,US,0,0,2,65.0,1.3,0,0,0,0
62.73,9,5812,US,0,0,1,129.75,0.48,0,0,0,0
159.46,16,5814,US,1,1,5,87.93,1.81,0,0,0,0
36.81,13,5732,US,1,2,5,94.46,0.39,0,0,1,0
19.22,17,5812,US,0,0,1,123.58,0.16,0,0,0,0
42.41,14,5732,US,0,3,5,89.02,0.48,0,0,1,0
54.86,13,5812,US,0,1,3,58.12,0.94,0,0,0,0
33.24,7,5311,US,0,1,6,87.49,0.38,0,0,0,0
21.41,20,5812,US,0,1,2,83.81,0.26,0,0,0,0
129.43,11,5912,US,0,3,7,128.73,1.01,0,0,0,0
13.39,11,5912,US,1,2,5,55.75,0.24,0,0,0,0
39.99,17,5812,US,0,0,2,77.4,0.52,0,0,0,0
22.56,14,5311,US,0,0,2,82.1,0.27,0,0,0,0
2244.29,13,4829,RU,3,4,12,45.64,49.17,1,0,1,1
120.33,18,5912,US,0,0,4,148.51,0.81,0,0,0,0
21.87,17,5814,US,0,1,7,149.55,0.15,0,0,0,0
2936.77,4,5732,RO,1,4,10,94.74,31.0,1,1,1,1
33.03,15,5732,US,0,3,7,101.23,0.33,0,0,1,0
35.01,11,4121,US,1,3,4,80.1,0.44,0,0,0,0
64.8,11,5814,US,0,2,7,90.51,0.72,0,0,0,0
27.66,15,5541,US,0,2,4,101.54,0.27,0,0,0,0
491.51,3,7995,RO,9,10,37,45.37,10.83,1,1,1,1
39.95,17,5411,US,0,0,1,147.45,0.27,0,0,0,0
203.85,5,5912,US,0,2,5,66.34,3.07,0,1,0,0
22.26,12,5411,US,0,1,6,136.49,0.16,0,0,0,0
50.27,14,5812,US,0,0,4,134.66,0.37,0,0,0,0
79.75,5,5541,US,0,0,3,78.57,1.02,0,1,0,0
19.54,8,5912,US,1,1,1,136.48,0.14,0,0,0,0
113.47,13,5912,US,1,2,7,95.53,1.19,0,0,0,0
40.15,22,5541,US,0,0,6,86.17,0.47,0,0,0,0
38.53,18,5732,US,0,5,6,103.15,0.37,0,0,1,0
27.04,13,5541,US,0,0,7,143.54,0.19,0,0,0,0
40.98,11,4121,US,0,0,4,90.58,0.45,0,0,0,0
2991.36,8,5944,CN,1,5,11,41.69,71.75,1,0,1,1
101.15,15,5732,US,0,3,5,125.1,0.81,0,0,1,0
71.49,13,5411,US,0,1,5,124.3,0.58,0,0,0,0
33.21,9,4121,US,0,3,10,108.34,0.31,0,0,0,0
12.02,16,5812,US,1,3,5,62.34,0.19,0,0,0,0
39.52,12,5814,US,0,1,4,93.02,0.42,0,0,0,0
56.79,11,4121,US,0,0,3,108.73,0.52,0,0,0,0
14.28,11,5541,US,0,0,2,139.24,0.1,0,0,0,0
85.79,17,5541,US,0,0,2,60.49,1.42,0,0,0,0
18.33,15,5814,US,0,0,3,88.84,0.21,0,0,0,0
103.01,9,5311,US,0,2,3,86.01,1.2,0,0,0,0
16.07,23,5814,US,0,0,3,149.83,0.11,0,0,0,0
121.15,16,5732,US,1,1,4,141.96,0.85,0,0,1,0
7152.48,5,5944,US,3,2,9,54.37,131.55,0,1,1,1
2.18,1,5311,UA,5,26,39,50.38,0.04,1,1,0,1
85.87,8,5541,US,0,1,3,135.28,0.63,0,0,0,0
27.02,11,5912,US,0,0,3,148.64,0.18,0,0,0,0
13.7,12,5912,US,1,2,4,97.45,0.14,0,0,0,0
12.46,12,5541,US,0,1,1,98.54,0.13,0,0,0,0
126.51,18,5411,US,0,3,5,65.3,1.94,0,0,0,0
98.29,19,5732,US,0,2,4,104.93,0.94,0,0,1,0
35.01,14,5311,US,0,0,0,104.86,0.33,0,0,0,0
67.92,13,5541,US,0,0,1,68.23,1.0,0,0,0,0
59.63,17,5814,CA,0,1,4,51.96,1.15,1,0,0,0
5810.83,2,5944,US,2,5,5,63.31,91.78,0,1,1,1
106.72,16,5912,US,0,0,0,94.64,1.13,0,0,0,0
54.03,17,5912,US,0,1,8,109.75,0.49,0,0,0,0
30.08,15,5812,US,0,1,4,139.79,0.22,0,0,0,0
2339.48,4,5732,RO,1,2,4,40.31,58.04,1,1,1,1
20.75,8,5732,US,1,1,4,149.72,0.14,0,0,1,0
14.58,14,5411,US,1,2,4,109.4,0.13,0,0,0,0
77.77,19,5311,US,0,0,0,53.98,1.44,0,0,0,0
86.64,11,5411,US,0,0,2,132.83,0.65,0,0,0,0
36.62,17,5541,US,0,2,4,72.75,0.5,0,0,0,0
46.63,16,5311,US,0,0,3,103.64,0.45,0,0,0,0
64.7,9,5541,US,0,1,3,144.11,0.45,0,0,0,0
154.82,20,4121,US,0,0,3,112.32,1.38,0,0,0,0
12.43,10,5814,US,0,1,4,63.95,0.19,0,0,0,0
38.52,7,5411,US,0,0,1,77.56,0.5,0,0,0,0
871.57,3,7995,NG,4,8,9,55.18,15.8,1,1,1,1
18.87,16,4121,US,0,0,4,89.54,0.21,0,0,0,0
36.82,11,5411,US,0,1,3,88.94,0.41,0,0,0,0
64.45,9,5812,US,0,1,4,123.11,0.52,0,0,0,0
112.91,11,5541,US,1,1,3,51.08,2.21,0,0,0,0
306.11,16,5541,DE,0,0,1,50.91,6.01,1,0,0,0
73.61,4,5912,US,0,3,6,108.52,0.68,0,1,0,0
20.15,16,5311,US,0,0,1,109.43,0.18,0,0,0,0
21.98,10,5912,US,0,0,5,130.29,0.17,0,0,0,0
47.33,14,5541,US,0,0,1,114.65,0.41,0,0,0,0
5.79,10,5541,US,0,1,4,115.42,0.05,0,0,0,0
79.51,6,4121,US,0,0,2,125.69,0.63,0,0,0,0
17.54,16,5912,US,0,1,4,90.93,0.19,0,0,0,0
55.92,14,5732,US,0,2,3,92.37,0.61,0,0,1,0
55.26,8,5411,US,0,0,1,50.24,1.1,0,0,0,0
82.33,15,5814,US,0,0,2,65.85,1.25,0,0,0,0
68.57,12,5311,US,1,2,5,137.74,0.5,0,0,0,0
96.66,8,5311,US,0,2,8,113.02,0.86,0,0,0,0
210.39,12,5814,US,1,2,2,139.42,1.51,0,0,0,0
130.81,10,5541,US,0,2,5,83.81,1.56,0,0,0,0
30.63,9,5912,US,0,1,1,57.77,0.53,0,0,0,0
45.0,15,5812,US,0,1,5,146.21,0.31,0,0,0,0
107.05,17,5732,US,0,1,3,134.9,0.79,0,0,1,0
127.22,19,5541,US,0,0,5,128.58,0.99,0,0,0,0
15.49,12,5812,US,0,0,2,113.95,0.14,0,0,0,0
13.21,15,4121,US,0,0,3,141.09,0.09,0,0,0,0
230.65,16,5541,US,0,1,3,70.57,3.27,0,0,0,0
52.08,20,5912,US,0,1,5,64.04,0.81,0,0,0,0
30.7,13,5411,US,0,1,5,55.28,0.56,0,0,0,0
49.69,16,5311,US,0,0,2,59.72,0.83,0,0,0,0
28.89,8,4121,US,1,1,4,140.95,0.2,0,0,0,0
9.01,17,5812,US,0,1,2,118.26,0.08,0,0,0,0
56.39,11,5814,US,0,1,5,112.32,0.5,0,0,0,0
29.73,16,4121,US,1,3,6,123.69,0.24,0,0,0,0
15.09,17,5311,US,0,0,4,117.78,0.13,0,0,0,0
9.16,17,5814,US,0,1,3,143.84,0.06,0,0,0,0
58.32,12,4121,US,0,2,7,112.98,0.52,0,0,0,0
2252.46,4,5944,CY,1,6,7,46.82,48.11,1,1,1,1
48.37,23,5814,US,2,4,7,138.37,0.35,0,0,0,0
27.51,19,4121,US,0,0,1,116.85,0.24,0,0,0,0
35.16,11,5814,US,0,0,1,144.53,0.24,0,0,0,0
7203.16,4,5944,CN,3,6,8,81.79,88.07,1,1,1,1
67.56,15,5814,US,0,2,3,89.38,0.76,0,0,0,0
657.31,9,4829,GB,5,25,22,100.0,6.57,1,0,1,1
29.3,15,5311,US,0,1,1,85.25,0.34,0,0,0,0
47.96,13,5411,US,0,1,2,112.63,0.43,0,0,0,0
20.44,16,5411,US,1,2,5,136.65,0.15,0,0,0,0
186.23,19,5814,US,0,1,5,56.5,3.3,0,0,0,0
57.85,16,5812,DE,1,4,6,140.52,0.41,1,0,0,0
69.51,9,4121,US,0,1,5,102.66,0.68,0,0,0,0
2.07,15,5311,UA,8,10,23,87.72,0.02,1,0,0,1
107.87,14,5411,US,0,0,3,79.22,1.36,0,0,0,0
81.65,14,4121,US,0,2,5,51.21,1.59,0,0,0,0
56.82,20,5541,US,0,3,4,142.94,0.4,0,0,0,0
46.72,14,5912,US,1,1,3,67.19,0.7,0,0,0,0
83.52,17,5912,US,1,1,3,113.29,0.74,0,0,0,0
22.21,14,5814,US,0,1,3,124.99,0.18,0,0,0,0
50.87,8,5411,US,1,3,8,125.25,0.41,0,0,0,0
159.87,17,5541,US,0,1,3,56.92,2.81,0,0,0,0
32.77,8,5732,US,0,0,1,79.9,0.41,0,0,1,0
52.87,8,5311,US,0,1,6,58.4,0.91,0,0,0,0
19.48,14,5541,US,0,2,3,73.57,0.26,0,0,0,0
62.69,17,4121,US,0,1,6,81.96,0.76,0,0,0,0
59.4,9,4121,US,0,1,3,135.25,0.44,0,0,0,0
13.29,11,5311,US,0,1,3,139.62,0.1,0,0,0,0
115.81,11,5732,US,0,1,1,66.27,1.75,0,0,1,0
55.73,18,5814,US,0,2,5,141.45,0.39,0,0,0,0
50.21,12,5541,US,0,1,4,62.86,0.8,0,0,0,0
24.0,12,4121,US,0,2,5,83.26,0.29,0,0,0,0
331.29,9,5311,US,1,2,4,63.26,5.24,0,0,0,0
60.41,16,5814,US,0,1,3,80.36,0.75,0,0,0,0
34.94,16,4121,US,0,1,5,140.9,0.25,0,0,0,0
70.86,11,5732,US,0,0,1,86.91,0.82,0,0,1,0
42.33,10,5814,US,0,0,2,52.1,0.81,0,0,0,0
84.15,18,5912,US,1,5,7,79.9,1.05,0,0,0,0
76.42,14,4121,US,0,2,2,61.02,1.25,0,0,0,0
143.06,15,5912,US,0,1,2,81.22,1.76,0,0,0,0
28.97,8,5411,US,0,2,5,59.65,0.49,0,0,0,0
42.45,18,5814,US,0,1,3,103.07,0.41,0,0,0,0
108.04,13,5311,US,0,3,7,126.4,0.85,0,0,0,0
104.56,17,5812,US,0,0,3,103.78,1.01,0,0,0,0
37.04,11,5732,US,0,0,3,56.95,0.65,0,0,1,0
86.91,14,4121,US,1,4,8,97.4,0.89,0,0,0,0
33.73,7,5541,JP,0,0,3,112.99,0.3,1,0,0,0
10.59,19,5812,US,0,1,3,85.41,0.12,0,0,0,0
230.06,14,5814,US,0,2,5,83.46,2.76,0,0,0,0
150.03,7,5814,US,0,1,1,119.51,1.26,0,0,0,0
17.59,17,4121,US,1,1,4,51.1,0.34,0,0,0,0
47.5,22,5311,US,0,0,2,114.84,0.41,0,0,0,0
11.41,8,5541,US,1,1,1,108.12,0.11,0,0,0,0
17.8,12,5411,US,0,3,4,80.1,0.22,0,0,0,0
66.52,13,4121,US,0,0,5,65.95,1.01,0,0,0,0
34.2,14,5912,US,0,0,3,53.67,0.64,0,0,0,0
35.54,19,5912,US,1,1,2,79.64,0.45,0,0,0,0
25.98,18,4121,US,1,1,5,126.65,0.21,0,0,0,0
22.61,8,5411,US,0,1,3,142.58,0.16,0,0,0,0
65.76,18,5411,US,0,1,1,108.43,0.61,0,0,0,0
127.26,12,5812,US,0,1,3,88.28,1.44,0,0,0,0
30.29,11,5541,US,0,0,3,65.58,0.46,0,0,0,0
83.34,14,5814,US,0,0,4,109.17,0.76,0,0,0,0
21.21,18,5732,US,0,1,6,80.09,0.26,0,0,1,0
55.7,14,5912,US,0,1,4,128.15,0.43,0,0,0,0
23.1,7,5732,US,0,3,5,87.75,0.26,0,0,1,0
390.8,17,5411,US,0,0,3,103.07,3.79,0,0,0,0
113.69,15,5541,US,0,0,4,60.0,1.89,0,0,0,0
18.16,12,5411,US,0,1,6,62.84,0.29,0,0,0,0
80.28,15,5311,US,0,1,3,124.66,0.64,0,0,0,0
4.69,22,5541,US,0,0,4,87.94,0.05,0,0,0,0
147.17,11,5732,DE,0,1,4,106.84,1.38,1,0,1,0
8.09,11,5732,US,1,2,3,59.09,0.14,0,0,1,0
40.71,15,5912,US,0,1,1,111.59,0.36,0,0,0,0
21.25,17,4121,US,0,4,5,118.84,0.18,0,0,0,0
19.9,14,5541,US,0,1,3,78.41,0.25,0,0,0,0
117.07,17,4121,US,0,2,4,77.59,1.51,0,0,0,0
99.89,12,5411,US,0,1,4,138.13,0.72,0,0,0,0
42.99,17,4121,US,0,1,3,113.63,0.38,0,0,0,0
77.39,15,5814,US,0,0,2,53.03,1.46,0,0,0,0
67.06,16,5912,US,0,0,0,56.57,1.19,0,0,0,0
93.07,14,5541,US,0,3,6,145.7,0.64,0,0,0,0
39.65,12,5814,US,1,1,2,139.78,0.28,0,0,0,0
102.41,17,5311,US,2,2,3,66.43,1.54,0,0,0,0
15.61,15,5732,US,0,1,6,109.51,0.14,0,0,1,0
174.49,19,5311,US,0,0,4,80.26,2.17,0,0,0,0
37.23,9,5912,US,1,3,6,113.59,0.33,0,0,0,0
54.07,10,5541,US,0,1,2,146.39,0.37,0,0,0,0
43.71,10,5541,US,0,1,2,94.69,0.46,0,0,0,0
16.8,15,5311,US,0,0,4,95.05,0.18,0,0,0,0
20.63,9,5311,US,1,1,4,57.7,0.36,0,0,0,0
1.46,14,5311,UA,6,25,24,91.82,0.02,1,0,0,1
76.24,14,5311,CA,0,1,2,97.86,0.78,1,0,0,0
82.03,19,5311,US,0,1,3,105.51,0.78,0,0,0,0
65.83,17,5311,US,0,0,3,88.12,0.75,0,0,0,0
38.88,7,5912,US,2,2,4,147.85,0.26,0,0,0,0
72.81,11,4121,US,0,1,3,57.73,1.26,0,0,0,0
37.09,16,5732,US,0,1,4,145.85,0.25,0,0,1,0
747.76,13,5732,RO,10,19,21,62.24,12.01,1,0,1,1
63.42,18,5814,US,1,2,8,102.01,0.62,0,0,0,0
35.37,18,5411,US,0,0,3,93.34,0.38,0,0,0,0
6079.28,1,5732,RU,2,4,4,75.13,80.92,1,1,1,1
108.62,16,5311,US,0,1,1,60.19,1.8,0,0,0,0
46.5,15,5912,US,0,1,2,110.55,0.42,0,0,0,0
6180.87,5,5944,RU,3,4,10,48.46,127.55,1,1,1,1
89.96,16,5311,US,0,2,4,141.53,0.64,0,0,0,0
46.96,11,5814,GB,0,1,4,99.33,0.47,1,0,0,0
96.91,14,5814,US,0,0,3,109.91,0.88,0,0,0,0
32.56,15,4121,US,0,0,2,102.83,0.32,0,0,0,0
46.82,15,5814,US,0,2,4,56.98,0.82,0,0,0,0
100.51,13,5411,US,1,2,5,143.02,0.7,0,0,0,0
23.09,17,5411,US,1,1,2,119.24,0.19,0,0,0,0
915.6,13,5732,GB,9,24,18,68.28,13.41,1,0,1,1
28.41,11,5732,US,0,0,1,91.46,0.31,0,0,1,0
172.95,9,5912,US,1,2,5,94.77,1.82,0,0,0,0
378.42,11,5411,US,0,1,3,62.9,6.02,0,0,0,0
121.91,15,5732,US,0,0,3,74.57,1.63,0,0,1,0
63.02,15,5311,US,1,3,5,124.99,0.5,0,0,0,0
23.85,17,5812,US,0,0,0,102.36,0.23,0,0,0,0
22.58,15,5812,US,0,0,0,119.54,0.19,0,0,0,0
38.0,13,5812,US,0,0,1,119.37,0.32,0,0,0,0
18.19,9,5311,US,0,0,1,141.37,0.13,0,0,0,0
7497.79,2,5732,US,1,5,7,75.7,99.05,0,1,1,1
38.22,8,4121,US,2,4,7,70.08,0.55,0,0,0,0
41.61,19,5541,US,0,0,4,121.98,0.34,0,0,0,0
103.43,19,5732,US,0,0,3,61.14,1.69,0,0,1,0
48.01,12,5411,US,1,3,3,67.09,0.72,0,0,0,0
118.6,10,5912,US,0,5,7,69.77,1.7,0,0,0,0
272.49,11,4829,GB,7,13,22,82.42,3.31,1,0,1,1
40.43,13,4121,US,0,0,2,131.66,0.31,0,0,0,0
28.71,16,5812,GB,0,1,3,100.69,0.29,1,0,0,0
21.31,13,5541,US,0,2,6,72.61,0.29,0,0,0,0
799.95,8,6051,US,5,13,31,91.78,8.72,0,0,1,1
56.01,16,5912,US,0,0,2,136.01,0.41,0,0,0,0
76.49,15,5912,US,0,1,5,116.47,0.66,0,0,0,0
36.07,8,5311,US,0,0,4,135.84,0.27,0,0,0,0
47.23,12,5812,US,0,0,2,82.16,0.57,0,0,0,0
41.52,20,5814,FR,1,2,5,118.32,0.35,1,0,0,0
45.84,18,4121,US,0,1,4,73.94,0.62,0,0,0,0
35.01,8,5732,US,2,2,4,59.14,0.59,0,0,1,0
25.58,13,5541,US,1,1,3,121.76,0.21,0,0,0,0
37.06,9,5912,US,2,3,4,119.53,0.31,0,0,0,0
73.79,5,4121,US,0,0,4,67.71,1.09,0,1,0,0
48.25,9,4121,US,0,1,3,56.89,0.85,0,0,0,0
43.36,19,5311,US,0,2,6,97.66,0.44,0,0,0,0
13.72,4,5732,US,1,3,5,90.64,0.15,0,1,1,0
56.62,7,5732,DE,0,0,4,61.79,0.92,1,0,1,0
44.35,10,5541,GB,0,2,4,146.9,0.3,1,0,0,0
96.56,21,5411,US,0,0,4,135.5,0.71,0,0,0,0
47.75,17,5814,US,1,1,5,73.93,0.65,0,0,0,0
115.44,14,5541,US,0,1,3,141.67,0.81,0,0,0,0
83.67,15,5912,US,1,3,5,123.89,0.68,0,0,0,0
90.24,18,4121,US,2,4,5,138.24,0.65,0,0,0,0
254.99,9,5541,US,0,3,4,89.91,2.84,0,0,0,0
76.28,7,5912,US,0,0,2,74.63,1.02,0,0,0,0
98.86,20,5732,US,0,2,3,145.19,0.68,0,0,1,0
5.04,7,5814,US,0,0,4,119.77,0.04,0,0,0,0
39.15,7,5311,US,1,3,9,148.44,0.26,0,0,0,0
32.43,7,5411,US,0,0,5,83.31,0.39,0,0,0,0
84.25,13,4121,US,0,1,3,89.15,0.95,0,0,0,0
9.13,9,5814,US,0,0,3,103.55,0.09,0,0,0,0
17.64,9,5411,US,0,1,4,102.13,0.17,0,0,0,0
157.62,12,5311,US,0,1,5,108.26,1.46,0,0,0,0
14.15,8,4121,US,0,1,1,103.66,0.14,0,0,0,0
263.99,17,5541,US,0,1,1,135.61,1.95,0,0,0,0
271.21,10,5732,US,1,1,3,68.56,3.96,0,0,1,0
20.85,8,5411,US,0,1,2,113.37,0.18,0,0,0,0
25.81,18,5814,US,1,3,7,84.04,0.31,0,0,0,0
32.13,18,5732,US,0,0,3,135.73,0.24,0,0,1,0
62.47,11,5812,US,0,0,2,53.3,1.17,0,0,0,0
47.84,15,5812,US,0,1,4,126.66,0.38,0,0,0,0
351.65,18,5311,US,0,1,1,112.48,3.13,0,0,0,0
44.4,16,5912,US,0,0,3,73.15,0.61,0,0,0,0
10.5,7,5732,US,0,1,4,98.8,0.11,0,0,1,0
205.45,11,5411,US,1,3,7,145.61,1.41,0,0,0,0
104.05,15,5311,US,0,1,2,114.81,0.91,0,0,0,0
36.49,12,5311,US,0,1,4,136.78,0.27,0,0,0,0
23.88,13,5912,FR,0,1,5,97.63,0.24,1,0,0,0
80.46,7,5541,US,2,3,5,126.93,0.63,0,0,0,0
33.48,6,5812,US,0,1,3,112.33,0.3,0,0,0,0
15.64,17,5912,US,2,3,4,84.78,0.18,0,0,0,0
42.91,17,5912,US,0,1,4,101.52,0.42,0,0,0,0
29.59,12,5912,US,1,1,3,51.66,0.57,0,0,0,0
133.73,17,4121,US,0,0,3,137.01,0.98,0,0,0,0
380.56,17,5541,US,0,0,0,98.69,3.86,0,0,0,0
52.15,18,5912,US,1,2,3,87.86,0.59,0,0,0,0
21.22,8,5732,JP,1,2,6,123.93,0.17,1,0,1,0
42.14,7,5411,US,0,3,6,132.09,0.32,0,0,0,0
15.51,15,5411,US,1,2,3,61.21,0.25,0,0,0,0
30.93,16,5814,US,0,1,3,77.58,0.4,0,0,0,0
36.83,14,5541,US,1,1,3,115.57,0.32,0,0,0,0
284.46,13,5732,US,0,1,3,141.56,2.01,0,0,1,0
272.68,14,5732,US,0,1,3,81.11,3.36,0,0,1,0
32.41,15,5541,US,0,3,7,86.52,0.37,0,0,0,0
56.06,13,5411,US,0,1,5,147.74,0.38,0,0,0,0
224.96,13,5812,US,0,2,5,60.52,3.72,0,0,0,0
31.16,14,4121,US,1,1,2,121.8,0.26,0,0,0,0
37.4,19,5812,US,0,2,4,69.34,0.54,0,0,0,0
143.67,8,4121,US,0,0,1,148.68,0.97,0,0,0,0
179.28,12,5814,US,0,0,2,80.08,2.24,0,0,0,0
13.09,17,5411,US,0,0,4,122.08,0.11,0,0,0,0
135.35,13,5732,US,0,0,2,108.11,1.25,0,0,1,0
23.47,13,5311,US,2,3,7,97.38,0.24,0,0,0,0
55.73,14,5541,US,0,1,4,141.62,0.39,0,0,0,0
105.62,13,5541,US,0,0,2,107.23,0.98,0,0,0,0
14.07,14,5812,US,0,1,5,78.65,0.18,0,0,0,0
59.11,8,5814,US,0,0,2,132.71,0.45,0,0,0,0
430.26,1,5944,US,6,11,29,49.96,8.61,0,1,1,1
42.98,10,5311,US,0,0,2,93.05,0.46,0,0,0,0
89.98,12,5912,CA,0,0,2,67.19,1.34,1,0,0,0
52.3,11,5732,US,0,0,2,139.06,0.38,0,0,1,0
67.56,18,5812,US,0,0,5,143.54,0.47,0,0,0,0
28.69,19,5311,US,1,1,3,126.84,0.23,0,0,0,0
32.24,7,5912,US,0,2,4,144.09,0.22,0,0,0,0
62.75,15,5311,US,0,1,5,136.62,0.46,0,0,0,0
69.67,11,5411,US,0,1,3,136.61,0.51,0,0,0,0
40.38,17,5812,US,0,0,5,63.65,0.63,0,0,0,0
25.05,10,5912,US,0,0,1,79.3,0.32,0,0,0,0
237.73,18,5912,US,0,2,3,69.31,3.43,0,0,0,0
20.9,13,5541,US,0,0,2,146.18,0.14,0,0,0,0
38.3,6,5311,US,1,2,3,104.1,0.37,0,0,0,0
111.65,7,4121,US,0,2,4,149.73,0.75,0,0,0,0
10.27,13,5411,US,0,2,4,100.83,0.1,0,0,0,0
0.97,18,5311,US,8,20,31,75.46,0.01,0,0,0,1
47.11,11,5311,US,0,1,5,117.33,0.4,0,0,0,0
46.58,5,5812,US,0,1,2,78.05,0.6,0,1,0,0
93.94,19,5732,US,0,1,2,120.39,0.78,0,0,1,0
42.01,13,5541,US,0,1,1,138.41,0.3,0,0,0,0
29.27,19,5311,CA,0,0,1,113.33,0.26,1,0,0,0
79.81,14,5812,US,0,0,1,53.59,1.49,0,0,0,0
51.7,14,5812,US,0,1,2,87.14,0.59,0,0,0,0
168.95,6,5812,US,0,1,3,125.29,1.35,0,0,0,0
24.24,20,5814,US,0,0,3,147.82,0.16,0,0,0,0
7779.75,5,5944,CN,3,3,9,83.81,92.83,1,1,1,1
65.09,10,5311,US,0,1,6,82.57,0.79,0,0,0,0
98.42,16,5311,US,0,1,2,67.09,1.47,0,0,0,0
10.77,6,5814,US,0,1,3,82.6,0.13,0,0,0,0
41.02,6,5912,US,0,0,3,64.97,0.63,0,0,0,0
15.32,8,5411,DE,0,1,3,122.2,0.13,1,0,0,0
52.22,12,5411,JP,0,0,3,61.43,0.85,1,0,0,0
140.99,17,5812,US,2,3,7,135.79,1.04,0,0,0,0
95.65,14,5912,US,0,1,2,105.56,0.91,0,0,0,0
112.76,7,5311,US,0,1,3,67.92,1.66,0,0,0,0
66.22,13,5732,US,0,0,4,117.17,0.57,0,0,1,0
36.14,13,5814,US,0,0,3,147.87,0.24,0,0,0,0
7338.72,4,5732,US,3,3,10,85.21,86.13,0,1,1,1
33.87,18,5912,US,0,0,4,90.34,0.37,0,0,0,0
21.63,12,5541,US,0,1,5,130.52,0.17,0,0,0,0
89.3,8,5814,US,1,4,8,52.57,1.7,0,0,0,0
40.71,11,4121,US,0,0,5,124.83,0.33,0,0,0,0
108.3,9,5541,US,0,0,2,129.32,0.84,0,0,0,0
226.32,4,5812,US,0,0,1,55.61,4.07,0,1,0,0
59.03,5,4121,US,2,2,4,59.58,0.99,0,1,0,0
55.18,18,5812,CA,0,2,3,53.85,1.02,1,0,0,0
141.3,19,4121,US,0,0,1,78.11,1.81,0,0,0,0
0.69,16,5311,US,6,10,17,66.18,0.01,0,0,0,1
286.82,8,5311,US,0,0,0,50.23,5.71,0,0,0,0
124.12,14,4121,FR,0,1,2,101.75,1.22,1,0,0,0
20.26,19,5912,US,0,0,0,93.04,0.22,0,0,0,0
63.62,16,5812,US,1,2,5,122.1,0.52,0,0,0,0
133.95,13,5912,US,0,0,2,54.53,2.46,0,0,0,0
63.17,13,5411,US,1,2,4,103.06,0.61,0,0,0,0
444.65,18,5311,US,0,1,3,78.0,5.7,0,0,0,0
30.78,17,5311,FR,0,2,4,77.16,0.4,1,0,0,0
31.13,15,5912,US,0,3,8,94.35,0.33,0,0,0,0
33.96,11,5411,US,1,2,3,75.11,0.45,0,0,0,0
13.67,16,5732,US,0,1,4,124.27,0.11,0,0,1,0
19.07,13,5812,US,1,2,2,86.04,0.22,0,0,0,0
206.73,11,4121,US,0,1,4,103.29,2.0,0,0,0,0
130.0,7,4121,US,0,0,0,98.72,1.32,0,0,0,0
172.78,12,5812,US,1,1,6,74.58,2.32,0,0,0,0
72.41,16,5311,US,0,1,3,54.05,1.34,0,0,0,0
44.95,14,5732,US,0,1,3,140.92,0.32,0,0,1,0
125.54,13,5814,US,1,2,5,114.12,1.1,0,0,0,0
15.98,16,5311,US,0,0,2,103.01,0.16,0,0,0,0
19.29,18,5814,US,1,3,7,52.79,0.37,0,0,0,0
40.99,15,5732,US,0,0,5,114.14,0.36,0,0,1,0
56.69,13,5812,US,0,0,2,124.91,0.45,0,0,0,0
89.7,18,5814,US,0,1,2,88.54,1.01,0,0,0,0
51.77,11,5411,US,0,1,5,135.33,0.38,0,0,0,0
21.76,17,5541,US,0,3,3,68.79,0.32,0,0,0,0
18.49,15,5912,US,0,1,3,80.1,0.23,0,0,0,0
10.21,10,5311,US,0,0,5,141.71,0.07,0,0,0,0
141.12,14,5814,US,0,4,6,65.08,2.17,0,0,0,0
231.13,9,5812,US,0,0,3,77.37,2.99,0,0,0,0
48.25,5,5541,US,0,0,1,74.34,0.65,0,1,0,0
11.86,16,5411,US,0,0,3,141.03,0.08,0,0,0,0
17.03,18,5912,US,0,1,4,96.05,0.18,0,0,0,0
55.41,17,5814,US,2,2,4,74.6,0.74,0,0,0,0
24.93,19,5732,US,0,1,4,90.92,0.27,0,0,1,0
26.43,18,5311,US,0,0,2,80.95,0.33,0,0,0,0
2635.01,2,5944,CN,3,2,12,54.95,47.95,1,1,1,1
6.85,16,5311,US,1,2,5,99.12,0.07,0,0,0,0
84.72,9,5814,US,0,0,6,53.3,1.59,0,0,0,0
54.98,9,5912,FR,0,2,4,52.0,1.06,1,0,0,0
52.88,7,5812,US,0,1,2,93.12,0.57,0,0,0,0
23.4,11,4121,US,0,2,5,75.27,0.31,0,0,0,0
170.48,17,5812,US,1,6,8,100.88,1.69,0,0,0,0
358.01,14,7995,GB,6,10,18,67.18,5.33,1,0,1,1
59.4,17,5411,US,0,2,4,99.88,0.59,0,0,0,0
89.99,14,5814,US,0,0,0,148.09,0.61,0,0,0,0
32.5,17,5912,US,0,0,0,102.66,0.32,0,0,0,0
20.39,20,5814,US,0,0,3,138.35,0.15,0,0,0,0
83.2,8,5814,US,0,0,6,74.36,1.12,0,0,0,0
14.6,16,5411,US,0,2,4,53.76,0.27,0,0,0,0
173.64,19,5311,US,0,0,1,141.81,1.22,0,0,0,0
71.66,12,5311,US,0,1,3,113.47,0.63,0,0,0,0
18.97,11,5812,US,0,1,3,63.64,0.3,0,0,0,0
9.77,11,5541,US,0,0,0,109.76,0.09,0,0,0,0
55.19,12,5812,US,0,1,3,102.43,0.54,0,0,0,0
78.25,13,4121,US,0,0,0,82.9,0.94,0,0,0,0
81.37,19,5541,US,0,0,4,119.88,0.68,0,0,0,0
59.6,17,5541,DE,0,0,2,51.12,1.17,1,0,0,0
145.31,11,5912,US,0,0,2,69.48,2.09,0,0,0,0
2885.28,16,5944,RU,4,6,7,93.85,30.74,1,0,1,1
69.55,9,5732,US,1,1,6,144.89,0.48,0,0,1,0
33.39,10,5311,US,0,2,6,99.81,0.33,0,0,0,0
28.99,11,5912,US,0,1,2,65.34,0.44,0,0,0,0
91.9,8,5812,US,0,0,0,110.8,0.83,0,0,0,0
60.47,14,4121,US,2,4,6,131.98,0.46,0,0,0,0
120.19,10,5411,US,0,0,1,145.5,0.83,0,0,0,0
109.82,15,5311,US,1,2,6,83.94,1.31,0,0,0,0
44.18,10,5411,US,0,0,2,141.31,0.31,0,0,0,0
23.17,12,5732,US,1,3,6,109.78,0.21,0,0,1,0
29.55,7,5812,US,0,1,2,129.0,0.23,0,0,0,0
7582.3,1,6051,CY,3,6,4,92.66,81.83,1,1,1,1
13.95,16,5311,US,0,1,5,74.08,0.19,0,0,0,0
36.84,21,4121,US,0,0,0,105.05,0.35,0,0,0,0
73.03,14,5814,US,0,3,3,98.27,0.74,0,0,0,0
28.24,15,5812,US,0,0,4,74.8,0.38,0,0,0,0
73.32,14,4121,US,0,0,2,146.15,0.5,0,0,0,0
213.03,8,5541,US,0,0,2,88.84,2.4,0,0,0,0
26.19,12,5812,US,0,1,2,128.88,0.2,0,0,0,0
10.26,15,5814,US,0,2,3,92.37,0.11,0,0,0,0
40.26,13,5812,US,0,1,1,102.08,0.39,0,0,0,0
60.16,16,5812,US,0,1,7,142.43,0.42,0,0,0,0
17.05,10,5812,US,0,2,5,121.5,0.14,0,0,0,0
42.45,13,5812,US,1,2,3,56.25,0.75,0,0,0,0
92.08,13,5732,US,0,1,3,52.27,1.76,0,0,1,0
30.61,8,5814,US,0,2,5,55.79,0.55,0,0,0,0
201.56,15,5812,US,0,1,1,123.53,1.63,0,0,0,0
904.84,8,6051,US,10,22,40,78.9,11.47,0,0,1,1
17.6,11,5812,US,0,0,3,130.28,0.14,0,0,0,0
129.94,13,5812,US,0,1,5,63.86,2.03,0,0,0,0
422.28,7,6051,GB,4,13,26,56.97,7.41,1,0,1,1
25.1,16,5311,US,1,1,4,50.82,0.49,0,0,0,0
46.15,23,5814,US,0,0,4,105.25,0.44,0,0,0,0
80.46,12,5814,US,0,3,4,78.66,1.02,0,0,0,0
22.78,12,5814,US,0,1,5,133.54,0.17,0,0,0,0
123.09,9,5814,US,1,1,3,73.96,1.66,0,0,0,0
34.42,17,5411,US,2,3,5,106.19,0.32,0,0,0,0
28.59,17,5814,US,0,1,1,82.58,0.35,0,0,0,0
55.88,9,5541,US,0,2,4,92.46,0.6,0,0,0,0
159.7,8,5912,CA,1,1,1,74.72,2.14,1,0,0,0
42.62,16,5912,US,0,0,2,96.62,0.44,0,0,0,0
21.53,6,5912,US,0,2,2,80.82,0.27,0,0,0,0
181.42,18,5311,US,0,1,2,75.43,2.41,0,0,0,0
24.54,13,5812,US,0,0,6,81.2,0.3,0,0,0,0
47.74,14,5912,US,0,1,2,90.7,0.53,0,0,0,0
12.12,13,5814,US,0,2,2,55.54,0.22,0,0,0,0
37.42,11,5912,US,0,0,2,57.88,0.65,0,0,0,0
44.32,17,5541,US,1,1,3,84.77,0.52,0,0,0,0
4487.13,5,6051,NG,3,2,10,47.15,95.17,1,1,1,1
63.45,9,5912,US,0,1,3,124.46,0.51,0,0,0,0
9.9,15,5411,US,0,0,1,133.86,0.07,0,0,0,0
73.79,19,5814,US,0,1,5,132.29,0.56,0,0,0,0
26.69,15,4121,US,0,1,3,67.15,0.4,0,0,0,0
7.6,11,5541,US,1,1,7,108.51,0.07,0,0,0,0
115.58,23,5311,US,1,1,3,132.23,0.87,0,0,0,0
40.82,18,4121,US,0,0,3,120.8,0.34,0,0,0,0
134.44,10,5732,US,0,1,2,147.17,0.91,0,0,1,0
18.28,4,5311,US,0,1,2,130.69,0.14,0,1,0,0
25.13,11,5812,US,0,0,3,134.74,0.19,0,0,0,0
37.06,11,5541,US,0,0,3,138.43,0.27,0,0,0,0
27.17,16,5541,US,0,0,2,139.58,0.19,0,0,0,0
45.17,14,5912,US,0,1,6,96.3,0.47,0,0,0,0
34.45,10,5541,US,0,2,4,126.06,0.27,0,0,0,0
82.76,21,4121,US,0,0,5,83.31,0.99,0,0,0,0
37.91,16,5541,US,1,1,2,60.37,0.63,0,0,0,0
85.3,11,4121,US,0,0,3,68.64,1.24,0,0,0,0
19.51,16,5541,US,0,0,3,114.47,0.17,0,0,0,0
129.36,19,5814,US,0,0,2,81.59,1.59,0,0,0,0
72.69,20,5814,US,0,0,3,111.79,0.65,0,0,0,0
3.22,23,5411,US,1,1,3,144.16,0.02,0,0,0,0
63.19,13,5812,US,0,2,4,77.65,0.81,0,0,0,0
23.08,5,5812,US,0,0,2,122.07,0.19,0,1,0,0
197.15,9,5814,US,1,2,3,107.26,1.84,0,0,0,0
17.85,16,5814,US,0,0,2,141.37,0.13,0,0,0,0
24.72,18,5814,FR,0,0,3,88.23,0.28,1,0,0,0
31.95,11,5814,US,0,0,6,63.86,0.5,0,0,0,0
12.9,18,5311,US,0,0,1,100.22,0.13,0,0,0,0
27.68,12,5732,US,1,2,5,102.45,0.27,0,0,1,0
133.85,12,5411,US,0,3,5,144.51,0.93,0,0,0,0
67.24,11,5912,US,0,1,1,118.41,0.57,0,0,0,0
27.56,13,5732,US,0,1,5,106.24,0.26,0,0,1,0
61.7,13,5912,US,0,0,5,132.49,0.47,0,0,0,0
41.06,23,5541,US,0,3,5,130.38,0.31,0,0,0,0
108.92,10,5912,US,0,0,5,77.96,1.4,0,0,0,0
209.96,18,6051,US,9,23,21,56.54,3.71,0,0,1,1
14.4,14,5812,US,0,0,2,87.62,0.16,0,0,0,0
26.61,11,5732,US,0,2,2,149.5,0.18,0,0,1,0
47.2,13,5411,US,0,2,4,144.32,0.33,0,0,0,0
46.08,23,5814,US,0,1,3,52.46,0.88,0,0,0,0
208.2,20,4121,US,0,0,2,96.68,2.15,0,0,0,0
102.18,14,5732,US,0,2,3,130.78,0.78,0,0,1,0
30.62,17,5411,US,1,2,7,87.23,0.35,0,0,0,0
19.37,13,5812,US,0,0,6,117.71,0.16,0,0,0,0
75.78,20,5732,US,0,2,3,113.15,0.67,0,0,1,0
24.71,7,5812,US,0,1,2,80.22,0.31,0,0,0,0
45.37,15,5814,US,0,0,3,120.32,0.38,0,0,0,0
76.4,5,5311,US,0,0,0,85.25,0.9,0,1,0,0
6.93,12,5411,US,3,4,6,56.02,0.12,0,0,0,0
49.75,10,5311,CA,0,2,6,83.95,0.59,1,0,0,0
46.5,10,5311,US,0,0,1,92.57,0.5,0,0,0,0
30.62,11,5912,US,0,3,8,87.14,0.35,0,0,0,0
31.6,9,5814,US,0,0,3,59.0,0.54,0,0,0,0
72.65,20,5814,US,0,1,1,94.1,0.77,0,0,0,0
3644.02,3,5944,NG,2,4,9,93.24,39.08,1,1,1,1
72.14,17,5814,US,1,1,3,65.78,1.1,0,0,0,0
155.46,9,5311,US,0,0,5,142.18,1.09,0,0,0,0
62.51,14,5912,US,0,1,4,130.27,0.48,0,0,0,0
40.48,12,5411,US,0,0,2,63.53,0.64,0,0,0,0
107.03,21,5541,US,0,1,1,145.98,0.73,0,0,0,0
10.19,4,5812,US,1,2,4,126.36,0.08,0,1,0,0
317.23,14,5814,US,0,0,3,113.24,2.8,0,0,0,0
40.85,13,4121,US,0,0,1,62.32,0.66,0,0,0,0
50.46,11,5732,US,1,3,5,147.37,0.34,0,0,1,0
15.32,20,5814,US,0,0,1,93.55,0.16,0,0,0,0
4.74,9,5541,US,0,0,4,50.58,0.09,0,0,0,0
135.0,9,5912,US,0,1,5,97.11,1.39,0,0,0,0
67.66,14,5812,US,0,0,3,124.19,0.54,0,0,0,0
32.69,8,5732,US,0,1,2,133.43,0.24,0,0,1,0
375.87,10,5411,US,1,2,3,102.62,3.66,0,0,0,0
17.17,14,4121,US,0,0,3,110.42,0.16,0,0,0,0
20.07,20,4121,US,0,1,7,146.56,0.14,0,0,0,0
46.77,12,4121,US,0,0,0,149.98,0.31,0,0,0,0
9.91,18,5732,US,0,0,2,117.18,0.08,0,0,1,0
47.46,21,5912,US,0,1,2,104.62,0.45,0,0,0,0
58.95,10,5912,US,0,1,6,146.69,0.4,0,0,0,0
44.86,16,5812,US,0,3,4,120.63,0.37,0,0,0,0
27.11,15,5912,US,0,1,4,57.47,0.47,0,0,0,0
23.83,13,5311,US,0,0,7,130.94,0.18,0,0,0,0
37.1,15,5541,US,0,1,6,94.46,0.39,0,0,0,0
23.71,17,5541,US,1,3,5,135.07,0.18,0,0,0,0
172.4,11,5814,US,0,1,5,53.42,3.23,0,0,0,0
181.82,14,4121,US,0,0,2,97.6,1.86,0,0,0,0
66.69,4,4121,US,0,0,0,122.98,0.54,0,1,0,0
27.51,15,5411,US,0,0,1,74.08,0.37,0,0,0,0
3.13,2,5311,NG,8,12,22,41.11,0.08,1,1,0,1
109.11,16,5812,US,1,3,3,64.71,1.69,0,0,0,0
56.8,11,5814,US,1,4,7,141.66,0.4,0,0,0,0
24.34,16,5411,US,0,0,2,102.94,0.24,0,0,0,0
31.43,13,5411,US,0,0,1,70.95,0.44,0,0,0,0
21.96,20,5732,US,0,0,5,56.65,0.39,0,0,1,0
64.46,16,5541,US,1,2,4,148.19,0.43,0,0,0,0
78.76,13,5912,US,0,0,2,110.13,0.72,0,0,0,0
75.75,17,4121,US,0,0,4,80.89,0.94,0,0,0,0
27.52,15,5411,US,0,0,2,63.55,0.43,0,0,0,0
26.34,8,5311,US,0,1,2,146.3,0.18,0,0,0,0
73.07,17,5411,US,0,0,1,111.84,0.65,0,0,0,0
3.31,0,5311,NG,6,29,20,42.58,0.08,1,1,0,1
18.96,16,4121,US,1,1,3,58.74,0.32,0,0,0,0
36.53,9,5814,US,0,0,0,109.88,0.33,0,0,0,0
55.24,15,5812,US,1,3,5,59.41,0.93,0,0,0,0
91.41,13,5814,US,0,3,5,112.46,0.81,0,0,0,0
7.19,16,4121,US,0,1,3,93.62,0.08,0,0,0,0
12.66,17,5411,US,1,2,2,60.02,0.21,0,0,0,0
30.26,4,5732,US,0,1,5,56.45,0.54,0,1,1,0
23.42,12,5732,US,0,3,5,89.93,0.26,0,0,1,0
87.8,13,5912,US,0,0,2,130.18,0.67,0,0,0,0
16.75,22,5912,US,0,1,5,122.59,0.14,0,0,0,0
15.45,14,5812,US,0,0,4,147.39,0.1,0,0,0,0
59.48,19,5814,US,0,2,3,99.84,0.6,0,0,0,0
16.23,15,5311,US,0,0,2,96.9,0.17,0,0,0,0
15.02,15,5814,GB,1,1,3,109.82,0.14,1,0,0,0
48.73,8,5732,US,0,0,0,72.87,0.67,0,0,1,0
97.59,10,5541,US,0,2,4,142.97,0.68,0,0,0,0
110.54,22,4121,US,0,2,4,84.89,1.3,0,0,0,0
78.12,7,5311,US,0,3,6,121.65,0.64,0,0,0,0
16.97,8,5541,US,0,1,2,116.0,0.15,0,0,0,0
53.17,15,5311,US,0,0,2,138.8,0.38,0,0,0,0
13.09,15,5912,US,1,2,5,110.07,0.12,0,0,0,0
51.62,11,4121,US,1,1,4,113.64,0.45,0,0,0,0
100.03,13,5411,US,0,0,4,124.8,0.8,0,0,0,0
172.37,11,4121,US,0,0,2,78.68,2.19,0,0,0,0
28.63,10,5541,US,0,0,4,114.35,0.25,0,0,0,0
42.7,16,5311,US,0,0,5,97.85,0.44,0,0,0,0
40.85,11,5812,US,1,1,2,119.65,0.34,0,0,0,0
5.29,12,5732,US,0,0,4,60.27,0.09,0,0,1,0
80.99,23,5541,JP,1,2,4,105.97,0.76,1,0,0,0
37.18,13,5814,US,0,0,6,82.36,0.45,0,0,0,0
61.92,7,5732,US,0,0,2,54.57,1.13,0,0,1,0
20.87,10,4121,US,0,0,4,52.24,0.4,0,0,0,0
24.81,14,4121,US,0,0,2,73.05,0.34,0,0,0,0
64.35,12,4121,US,0,0,3,52.94,1.22,0,0,0,0
57.54,17,4121,US,0,0,0,68.29,0.84,0,0,0,0
211.15,13,5814,US,0,0,0,137.8,1.53,0,0,0,0
6.68,7,5812,US,0,0,4,88.87,0.08,0,0,0,0
168.29,9,5541,US,0,1,6,111.31,1.51,0,0,0,0
42.89,22,5411,US,0,2,5,72.11,0.59,0,0,0,0
150.12,17,5814,US,0,0,4,111.85,1.34,0,0,0,0
80.95,11,5732,US,0,1,2,97.57,0.83,0,0,1,0
120.28,17,5411,US,0,2,8,110.02,1.09,0,0,0,0
251.55,17,5912,US,0,1,5,95.16,2.64,0,0,0,0
3.97,5,5912,US,1,1,3,81.36,0.05,0,1,0,0
16.91,16,5732,US,0,0,5,133.54,0.13,0,0,1,0
60.34,14,5912,US,0,0,0,93.6,0.64,0,0,0,0
6.21,18,5541,US,0,4,6,139.16,0.04,0,0,0,0
64.69,12,5912,US,0,3,4,101.78,0.64,0,0,0,0
61.68,15,5912,US,0,0,1,71.35,0.86,0,0,0,0
36.11,13,5311,US,0,2,3,146.05,0.25,0,0,0,0
50.06,10,5814,US,1,3,3,52.14,0.96,0,0,0,0
20.85,20,5912,US,0,1,5,77.68,0.27,0,0,0,0
88.82,18,5732,US,2,2,2,100.26,0.89,0,0,1,0
17.43,14,5912,US,1,2,7,105.6,0.17,0,0,0,0
50.57,15,4121,US,0,0,1,113.03,0.45,0,0,0,0
61.48,16,5814,US,0,0,3,85.14,0.72,0,0,0,0
52.69,4,5541,US,0,1,3,121.73,0.43,0,1,0,0
32.32,19,5814,US,0,0,1,123.85,0.26,0,0,0,0
59.74,8,5812,US,0,0,4,95.65,0.62,0,0,0,0
19.18,19,4121,US,0,0,2,104.77,0.18,0,0,0,0
27.49,18,5311,US,1,1,3,139.95,0.2,0,0,0,0
23.13,13,4121,US,1,2,7,53.65,0.43,0,0,0,0
69.72,22,5732,US,0,1,1,137.39,0.51,0,0,1,0
2.12,19,5311,US,5,25,26,92.86,0.02,0,0,0,1
18.75,8,5814,US,0,2,6,85.69,0.22,0,0,0,0
46.54,11,5912,US,0,0,5,98.49,0.47,0,0,0,0
55.99,6,5812,US,0,2,5,70.91,0.79,0,0,0,0
104.16,14,5541,US,0,0,3,140.7,0.74,0,0,0,0
70.63,12,5311,US,0,1,5,145.17,0.49,0,0,0,0
149.43,11,5814,US,0,0,2,132.95,1.12,0,0,0,0
121.77,15,5311,US,0,1,6,123.98,0.98,0,0,0,0
94.65,14,5814,DE,2,3,6,144.38,0.66,1,0,0,0
37.31,15,5812,US,0,0,2,115.66,0.32,0,0,0,0
18.53,9,5411,DE,0,0,5,111.46,0.17,1,0,0,0
245.58,13,5311,US,0,2,3,145.63,1.69,0,0,0,0
84.79,16,5814,CA,0,2,5,147.18,0.58,1,0,0,0
9.65,19,5912,US,0,3,5,103.51,0.09,0,0,0,0
24.05,18,5732,US,0,0,2,113.07,0.21,0,0,1,0
44.48,13,5732,US,1,4,7,99.36,0.45,0,0,1,0
61.4,11,5411,US,0,0,2,141.03,0.44,0,0,0,0
122.25,14,4121,US,0,0,3,66.05,1.85,0,0,0,0
16.8,17,4121,US,0,1,1,52.83,0.32,0,0,0,0
38.85,13,5814,US,0,2,6,102.76,0.38,0,0,0,0
31.4,11,5411,US,0,1,6,138.9,0.23,0,0,0,0
56.94,15,5311,US,2,2,4,90.45,0.63,0,0,0,0
31.88,21,5812,US,1,1,3,98.79,0.32,0,0,0,0
45.38,10,5541,US,0,0,1,54.38,0.83,0,0,0,0
113.2,6,5812,US,0,0,1,113.38,1.0,0,0,0,0
17.14,23,5812,US,0,1,3,99.06,0.17,0,0,0,0
116.67,16,5311,US,0,0,2,123.24,0.95,0,0,0,0
47.39,16,5541,US,0,1,2,79.28,0.6,0,0,0,0
4.02,22,5732,US,0,1,6,75.94,0.05,0,0,1,0
74.02,13,5732,US,1,3,5,135.07,0.55,0,0,1,0
184.84,15,5411,US,0,2,5,76.61,2.41,0,0,0,0
908.87,20,5732,NG,2,4,6,69.85,13.01,1,0,1,1
69.12,11,5311,US,0,2,6,95.61,0.72,0,0,0,0
355.88,15,4121,US,0,1,2,55.0,6.47,0,0,0,0
99.72,9,5812,US,0,2,4,65.14,1.53,0,0,0,0
17.01,16,5814,US,1,1,4,134.95,0.13,0,0,0,0
42.57,12,4121,US,0,0,5,149.15,0.29,0,0,0,0
25.27,8,5411,US,0,2,4,126.2,0.2,0,0,0,0
103.27,13,5812,US,0,0,3,85.74,1.2,0,0,0,0
45.08,20,4121,US,0,0,2,119.66,0.38,0,0,0,0
97.41,17,4121,US,1,1,2,102.85,0.95,0,0,0,0
146.18,10,5814,US,0,0,2,93.38,1.57,0,0,0,0
78.03,16,5812,US,0,0,1,124.17,0.63,0,0,0,0
54.26,21,5814,US,0,1,4,127.56,0.43,0,0,0,0
40.08,17,5311,US,0,1,3,131.86,0.3,0,0,0,0
44.69,12,5814,US,0,1,4,79.33,0.56,0,0,0,0
48.87,16,5732,GB,0,1,3,148.55,0.33,1,0,1,0
2.08,1,5311,US,13,13,44,85.2,0.02,0,1,0,1
67.12,22,5311,US,0,0,4,58.29,1.15,0,0,0,0
122.55,15,5814,US,0,0,2,94.71,1.29,0,0,0,0
38.01,14,5311,US,0,2,2,135.2,0.28,0,0,0,0
139.5,14,5732,US,0,2,5,105.95,1.32,0,0,1,0
14.86,16,5311,US,0,0,0,93.84,0.16,0,0,0,0
61.24,16,5732,US,0,1,3,78.55,0.78,0,0,1,0
44.32,16,5732,US,0,1,2,106.46,0.42,0,0,1,0
65.32,14,5812,US,0,0,1,72.06,0.91,0,0,0,0
47.84,15,4121,US,0,0,3,99.46,0.48,0,0,0,0
16.52,9,5732,US,0,1,5,110.79,0.15,0,0,1,0
19.08,5,5812,US,1,1,2,64.07,0.3,0,1,0,0
24.71,17,5411,US,0,0,2,147.37,0.17,0,0,0,0
44.3,9,5812,US,0,0,1,76.31,0.58,0,0,0,0
214.09,14,5814,US,1,2,3,110.43,1.94,0,0,0,0
32.6,11,5814,US,0,3,7,74.21,0.44,0,0,0,0
90.93,10,4121,US,0,0,5,146.92,0.62,0,0,0,0
22.32,12,4121,US,0,0,0,129.07,0.17,0,0,0,0
34.08,5,4121,US,0,1,5,69.47,0.49,0,1,0,0
15.56,14,5732,US,0,2,4,50.02,0.31,0,0,1,0
14.96,11,4121,US,0,1,4,64.89,0.23,0,0,0,0
40.54,8,5912,FR,0,1,4,83.01,0.49,1,0,0,0
47.09,11,5311,US,0,1,5,132.1,0.36,0,0,0,0
278.01,11,5812,US,0,0,3,89.68,3.1,0,0,0,0
96.07,16,5411,US,0,0,1,102.13,0.94,0,0,0,0
69.18,18,4121,US,0,1,3,83.24,0.83,0,0,0,0
19.41,13,4121,US,0,2,4,127.93,0.15,0,0,0,0
139.65,20,4121,US,1,3,4,96.11,1.45,0,0,0,0
2527.65,5,6051,UA,2,2,7,51.39,49.19,1,1,1,1
28.27,5,5732,US,0,2,4,94.37,0.3,0,1,1,0
25.44,9,4121,US,0,0,2,101.75,0.25,0,0,0,0
2965.01,13,4829,CY,3,6,9,53.52,55.4,1,0,1,1
49.37,11,5912,US,0,0,2,112.29,0.44,0,0,0,0
15.74,16,5311,US,0,2,4,89.13,0.18,0,0,0,0
16.45,15,5311,US,0,0,1,127.08,0.13,0,0,0,0
2743.24,11,5732,RU,3,3,8,61.05,44.93,1,0,1,1
109.16,12,5541,US,0,0,3,95.56,1.14,0,0,0,0
49.05,14,5812,US,0,1,3,123.59,0.4,0,0,0,0
57.0,12,5912,US,0,2,3,97.87,0.58,0,0,0,0
41.1,14,5814,GB,1,2,3,129.79,0.32,1,0,0,0
77.49,12,5912,US,1,1,3,146.42,0.53,0,0,0,0
19.94,15,4121,US,0,1,8,141.81,0.14,0,0,0,0
56.22,20,5311,US,0,2,4,108.4,0.52,0,0,0,0
71.8,4,5541,US,1,1,3,89.38,0.8,0,1,0,0
54.91,11,5411,US,0,1,4,122.46,0.45,0,0,0,0
60.75,12,5311,US,0,3,6,90.11,0.67,0,0,0,0
6.89,16,5732,US,0,3,4,68.48,0.1,0,0,1,0
102.96,14,5541,US,0,3,4,142.24,0.72,0,0,0,0
175.28,13,5814,US,0,1,2,104.46,1.68,0,0,0,0
23.79,17,4121,US,0,1,10,111.99,0.21,0,0,0,0
0.83,1,5311,NG,12,28,44,97.7,0.01,1,1,0,1
192.17,10,5311,US,0,0,1,79.0,2.43,0,0,0,0
28.34,20,5814,US,0,1,4,86.68,0.33,0,0,0,0
16.93,9,4121,US,0,1,4,86.85,0.19,0,0,0,0
27.81,13,4121,US,0,2,4,58.9,0.47,0,0,0,0
112.42,14,4121,US,0,0,4,117.07,0.96,0,0,0,0
70.9,11,5912,US,0,2,3,117.53,0.6,0,0,0,0
82.81,6,5541,US,0,1,1,135.63,0.61,0,0,0,0
103.76,16,5541,US,0,0,3,56.64,1.83,0,0,0,0
171.92,18,5732,US,0,0,3,71.15,2.42,0,0,1,0
50.64,21,5411,US,0,0,5,52.13,0.97,0,0,0,0
50.52,15,5311,US,0,0,1,64.67,0.78,0,0,0,0
49.4,14,5311,US,1,1,4,132.92,0.37,0,0,0,0
33.52,18,5541,US,0,0,0,142.51,0.24,0,0,0,0
35.02,8,5541,US,0,0,0,85.41,0.41,0,0,0,0
32.41,17,4121,US,0,2,5,128.92,0.25,0,0,0,0
3423.27,3,5944,NG,2,5,12,72.68,47.1,1,1,1,1
21.24,12,5814,US,0,2,5,111.16,0.19,0,0,0,0
51.16,10,5311,US,0,1,5,88.49,0.58,0,0,0,0
152.41,8,5411,US,0,2,7,88.46,1.72,0,0,0,0
16.36,15,5311,US,0,0,4,100.96,0.16,0,0,0,0
35.6,12,5311,US,0,1,3,107.84,0.33,0,0,0,0
61.27,11,5541,US,0,0,3,84.97,0.72,0,0,0,0
2240.21,15,7995,RU,2,6,5,48.16,46.52,1,0,1,1
42.71,13,5311,US,0,0,5,91.44,0.47,0,0,0,0
26.12,13,4121,US,0,0,2,55.27,0.47,0,0,0,0
30.23,20,5912,US,0,0,3,81.95,0.37,0,0,0,0
74.58,9,5814,US,1,1,6,79.02,0.94,0,0,0,0
51.27,13,4121,US,0,1,1,65.19,0.79,0,0,0,0
19.96,16,5411,US,0,0,2,99.21,0.2,0,0,0,0
25.73,13,5541,US,0,1,4,136.37,0.19,0,0,0,0
411.53,14,5311,US,0,0,2,144.19,2.85,0,0,0,0
44.07,9,4121,US,0,0,2,76.56,0.58,0,0,0,0
43.54,14,5411,US,1,1,4,136.83,0.32,0,0,0,0
53.27,12,5311,US,0,0,6,84.87,0.63,0,0,0,0
28.56,15,5912,US,0,2,4,112.14,0.25,0,0,0,0
3030.58,15,4829,CN,2,7,6,91.94,32.96,1,0,1,1
39.93,18,5812,US,0,1,3,87.86,0.45,0,0,0,0
665.19,11,5732,US,9,19,28,41.17,16.16,0,0,1,1
25.32,14,4121,US,1,3,8,115.29,0.22,0,0,0,0
94.31,10,5541,US,1,1,7,91.19,1.03,0,0,0,0
35.76,9,5912,US,1,2,5,79.69,0.45,0,0,0,0
14.03,16,5311,US,2,2,4,110.87,0.13,0,0,0,0
32.0,17,5411,US,1,2,6,141.96,0.23,0,0,0,0
36.81,10,5541,US,0,0,2,53.41,0.69,0,0,0,0
103.88,20,5814,US,0,1,3,86.36,1.2,0,0,0,0
50.05,11,5732,DE,0,2,4,71.29,0.7,1,0,1,0
16.51,16,5912,US,0,0,3,64.7,0.26,0,0,0,0
61.74,18,5732,US,0,1,4,86.73,0.71,0,0,1,0
156.57,15,5812,US,2,5,10,145.85,1.07,0,0,0,0
41.42,20,5311,US,0,2,9,122.88,0.34,0,0,0,0
82.85,11,5411,US,0,2,3,133.02,0.62,0,0,0,0
64.92,16,5541,US,1,1,7,135.79,0.48,0,0,0,0
38.06,11,5732,US,1,2,5,139.79,0.27,0,0,1,0
16.53,14,5732,CA,0,1,7,118.97,0.14,1,0,1,0
32.03,15,5411,US,0,0,4,54.86,0.58,0,0,0,0
48.64,15,5912,US,0,1,3,94.02,0.52,0,0,0,0
56.53,15,4121,US,0,0,4,70.4,0.8,0,0,0,0
27.32,14,4121,US,0,2,5,78.37,0.35,0,0,0,0
43.12,15,5541,US,1,1,5,89.17,0.48,0,0,0,0
80.59,23,4121,US,0,0,3,72.5,1.11,0,0,0,0
20.36,7,5411,US,1,2,4,138.37,0.15,0,0,0,0
1.1,12,5311,NG,6,24,29,97.53,0.01,1,0,0,1
14.38,16,4121,US,0,0,7,54.68,0.26,0,0,0,0
13.48,16,5912,US,0,1,2,82.78,0.16,0,0,0,0
73.95,20,5411,US,0,2,3,128.19,0.58,0,0,0,0
7.63,15,5812,US,0,2,6,141.74,0.05,0,0,0,0
79.85,8,5814,US,0,1,3,76.4,1.05,0,0,0,0
118.56,12,4121,US,0,2,6,114.9,1.03,0,0,0,0
49.34,14,5541,US,0,0,3,104.04,0.47,0,0,0,0
7.18,12,5814,US,0,1,2,122.9,0.06,0,0,0,0
7278.09,3,5732,NG,1,6,7,96.58,75.36,1,1,1,1
48.75,17,5812,US,0,0,2,109.22,0.45,0,0,0,0
17.16,12,5814,US,0,1,2,81.71,0.21,0,0,0,0
25.05,9,5812,US,0,0,2,117.75,0.21,0,0,0,0
27.97,10,4121,US,0,1,3,103.55,0.27,0,0,0,0
107.25,10,5411,US,0,0,0,72.99,1.47,0,0,0,0
137.93,13,5541,US,1,1,3,138.27,1.0,0,0,0,0
113.85,11,5812,US,0,1,4,77.74,1.46,0,0,0,0
77.77,7,5411,DE,0,1,5,68.37,1.14,1,0,0,0
88.87,13,5411,US,0,2,9,77.06,1.15,0,0,0,0
27.16,10,5311,US,0,2,5,121.06,0.22,0,0,0,0
9.32,15,5812,US,1,2,4,96.14,0.1,0,0,0,0
10.71,14,5311,US,1,2,4,128.01,0.08,0,0,0,0
52.48,9,5311,US,0,1,4,93.17,0.56,0,0,0,0
12.66,13,4121,US,0,0,1,130.73,0.1,0,0,0,0
24.95,18,4121,US,0,0,1,88.79,0.28,0,0,0,0
57.37,18,5311,US,1,1,3,103.44,0.55,0,0,0,0
35.1,20,5814,US,0,4,7,117.7,0.3,0,0,0,0
31.13,7,5541,US,0,0,2,91.79,0.34,0,0,0,0
51.86,16,5912,US,0,0,2,144.48,0.36,0,0,0,0
157.43,17,5541,US,0,2,5,103.92,1.51,0,0,0,0
1958.35,2,4829,NG,4,3,8,43.99,44.52,1,1,1,1
240.67,22,4829,GB,10,14,20,88.57,2.72,1,0,1,1
30.5,8,5814,US,1,2,9,113.39,0.27,0,0,0,0
70.94,22,4121,US,0,2,4,81.12,0.87,0,0,0,0
9.08,17,5411,US,1,3,4,86.65,0.1,0,0,0,0
27.15,6,5541,US,0,2,4,117.42,0.23,0,0,0,0
2096.17,1,6051,CY,4,7,5,90.86,23.07,1,1,1,1
22.16,15,5732,US,0,2,7,121.06,0.18,0,0,1,0
175.79,13,4121,US,0,1,6,87.6,2.01,0,0,0,0
16.16,12,5812,US,0,0,2,118.81,0.14,0,0,0,0
23.35,15,5912,US,0,1,3,123.51,0.19,0,0,0,0
24.19,11,5732,US,0,2,6,113.06,0.21,0,0,1,0
75.34,14,5812,US,0,1,2,79.24,0.95,0,0,0,0
25.45,13,5411,US,1,3,5,105.46,0.24,0,0,0,0
260.64,14,5311,US,0,1,2,126.94,2.05,0,0,0,0
43.93,20,5541,US,0,2,6,91.02,0.48,0,0,0,0
98.52,9,4121,US,1,3,8,133.32,0.74,0,0,0,0
77.53,13,5732,US,1,1,4,59.24,1.31,0,0,1,0
21.56,17,5411,US,2,2,2,80.83,0.27,0,0,0,0
119.74,14,5814,US,0,2,9,54.04,2.22,0,0,0,0
343.47,18,5411,US,0,1,4,131.63,2.61,0,0,0,0
90.92,6,5732,US,0,1,6,132.91,0.68,0,0,1,0
47.47,17,5311,US,0,2,5,91.4,0.52,0,0,0,0
1189.08,16,5732,CN,3,8,11,58.83,20.21,1,0,1,1
33.94,20,4121,US,0,0,2,91.93,0.37,0,0,0,0
157.58,18,5814,US,0,0,2,136.46,1.15,0,0,0,0
70.99,13,5814,US,1,2,5,120.78,0.59,0,0,0,0
43.22,17,5311,US,0,1,5,60.62,0.71,0,0,0,0
75.62,16,5812,US,0,0,0,111.45,0.68,0,0,0,0
599.53,14,4829,RO,7,8,17,95.59,6.27,1,0,1,1
48.45,11,5912,US,0,1,1,146.5,0.33,0,0,0,0
264.13,3,5814,US,1,2,3,64.38,4.1,0,1,0,0
43.03,5,5732,US,1,1,5,114.81,0.37,0,1,1,0
72.09,9,5814,US,0,0,2,50.34,1.43,0,0,0,0
46.58,13,4121,US,0,1,4,146.81,0.32,0,0,0,0
29.42,15,5411,US,0,2,4,116.77,0.25,0,0,0,0
56.31,12,5814,US,0,0,1,101.2,0.56,0,0,0,0
772.3,8,7995,CN,2,8,8,88.41,8.74,1,0,1,1
53.63,13,5311,US,0,1,2,94.01,0.57,0,0,0,0
91.81,19,5311,US,0,1,4,55.42,1.66,0,0,0,0
54.01,20,5812,US,0,2,5,72.93,0.74,0,0,0,0
32.48,16,5732,US,0,2,3,103.43,0.31,0,0,1,0
25.36,9,5411,US,0,0,0,51.87,0.49,0,0,0,0
35.34,7,5814,US,0,1,3,70.25,0.5,0,0,0,0
67.1,17,5812,US,0,1,3,66.76,1.01,0,0,0,0
22.05,14,5411,US,1,1,7,80.37,0.27,0,0,0,0
67.03,19,5912,US,0,0,3,125.31,0.53,0,0,0,0
8.31,12,4121,US,0,2,5,87.72,0.09,0,0,0,0
37.66,13,5814,US,2,2,4,118.16,0.32,0,0,0,0
39.19,13,5912,US,1,2,4,135.05,0.29,0,0,0,0
75.04,7,5541,US,0,0,4,52.67,1.42,0,0,0,0
7.05,14,5411,GB,0,0,1,81.21,0.09,1,0,0,0
35.47,14,5814,US,0,1,3,97.53,0.36,0,0,0,0
21.93,16,5912,US,0,2,3,78.21,0.28,0,0,0,0
16.75,10,5912,US,0,1,2,145.41,0.12,0,0,0,0
49.64,17,4121,US,0,0,1,129.3,0.38,0,0,0,0
44.86,21,5732,US,1,1,5,111.73,0.4,0,0,1,0
28.72,6,5812,US,1,4,7,146.49,0.2,0,0,0,0
44.02,11,5732,US,0,0,4,138.66,0.32,0,0,1,0
144.28,9,5912,US,0,1,3,124.34,1.16,0,0,0,0
15.15,18,5411,JP,1,3,6,75.54,0.2,1,0,0,0
13.66,17,5814,US,0,3,5,93.28,0.15,0,0,0,0
112.34,13,5912,US,0,1,6,69.39,1.62,0,0,0,0
91.82,10,5912,US,2,3,6,101.54,0.9,0,0,0,0
15.81,12,5912,US,0,0,0,107.82,0.15,0,0,0,0
38.63,13,5732,US,0,0,1,64.62,0.6,0,0,1,0
155.7,19,5814,US,0,0,2,68.75,2.26,0,0,0,0
3.16,1,5311,US,10,12,27,57.5,0.05,0,1,0,1
18.01,15,4121,US,0,2,6,57.09,0.32,0,0,0,0
29.68,19,4121,US,0,2,4,129.92,0.23,0,0,0,0
208.37,17,5411,US,0,0,2,136.08,1.53,0,0,0,0
7.62,23,5732,US,1,4,6,139.8,0.05,0,0,1,0
677.95,7,4829,NG,2,7,5,61.12,11.09,1,0,1,1
25.53,13,5311,US,2,2,7,102.57,0.25,0,0,0,0
102.83,17,5411,US,0,0,1,78.75,1.31,0,0,0,0
77.31,11,5912,US,0,1,5,104.39,0.74,0,0,0,0
58.8,17,5812,US,0,2,7,144.56,0.41,0,0,0,0
67.79,1,5732,US,0,2,6,149.82,0.45,0,1,1,0
21.04,21,5311,US,0,2,5,98.89,0.21,0,0,0,0
34.97,14,5814,US,2,2,4,61.0,0.57,0,0,0,0
63.73,15,5541,US,1,3,4,50.6,1.26,0,0,0,0
54.24,15,5912,GB,0,1,2,102.26,0.53,1,0,0,0
23.51,15,5912,US,0,0,5,139.63,0.17,0,0,0,0
17.74,16,5814,US,0,2,5,138.27,0.13,0,0,0,0
82.63,12,5311,US,0,0,2,82.27,1.0,0,0,0,0
25.05,20,5732,US,1,1,3,68.3,0.37,0,0,1,0
47.86,16,4121,US,0,2,6,146.62,0.33,0,0,0,0
135.41,15,5311,US,0,0,2,114.94,1.18,0,0,0,0
23.22,13,5411,US,0,1,4,100.88,0.23,0,0,0,0
140.5,14,4121,US,0,2,3,140.78,1.0,0,0,0,0
42.18,10,5814,US,1,1,5,56.5,0.75,0,0,0,0
100.99,13,5812,US,0,0,1,51.02,1.98,0,0,0,0
26.51,9,5541,US,1,2,5,93.63,0.28,0,0,0,0
52.18,14,5311,US,1,1,2,109.56,0.48,0,0,0,0
92.23,17,5732,US,0,3,3,116.99,0.79,0,0,1,0
89.24,9,5814,US,0,1,4,148.28,0.6,0,0,0,0
53.74,19,5541,US,0,0,4,86.65,0.62,0,0,0,0
26.3,15,5912,US,1,2,6,94.93,0.28,0,0,0,0
72.38,14,5311,US,1,1,6,72.51,1.0,0,0,0,0
201.55,18,5311,US,1,2,5,123.37,1.63,0,0,0,0
103.48,11,4121,US,0,3,5,115.53,0.9,0,0,0,0
9.48,6,5541,US,0,0,6,63.98,0.15,0,0,0,0
43.01,11,5541,US,0,0,3,137.85,0.31,0,0,0,0
49.93,12,5912,US,0,0,2,96.82,0.52,0,0,0,0
87.35,13,5411,US,1,1,2,119.39,0.73,0,0,0,0
10.44,10,5311,US,0,1,4,125.47,0.08,0,0,0,0
7.28,11,5311,GB,0,1,4,107.98,0.07,1,0,0,0
22.78,15,5912,US,0,1,4,108.46,0.21,0,0,0,0
22.29,16,5411,CA,0,1,1,59.92,0.37,1,0,0,0
7.96,18,5732,US,0,1,2,78.08,0.1,0,0,1,0
176.88,14,4121,US,0,1,5,64.23,2.75,0,0,0,0
301.79,16,4121,US,0,0,3,83.93,3.6,0,0,0,0
78.65,15,5311,US,0,1,3,134.16,0.59,0,0,0,0
60.03,17,5411,US,0,1,4,90.09,0.67,0,0,0,0
79.83,6,5814,US,0,1,7,98.12,0.81,0,0,0,0
10.44,13,5311,US,0,1,3,98.71,0.11,0,0,0,0
40.44,10,5311,JP,0,2,4,73.32,0.55,1,0,0,0
56.9,21,5541,GB,0,1,4,63.74,0.89,1,0,0,0
23.27,11,5732,US,0,1,5,79.82,0.29,0,0,1,0
66.67,14,5541,US,0,1,4,68.57,0.97,0,0,0,0
85.97,20,5541,US,0,0,2,52.6,1.63,0,0,0,0
28.01,14,5411,US,0,1,5,54.23,0.52,0,0,0,0
22.4,8,5912,US,0,1,5,68.43,0.33,0,0,0,0
41.11,11,5311,US,0,0,1,55.43,0.74,0,0,0,0
123.22,13,5814,US,0,1,3,98.15,1.26,0,0,0,0
138.58,6,5411,US,0,2,2,58.24,2.38,0,0,0,0
51.87,8,5814,US,0,2,6,54.22,0.96,0,0,0,0
22.58,8,5814,JP,0,1,5,136.67,0.17,1,0,0,0
55.27,13,5411,US,0,1,3,97.82,0.57,0,0,0,0
40.3,10,5411,US,2,3,5,66.26,0.61,0,0,0,0
47.8,14,5814,US,0,0,3,122.68,0.39,0,0,0,0
125.76,11,4121,US,1,1,3,104.74,1.2,0,0,0,0
97.51,16,5411,US,0,1,4,109.35,0.89,0,0,0,0
56.08,14,5912,US,0,2,3,76.18,0.74,0,0,0,0
4426.6,4,5732,UA,3,3,5,73.54,60.19,1,1,1,1
40.5,10,5311,US,0,0,4,125.87,0.32,0,0,0,0
26.65,13,5912,US,1,3,7,77.51,0.34,0,0,0,0
78.77,9,4121,US,0,4,8,103.14,0.76,0,0,0,0
170.08,6,5912,US,0,1,2,75.47,2.25,0,0,0,0
10.02,15,5541,US,1,5,5,89.25,0.11,0,0,0,0
457.27,17,5541,US,1,1,1,98.21,4.66,0,0,0,0
49.14,14,5311,US,0,0,1,83.78,0.59,0,0,0,0
59.03,19,5812,US,1,2,7,127.64,0.46,0,0,0,0
103.0,12,5912,US,0,0,0,109.31,0.94,0,0,0,0
39.22,9,5411,DE,0,0,3,137.49,0.29,1,0,0,0
10.97,8,5812,US,0,0,1,130.24,0.08,0,0,0,0
59.47,16,5411,US,0,0,2,92.37,0.64,0,0,0,0
61.74,16,4121,US,0,0,1,79.09,0.78,0,0,0,0
468.46,10,5912,US,0,1,2,112.32,4.17,0,0,0,0
46.64,16,5814,US,0,0,1,92.7,0.5,0,0,0,0
157.09,10,5814,US,0,0,3,73.4,2.14,0,0,0,0
2078.11,2,5944,CN,1,6,10,53.06,39.17,1,1,1,1
19.02,14,5812,US,0,0,2,58.2,0.33,0,0,0,0
45.32,8,5814,US,0,1,3,93.93,0.48,0,0,0,0
38.6,7,5732,US,0,1,1,124.82,0.31,0,0,1,0
90.9,12,5732,US,1,3,6,85.77,1.06,0,0,1,0
88.81,19,5814,US,0,1,6,65.27,1.36,0,0,0,0
59.19,12,5912,US,1,1,8,95.88,0.62,0,0,0,0
85.1,11,5912,CA,0,1,4,95.45,0.89,1,0,0,0
40.58,15,4121,US,0,2,3,139.74,0.29,0,0,0,0
41.52,13,5812,US,1,1,4,74.18,0.56,0,0,0,0
52.0,13,5912,US,0,1,4,53.25,0.98,0,0,0,0
149.65,22,5812,US,0,2,5,122.57,1.22,0,0,0,0
27.86,17,5411,US,0,0,1,130.81,0.21,0,0,0,0
23.11,11,5732,US,0,2,8,136.59,0.17,0,0,1,0
881.54,13,7995,RO,9,11,16,69.1,12.76,1,0,1,1
103.89,9,5812,US,0,1,3,63.13,1.65,0,0,0,0
58.34,11,4121,US,1,2,6,64.57,0.9,0,0,0,0
799.64,8,6051,RO,4,20,25,50.64,15.79,1,0,1,1
27.47,19,5732,US,0,1,10,120.33,0.23,0,0,1,0
56.74,14,5812,US,0,1,3,104.96,0.54,0,0,0,0
163.04,15,5912,US,0,0,2,113.74,1.43,0,0,0,0
10.15,11,5541,US,1,3,6,144.91,0.07,0,0,0,0
14.47,16,5912,FR,0,0,4,148.14,0.1,1,0,0,0
20.51,10,5541,US,0,2,9,95.82,0.21,0,0,0,0
4.54,11,5311,US,0,2,2,127.53,0.04,0,0,0,0
48.14,16,5541,US,2,2,5,148.67,0.32,0,0,0,0
31.63,9,4121,US,0,1,2,122.37,0.26,0,0,0,0
17.73,14,5411,US,0,0,4,101.79,0.17,0,0,0,0
2.71,8,5311,US,15,22,34,44.67,0.06,0,0,0,1
91.5,10,4121,US,0,1,4,84.7,1.08,0,0,0,0
20.46,10,5311,US,1,1,3,143.14,0.14,0,0,0,0
43.89,20,5541,US,1,2,2,68.77,0.64,0,0,0,0
167.27,14,5411,US,0,1,3,125.16,1.34,0,0,0,0
74.7,12,5814,US,0,2,5,108.98,0.69,0,0,0,0
47.68,16,5812,US,1,2,4,73.33,0.65,0,0,0,0
7.05,15,4121,US,0,1,5,140.62,0.05,0,0,0,0
38.32,11,5311,US,0,0,2,137.96,0.28,0,0,0,0
27.41,14,5812,US,0,2,2,113.07,0.24,0,0,0,0
37.04,15,5912,US,0,0,1,50.91,0.73,0,0,0,0
162.87,14,5814,US,0,0,2,105.75,1.54,0,0,0,0
33.56,6,5812,US,0,3,4,126.98,0.26,0,0,0,0
11.69,21,5812,US,1,2,3,92.28,0.13,0,0,0,0
51.78,8,5814,US,0,2,6,55.15,0.94,0,0,0,0
62.87,13,5311,US,0,1,5,136.14,0.46,0,0,0,0
43.98,14,5814,US,0,2,4,56.85,0.77,0,0,0,0
15.49,17,5814,US,0,1,4,90.16,0.17,0,0,0,0
12.05,14,5541,US,0,1,1,58.55,0.21,0,0,0,0
179.73,3,5311,US,0,0,1,108.38,1.66,0,1,0,0
6804.81,3,5732,CY,1,3,6,78.12,87.11,1,1,1,1
400.69,15,5912,GB,2,3,6,56.27,7.12,1,0,0,0
66.92,19,5411,US,0,1,4,118.81,0.56,0,0,0,0
29.88,7,4121,DE,0,0,3,95.04,0.31,1,0,0,0
12.29,12,5732,US,0,1,4,70.38,0.17,0,0,1,0
25.46,20,4121,US,0,0,4,142.59,0.18,0,0,0,0
34.87,5,5311,US,0,1,2,87.08,0.4,0,1,0,0
56.16,12,5814,DE,1,1,4,111.97,0.5,1,0,0,0
51.05,14,5912,US,0,2,5,114.49,0.45,0,0,0,0
254.82,17,5812,US,0,1,5,123.33,2.07,0,0,0,0
37.68,5,5541,US,0,2,6,124.81,0.3,0,1,0,0
49.26,14,5411,US,1,2,2,107.58,0.46,0,0,0,0
54.49,14,5814,US,0,0,4,61.44,0.89,0,0,0,0
137.73,11,5912,US,0,0,0,79.39,1.73,0,0,0,0
77.78,14,5814,US,0,0,3,56.41,1.38,0,0,0,0
37.48,9,5411,US,0,1,4,127.17,0.29,0,0,0,0
7756.9,1,5944,CY,2,5,9,53.45,145.12,1,1,1,1
41.18,10,5812,US,0,1,3,145.86,0.28,0,0,0,0
166.11,12,5311,US,1,2,5,52.55,3.16,0,0,0,0
5969.38,2,5944,NG,1,6,6,50.3,118.68,1,1,1,1
970.0,9,5732,CN,1,5,6,54.05,17.95,1,0,1,1
42.06,16,5311,US,0,3,7,139.49,0.3,0,0,0,0
143.19,12,4121,US,0,0,2,67.15,2.13,0,0,0,0
32.73,16,5411,US,0,0,1,50.72,0.65,0,0,0,0
41.27,12,5912,US,0,0,3,114.1,0.36,0,0,0,0
1024.13,3,7995,CN,3,6,9,75.16,13.63,1,1,1,1
6.17,10,5732,US,0,0,0,71.4,0.09,0,0,1,0
84.03,14,5732,US,0,1,8,120.81,0.7,0,0,1,0
33.91,18,5541,US,0,0,1,77.06,0.44,0,0,0,0
73.83,19,5411,US,0,1,3,103.79,0.71,0,0,0,0
8.91,1,5912,US,0,1,3,118.16,0.08,0,1,0,0
324.59,22,5411,US,0,1,3,117.25,2.77,0,0,0,0
723.73,7,5732,US,6,20,24,92.4,7.83,0,0,1,1
18.9,16,5311,US,0,1,3,83.93,0.23,0,0,0,0
10.62,16,5541,US,1,2,2,133.16,0.08,0,0,0,0
39.5,19,5311,US,0,1,3,121.3,0.33,0,0,0,0
28.22,18,5311,US,0,0,4,68.32,0.41,0,0,0,0
75.82,22,5812,US,0,1,5,116.86,0.65,0,0,0,0
16.65,19,5732,US,0,0,2,138.29,0.12,0,0,1,0
23.16,8,5814,US,0,1,3,69.15,0.33,0,0,0,0
197.27,15,5311,US,1,1,2,98.9,1.99,0,0,0,0
63.66,12,5812,JP,0,1,1,62.73,1.01,1,0,0,0
3.09,20,5311,US,8,24,21,45.23,0.07,0,0,0,1
69.97,17,5812,US,0,1,3,63.29,1.11,0,0,0,0
40.56,14,5411,US,0,1,2,139.65,0.29,0,0,0,0
133.14,12,5411,US,0,0,0,109.46,1.22,0,0,0,0
89.31,11,5812,US,0,1,4,147.15,0.61,0,0,0,0
20.57,10,5812,US,0,0,3,72.33,0.28,0,0,0,0
121.18,12,4121,US,0,1,4,105.27,1.15,0,0,0,0
77.6,12,5541,US,0,0,1,125.61,0.62,0,0,0,0
89.65,20,5541,US,0,1,2,88.31,1.02,0,0,0,0
4775.18,1,5732,RO,1,5,7,92.2,51.79,1,1,1,1
26.01,12,5812,US,0,2,5,82.91,0.31,0,0,0,0
2701.78,17,5944,RU,1,2,12,76.07,35.52,1,0,1,1
141.85,10,5814,JP,0,2,4,61.56,2.3,1,0,0,0
29.37,16,4121,US,1,1,3,101.02,0.29,0,0,0,0
70.91,11,4121,US,0,1,5,146.71,0.48,0,0,0,0
55.69,13,5812,US,0,0,5,89.07,0.63,0,0,0,0
32.24,16,5814,JP,0,1,4,75.32,0.43,1,0,0,0
19.91,14,5912,US,0,0,3,105.52,0.19,0,0,0,0
154.45,14,5732,US,1,3,4,130.5,1.18,0,0,1,0
21.5,16,5411,US,0,1,4,77.19,0.28,0,0,0,0
217.23,14,5912,US,0,2,5,75.95,2.86,0,0,0,0
19.25,22,5812,US,0,0,1,114.09,0.17,0,0,0,0
82.71,13,5411,US,0,1,4,144.56,0.57,0,0,0,0
34.59,6,5732,US,0,0,1,139.12,0.25,0,0,1,0
130.7,8,5732,US,0,0,2,67.66,1.93,0,0,1,0
96.86,13,5814,US,0,0,4,86.11,1.12,0,0,0,0
7.49,9,5912,US,0,2,5,110.77,0.07,0,0,0,0
99.57,14,5912,US,1,1,5,128.56,0.77,0,0,0,0
22.38,9,5541,US,1,2,5,63.0,0.36,0,0,0,0
37.94,20,5541,US,0,0,4,52.05,0.73,0,0,0,0
23.85,14,4121,US,0,1,2,74.99,0.32,0,0,0,0
86.12,14,4121,US,0,0,2,110.77,0.78,0,0,0,0
24.3,10,5311,US,0,1,3,105.12,0.23,0,0,0,0
50.49,13,5814,US,0,2,4,145.68,0.35,0,0,0,0
63.98,11,5912,US,0,0,0,71.16,0.9,0,0,0,0
29.35,9,5812,US,1,2,4,123.03,0.24,0,0,0,0
7.27,17,4121,US,1,3,7,73.17,0.1,0,0,0,0
138.62,6,5814,US,0,0,2,76.41,1.81,0,0,0,0
8.38,14,4121,US,0,1,5,94.14,0.09,0,0,0,0
81.51,9,5912,US,0,0,0,143.07,0.57,0,0,0,0
26.25,10,5814,US,0,1,4,118.84,0.22,0,0,0,0
88.54,14,5541,US,0,1,3,135.57,0.65,0,0,0,0
90.54,17,5812,US,1,2,5,75.85,1.19,0,0,0,0
14.2,14,5732,US,0,0,1,144.91,0.1,0,0,1,0
105.66,16,5812,US,0,0,4,138.02,0.77,0,0,0,0
10.32,20,5814,US,0,1,5,144.07,0.07,0,0,0,0
47.51,10,5814,US,0,2,4,85.86,0.55,0,0,0,0
20.21,16,5912,US,1,2,6,70.45,0.29,0,0,0,0
48.8,9,5411,US,0,0,3,138.4,0.35,0,0,0,0
77.92,13,5541,US,0,0,1,52.55,1.48,0,0,0,0
14.38,16,5814,US,0,1,2,55.75,0.26,0,0,0,0
40.5,15,5812,US,0,2,4,97.1,0.42,0,0,0,0
31.66,13,5814,US,0,2,7,65.81,0.48,0,0,0,0
12.19,17,5812,US,0,0,3,119.68,0.1,0,0,0,0
1327.17,7,4829,CN,1,7,5,79.72,16.65,1,0,1,1
120.06,11,5814,US,0,1,2,89.48,1.34,0,0,0,0
92.75,18,5732,US,0,1,3,98.79,0.94,0,0,1,0
10.04,10,5732,US,0,4,9,110.08,0.09,0,0,1,0
114.56,18,5411,US,0,1,3,64.99,1.76,0,0,0,0
121.53,15,5541,US,0,3,6,110.48,1.1,0,0,0,0
52.38,16,5311,US,0,2,4,89.01,0.59,0,0,0,0
16.1,20,5814,US,0,1,2,86.36,0.19,0,0,0,0
47.12,20,5912,FR,0,0,4,53.64,0.88,1,0,0,0
563.13,14,5411,CA,0,0,1,65.4,8.61,1,0,0,0
16.54,19,5541,US,0,0,2,84.44,0.2,0,0,0,0
172.33,9,5541,US,0,0,4,106.62,1.62,0,0,0,0
23.91,11,5814,US,0,0,4,77.8,0.31,0,0,0,0
69.45,8,5912,US,0,1,8,110.16,0.63,0,0,0,0
20.58,19,4121,US,0,0,3,108.37,0.19,0,0,0,0
33.63,11,5812,US,0,2,3,84.53,0.4,0,0,0,0
150.48,11,5912,US,0,1,2,119.42,1.26,0,0,0,0
37.94,18,5411,US,0,0,4,76.89,0.49,0,0,0,0
89.05,15,5311,US,0,0,4,101.08,0.88,0,0,0,0
14.5,16,5732,US,0,1,4,126.67,0.11,0,0,1,0
50.24,10,5411,US,1,1,2,65.35,0.77,0,0,0,0
14.02,16,5541,US,0,2,8,114.35,0.12,0,0,0,0
20.14,9,5732,US,2,2,7,147.35,0.14,0,0,1,0
72.4,13,5732,US,0,2,6,125.24,0.58,0,0,1,0
22.08,8,5411,US,1,2,4,104.4,0.21,0,0,0,0
55.21,16,4121,US,0,3,5,77.46,0.71,0,0,0,0
59.16,19,4121,US,1,2,3,123.21,0.48,0,0,0,0
28.0,18,5732,US,0,1,2,78.81,0.36,0,0,1,0
126.05,7,5311,US,1,1,3,109.04,1.16,0,0,0,0
17.49,15,5814,FR,0,0,0,87.1,0.2,1,0,0,0
33.97,11,5814,DE,1,2,5,81.06,0.42,1,0,0,0
42.4,18,5814,US,0,0,0,129.73,0.33,0,0,0,0
11.14,14,5912,US,0,2,4,126.62,0.09,0,0,0,0
45.26,12,4121,US,0,0,2,52.63,0.86,0,0,0,0
31.54,20,5541,US,0,1,3,112.94,0.28,0,0,0,0
26.01,16,5311,US,0,2,4,89.08,0.29,0,0,0,0
114.41,23,5812,US,1,2,4,78.09,1.47,0,0,0,0
17.02,22,5812,US,0,0,3,89.31,0.19,0,0,0,0
57.52,19,5411,JP,0,0,2,87.23,0.66,1,0,0,0
95.39,13,5912,US,0,0,4,95.89,0.99,0,0,0,0
103.44,9,5912,US,1,4,8,103.97,0.99,0,0,0,0
4187.67,1,5944,US,1,2,6,71.38,58.67,0,1,1,1
19.42,15,5311,US,0,1,4,132.39,0.15,0,0,0,0
94.84,18,5912,US,0,0,2,51.19,1.85,0,0,0,0
80.53,12,5912,US,1,2,6,107.66,0.75,0,0,0,0
8.99,14,5311,US,0,1,4,116.29,0.08,0,0,0,0
199.54,18,5311,US,0,0,3,123.88,1.61,0,0,0,0
36.97,11,5311,US,1,1,5,79.33,0.47,0,0,0,0
114.62,15,5912,US,0,1,3,97.62,1.17,0,0,0,0
40.38,12,5912,US,0,0,6,118.16,0.34,0,0,0,0
47.3,14,5912,US,0,1,4,144.01,0.33,0,0,0,0
50.14,22,5812,US,1,3,6,131.42,0.38,0,0,0,0
87.93,18,5732,US,0,0,1,133.52,0.66,0,0,1,0
21.76,17,5814,US,0,0,2,51.34,0.42,0,0,0,0
8.14,12,5812,US,0,0,3,135.01,0.06,0,0,0,0
43.87,9,4121,US,1,1,4,75.09,0.58,0,0,0,0
44.97,16,5411,US,0,0,1,137.78,0.33,0,0,0,0
10.46,17,5732,US,2,2,3,115.05,0.09,0,0,1,0
76.78,13,4121,US,0,1,4,149.71,0.51,0,0,0,0
151.38,19,5812,US,0,0,2,70.21,2.16,0,0,0,0
14.64,17,4121,US,0,0,5,107.3,0.14,0,0,0,0
90.65,16,5541,US,0,1,3,54.92,1.65,0,0,0,0
20.31,14,5311,US,2,2,5,143.59,0.14,0,0,0,0
37.95,9,5541,US,0,1,5,56.51,0.67,0,0,0,0
64.17,15,5732,US,1,2,4,125.66,0.51,0,0,1,0
3537.69,4,5944,UA,2,2,5,97.77,36.18,1,1,1,1
63.38,17,5541,US,0,0,3,131.27,0.48,0,0,0,0
83.02,15,5732,US,0,2,6,59.23,1.4,0,0,1,0
3338.9,0,5732,UA,1,5,7,89.29,37.39,1,1,1,1
27.84,15,5411,US,0,0,1,142.64,0.2,0,0,0,0
29.03,12,5311,US,0,1,7,132.83,0.22,0,0,0,0
95.41,11,5912,US,0,0,5,95.45,1.0,0,0,0,0
53.28,19,5411,US,1,3,8,139.27,0.38,0,0,0,0
17.01,8,5541,US,0,1,4,110.64,0.15,0,0,0,0
15.47,17,5411,US,0,0,4,104.29,0.15,0,0,0,0
25.28,12,5814,US,0,2,4,65.37,0.39,0,0,0,0
134.38,15,5912,US,0,2,5,117.53,1.14,0,0,0,0
53.36,13,5732,US,0,2,6,51.2,1.04,0,0,1,0
117.97,8,5812,US,0,1,4,102.97,1.15,0,0,0,0
253.4,5,5732,US,1,1,4,64.45,3.93,0,1,1,0
24.49,2,5732,US,0,2,6,98.2,0.25,0,1,1,0
27.14,10,5812,JP,1,3,7,127.27,0.21,1,0,0,0
50.69,10,5912,US,0,2,6,113.63,0.45,0,0,0,0
19.01,11,5912,US,0,0,2,91.84,0.21,0,0,0,0
108.74,15,5814,US,0,0,2,60.03,1.81,0,0,0,0
109.37,19,5311,US,0,0,3,68.43,1.6,0,0,0,0
49.2,9,4121,US,0,1,4,118.66,0.41,0,0,0,0
17.22,14,5912,US,0,1,2,115.35,0.15,0,0,0,0
8.48,11,5912,US,0,2,7,70.37,0.12,0,0,0,0
15.08,14,5912,US,1,2,4,68.23,0.22,0,0,0,0
0.72,20,5311,UA,14,20,15,83.43,0.01,1,0,0,1
206.86,15,5912,US,0,3,7,98.91,2.09,0,0,0,0
8.21,11,5541,US,0,1,2,80.98,0.1,0,0,0,0
73.01,12,5812,US,1,2,4,77.66,0.94,0,0,0,0
16.91,21,5732,US,0,1,2,122.42,0.14,0,0,1,0
21.06,12,5411,US,0,0,1,79.97,0.26,0,0,0,0
98.79,10,5812,US,0,0,2,59.77,1.65,0,0,0,0
43.1,17,5812,US,0,0,1,131.85,0.33,0,0,0,0
51.24,14,5912,US,0,1,4,122.56,0.42,0,0,0,0
50.41,5,5411,US,0,1,3,149.7,0.34,0,1,0,0
45.72,15,5311,US,0,1,4,65.26,0.7,0,0,0,0
94.72,11,5912,JP,0,1,8,101.82,0.93,1,0,0,0
91.22,10,5311,US,0,1,4,87.8,1.04,0,0,0,0
47.65,13,5732,US,0,0,3,95.09,0.5,0,0,1,0
3242.68,22,5732,NG,2,4,7,44.03,73.65,1,0,1,1
54.41,18,5732,US,0,2,3,66.87,0.81,0,0,1,0
23.84,11,5732,US,0,2,3,126.99,0.19,0,0,1,0
14.85,16,5541,US,0,1,5,74.72,0.2,0,0,0,0
38.33,17,5812,US,0,2,4,93.47,0.41,0,0,0,0
103.83,14,5812,US,1,2,3,118.14,0.88,0,0,0,0
39.6,14,5411,US,0,0,5,144.97,0.27,0,0,0,0
30.46,15,5912,US,0,1,4,99.4,0.31,0,0,0,0
18.25,12,5411,US,0,0,4,79.5,0.23,0,0,0,0
34.51,19,5541,US,0,2,6,75.69,0.46,0,0,0,0
21.0,14,5311,US,0,0,2,73.11,0.29,0,0,0,0
36.04,16,5912,US,0,0,4,80.97,0.45,0,0,0,0
19.97,15,5814,US,0,3,4,104.16,0.19,0,0,0,0
124.09,12,4121,US,0,0,3,96.05,1.29,0,0,0,0
38.18,15,5411,US,0,0,2,110.1,0.35,0,0,0,0
72.74,6,5311,US,0,1,6,97.86,0.74,0,0,0,0
43.7,21,5541,US,0,2,2,83.18,0.53,0,0,0,0
6710.94,3,6051,RO,1,5,5,84.18,79.72,1,1,1,1
116.92,12,5912,US,1,2,5,71.69,1.63,0,0,0,0
80.75,14,4121,US,0,0,7,61.19,1.32,0,0,0,0
147.73,15,4121,US,1,4,8,101.86,1.45,0,0,0,0
32.56,15,4121,US,0,2,5,141.39,0.23,0,0,0,0
33.11,14,5541,US,0,1,4,77.99,0.42,0,0,0,0
34.79,9,5732,US,0,1,2,75.74,0.46,0,0,1,0
13.46,6,5912,US,0,3,5,104.76,0.13,0,0,0,0
51.52,9,5812,GB,2,3,7,125.42,0.41,1,0,0,0
118.82,14,5411,US,0,0,1,52.4,2.27,0,0,0,0
83.43,13,5311,US,0,3,7,149.61,0.56,0,0,0,0
145.51,13,5732,US,0,0,4,86.98,1.67,0,0,1,0
54.7,13,5541,US,0,1,1,122.89,0.45,0,0,0,0
9.87,11,5411,US,0,0,5,148.96,0.07,0,0,0,0
57.26,17,5541,US,0,1,3,91.61,0.63,0,0,0,0
14.59,16,5814,US,0,1,2,97.52,0.15,0,0,0,0
9.7,17,5411,US,0,0,2,94.62,0.1,0,0,0,0
57.62,12,5912,US,1,1,6,147.64,0.39,0,0,0,0
101.63,16,5814,US,0,0,3,54.66,1.86,0,0,0,0
16.9,13,5812,US,1,1,2,149.37,0.11,0,0,0,0
28.87,23,5812,US,0,4,8,108.91,0.27,0,0,0,0
61.46,17,5912,US,0,1,4,83.03,0.74,0,0,0,0
31.07,23,4121,US,1,3,4,132.43,0.23,0,0,0,0
73.38,14,5541,CA,0,0,2,80.35,0.91,1,0,0,0
20.7,8,5732,US,0,2,2,140.45,0.15,0,0,1,0
13.43,17,5912,US,0,3,7,128.61,0.1,0,0,0,0
13.97,20,4121,US,0,0,1,85.77,0.16,0,0,0,0
40.9,11,5541,US,0,0,1,116.43,0.35,0,0,0,0
15.42,14,5912,US,1,4,9,82.22,0.19,0,0,0,0
230.52,10,5812,US,0,1,5,136.84,1.68,0,0,0,0
40.14,13,5311,US,0,2,4,77.47,0.52,0,0,0,0
61.95,13,5411,US,0,0,2,95.68,0.65,0,0,0,0
55.38,9,5541,US,1,4,6,95.12,0.58,0,0,0,0
9.73,10,5812,GB,1,2,7,63.55,0.15,1,0,0,0
15.93,15,5411,US,1,2,5,89.31,0.18,0,0,0,0
128.97,13,4121,US,0,0,1,121.07,1.07,0,0,0,0
37.4,14,5732,US,0,0,7,128.94,0.29,0,0,1,0
217.89,9,5912,US,0,1,3,121.71,1.79,0,0,0,0
20.27,14,5311,US,0,1,5,132.77,0.15,0,0,0,0
70.04,16,5732,US,0,1,2,96.62,0.72,0,0,1,0
60.66,7,5732,US,0,3,7,104.77,0.58,0,0,1,0
152.33,11,5311,US,0,1,2,95.77,1.59,0,0,0,0
25.98,17,5812,US,0,2,4,125.84,0.21,0,0,0,0
9.54,13,5814,US,1,2,6,109.75,0.09,0,0,0,0
65.98,11,5912,US,0,1,3,137.47,0.48,0,0,0,0
43.26,11,5912,US,0,1,4,63.4,0.68,0,0,0,0
23.05,12,5912,US,1,4,10,130.19,0.18,0,0,0,0
3400.73,5,6051,NG,1,2,9,41.06,82.82,1,1,1,1
30.62,15,5814,US,1,1,4,95.21,0.32,0,0,0,0
152.73,18,5732,US,0,0,4,84.23,1.81,0,0,1,0
10.16,12,5541,US,0,0,1,120.24,0.08,0,0,0,0
144.88,15,5311,US,0,0,1,65.64,2.21,0,0,0,0
118.22,15,5812,US,0,1,3,59.5,1.99,0,0,0,0
37.91,17,5732,US,0,2,2,55.48,0.68,0,0,1,0
2499.36,0,6051,CY,1,3,10,68.47,36.5,1,1,1,1
36.95,15,5814,US,0,0,3,70.54,0.52,0,0,0,0
36.68,10,5812,US,0,0,3,124.47,0.29,0,0,0,0
45.48,16,5814,US,0,2,4,52.9,0.86,0,0,0,0
17.94,15,5541,US,0,2,5,112.36,0.16,0,0,0,0
34.5,10,5732,US,0,0,3,118.43,0.29,0,0,1,0
58.12,10,5732,US,0,1,3,112.06,0.52,0,0,1,0
153.74,11,5311,US,0,0,1,110.11,1.4,0,0,0,0
13.68,10,5812,US,1,3,5,99.07,0.14,0,0,0,0
27.79,11,5732,US,0,1,6,146.54,0.19,0,0,1,0
51.09,16,5814,US,0,2,3,57.97,0.88,0,0,0,0
219.71,9,5814,US,0,2,5,145.57,1.51,0,0,0,0
59.33,18,5732,US,0,0,1,99.3,0.6,0,0,1,0
44.61,15,5814,US,1,3,4,54.22,0.82,0,0,0,0
16.61,15,5541,US,0,1,3,71.65,0.23,0,0,0,0
31.32,7,4121,US,1,5,8,69.31,0.45,0,0,0,0
56.72,13,5311,US,0,1,3,78.28,0.72,0,0,0,0
22.36,14,5812,US,0,0,1,117.6,0.19,0,0,0,0
37.84,18,5812,US,0,0,3,136.22,0.28,0,0,0,0
32.83,18,5541,US,0,0,2,71.83,0.46,0,0,0,0
1.69,15,5311,US,10,22,48,61.33,0.03,0,0,0,1
25.05,6,5311,US,0,0,1,103.44,0.24,0,0,0,0
96.16,14,4121,US,0,2,6,92.15,1.04,0,0,0,0
64.02,15,5812,CA,0,0,2,118.5,0.54,1,0,0,0
22.85,8,5732,US,2,2,6,122.25,0.19,0,0,1,0
57.83,8,4121,US,0,2,5,62.12,0.93,0,0,0,0
19.23,11,5912,US,0,0,0,104.0,0.18,0,0,0,0
23.76,17,5912,US,0,0,2,61.12,0.39,0,0,0,0
23.63,14,5814,US,2,2,3,117.19,0.2,0,0,0,0
6.3,16,5311,US,0,1,3,75.91,0.08,0,0,0,0
61.83,17,5912,US,0,1,4,58.19,1.06,0,0,0,0
17.46,13,5732,US,1,3,5,90.52,0.19,0,0,1,0
28.22,14,5812,US,0,2,4,67.88,0.42,0,0,0,0
36.12,16,5411,US,0,1,3,124.12,0.29,0,0,0,0
41.45,6,4121,US,0,1,4,73.07,0.57,0,0,0,0
14.36,13,5912,US,0,2,5,105.31,0.14,0,0,0,0
408.86,11,5912,US,0,1,3,94.52,4.33,0,0,0,0
14.01,22,4121,US,0,1,5,106.74,0.13,0,0,0,0
33.5,12,5814,US,0,0,2,112.82,0.3,0,0,0,0
60.87,19,5812,US,1,2,6,143.24,0.42,0,0,0,0
18.37,17,5311,US,0,0,0,134.82,0.14,0,0,0,0
20.5,14,5814,US,0,1,3,92.97,0.22,0,0,0,0
5.98,15,5912,US,0,0,4,111.19,0.05,0,0,0,0
31.48,15,5732,US,0,1,2,105.47,0.3,0,0,1,0
9.35,16,5732,FR,1,1,1,68.92,0.14,1,0,1,0
67.71,17,5732,US,0,0,1,136.56,0.5,0,0,1,0
95.98,16,5411,US,0,1,3,112.5,0.85,0,0,0,0
196.36,13,5411,JP,1,1,3,60.98,3.22,1,0,0,0
1.87,9,5311,NG,9,22,17,81.7,0.02,1,0,0,1
62.95,13,5812,US,0,1,8,105.87,0.59,0,0,0,0
101.77,11,5311,US,0,1,4,69.21,1.47,0,0,0,0
60.83,15,4121,US,0,1,4,98.23,0.62,0,0,0,0
16.68,11,5812,US,1,1,2,95.77,0.17,0,0,0,0
119.08,19,4121,US,0,1,4,54.73,2.18,0,0,0,0
59.1,10,5814,US,0,1,2,58.1,1.02,0,0,0,0
72.53,8,5411,US,0,1,2,52.53,1.38,0,0,0,0
25.67,18,4121,US,0,1,3,51.28,0.5,0,0,0,0
32.81,14,5912,US,0,1,5,61.12,0.54,0,0,0,0
56.57,12,5732,US,0,0,1,135.02,0.42,0,0,1,0
46.06,8,5411,US,0,0,1,91.35,0.5,0,0,0,0
34.13,12,5812,DE,0,3,5,129.54,0.26,1,0,0,0
16.9,18,5814,US,0,1,3,148.42,0.11,0,0,0,0
28.71,13,5411,DE,0,0,5,99.4,0.29,1,0,0,0
53.03,11,4121,US,0,1,2,132.1,0.4,0,0,0,0
43.62,16,5311,US,0,2,5,119.15,0.37,0,0,0,0
8.12,14,5541,US,0,1,1,88.12,0.09,0,0,0,0
13.13,8,5411,US,0,1,4,108.99,0.12,0,0,0,0
20.66,9,5541,US,0,2,4,129.82,0.16,0,0,0,0
14.35,16,5812,US,0,1,2,71.76,0.2,0,0,0,0
43.95,14,5814,US,0,1,4,118.04,0.37,0,0,0,0
9.1,12,5814,US,1,1,1,87.96,0.1,0,0,0,0
30.77,16,5541,US,2,2,3,128.04,0.24,0,0,0,0
19.19,11,5814,US,2,3,4,138.86,0.14,0,0,0,0
159.82,6,5411,US,0,0,1,59.83,2.67,0,0,0,0
45.07,15,5912,US,0,0,1,118.93,0.38,0,0,0,0
114.13,11,5812,US,0,1,3,114.76,0.99,0,0,0,0
42.7,13,5732,US,0,0,2,73.01,0.58,0,0,1,0
41.53,14,5812,US,0,1,2,65.33,0.64,0,0,0,0
118.21,21,4121,US,0,0,5,139.32,0.85,0,0,0,0
156.48,15,5732,US,1,3,5,143.1,1.09,0,0,1,0
53.36,12,5814,US,0,2,4,83.29,0.64,0,0,0,0
283.12,13,5541,US,1,2,6,81.91,3.46,0,0,0,0
506.58,10,5732,US,8,18,39,43.57,11.63,0,0,1,1
95.98,16,5732,US,0,1,7,138.3,0.69,0,0,1,0
27.94,8,5812,US,0,0,1,90.24,0.31,0,0,0,0
21.0,15,5411,US,0,0,5,114.8,0.18,0,0,0,0
8.94,15,5814,US,0,2,6,82.24,0.11,0,0,0,0
18.81,17,5912,US,1,5,8,136.28,0.14,0,0,0,0
64.48,12,5912,US,1,2,4,68.58,0.94,0,0,0,0
72.38,10,5912,DE,0,1,7,83.05,0.87,1,0,0,0
124.27,8,5732,US,0,1,4,95.42,1.3,0,0,1,0
22.49,8,5411,US,1,2,7,149.6,0.15,0,0,0,0
211.97,14,5812,US,0,1,4,85.84,2.47,0,0,0,0
298.04,12,4121,US,0,0,3,85.82,3.47,0,0,0,0
13.64,15,5912,US,1,1,4,72.23,0.19,0,0,0,0
32.44,12,5812,US,1,3,5,113.19,0.29,0,0,0,0
40.15,11,5812,US,1,1,3,60.85,0.66,0,0,0,0
66.57,19,5814,US,0,0,2,51.6,1.29,0,0,0,0
60.46,15,5541,US,1,2,5,52.38,1.15,0,0,0,0
42.26,13,4121,US,0,0,3,127.82,0.33,0,0,0,0
113.63,11,5541,US,0,1,2,128.76,0.88,0,0,0,0
1173.25,11,5944,CN,4,5,10,62.43,18.79,1,0,1,1
59.18,14,5311,US,0,2,3,76.08,0.78,0,0,0,0
23.54,13,5812,US,0,2,4,92.49,0.25,0,0,0,0
348.33,4,5411,US,0,0,3,70.02,4.97,0,1,0,0
89.96,9,4121,US,0,0,5,62.3,1.44,0,0,0,0
8.71,9,4121,US,1,3,5,60.65,0.14,0,0,0,0
46.96,14,5541,US,0,1,2,127.5,0.37,0,0,0,0
24.93,18,5411,US,1,1,2,67.26,0.37,0,0,0,0
2225.77,1,6051,RO,1,4,9,83.68,26.6,1,1,1,1
20.0,17,4121,US,0,0,4,92.52,0.22,0,0,0,0
37.41,19,5912,US,1,2,3,86.74,0.43,0,0,0,0
14.82,17,5311,US,0,0,1,76.27,0.19,0,0,0,0
16.99,8,4121,US,1,3,3,74.01,0.23,0,0,0,0
15.5,13,5912,US,0,1,4,110.58,0.14,0,0,0,0
36.95,8,5311,US,0,3,4,101.47,0.36,0,0,0,0
63.29,12,5812,US,0,0,3,83.73,0.76,0,0,0,0
25.29,15,4121,US,0,0,4,73.73,0.34,0,0,0,0
17.76,12,5411,US,0,0,0,105.32,0.17,0,0,0,0
57.09,12,4121,US,0,1,1,67.23,0.85,0,0,0,0
13.02,17,5541,US,0,1,3,128.78,0.1,0,0,0,0
196.83,14,5411,US,0,4,9,85.72,2.3,0,0,0,0
9.64,12,5541,US,0,1,7,133.98,0.07,0,0,0,0
24.76,17,4121,US,0,1,5,113.74,0.22,0,0,0,0
61.15,10,5311,US,0,0,4,110.67,0.55,0,0,0,0
53.55,8,5812,US,0,1,2,143.37,0.37,0,0,0,0
51.91,6,5311,DE,0,2,3,102.27,0.51,1,0,0,0
162.54,11,5814,US,0,4,6,56.82,2.86,0,0,0,0
13.78,12,5311,US,0,3,4,56.41,0.24,0,0,0,0
103.59,12,4121,US,0,2,2,89.47,1.16,0,0,0,0
21.89,13,5541,US,0,1,3,67.07,0.33,0,0,0,0
101.28,16,5812,US,0,0,5,149.85,0.68,0,0,0,0
8.19,19,4121,US,0,1,5,102.87,0.08,0,0,0,0
14.73,15,5732,US,0,2,5,122.34,0.12,0,0,1,0
1.98,5,5311,UA,6,10,39,70.1,0.03,1,1,0,1
57.12,18,5732,US,0,1,4,55.88,1.02,0,0,1,0
51.1,14,4121,US,0,1,3,102.11,0.5,0,0,0,0
44.2,11,5732,US,0,1,8,134.84,0.33,0,0,1,0
44.71,21,5732,US,0,0,4,135.77,0.33,0,0,1,0
57.19,20,5814,US,0,0,0,83.1,0.69,0,0,0,0
20.2,15,5814,US,0,0,1,82.08,0.25,0,0,0,0
73.12,13,5311,US,0,0,0,126.35,0.58,0,0,0,0
72.33,10,5814,US,1,2,4,69.23,1.04,0,0,0,0
191.01,19,5814,US,0,1,4,137.87,1.39,0,0,0,0
41.48,14,5311,US,0,1,2,65.38,0.63,0,0,0,0
1699.74,15,6051,CN,4,5,8,69.88,24.32,1,0,1,1
173.27,21,5732,US,0,1,2,64.99,2.67,0,0,1,0
53.51,11,5812,US,0,2,3,50.84,1.05,0,0,0,0
49.8,23,5311,US,0,3,4,66.58,0.75,0,0,0,0
52.04,9,5411,US,0,0,3,119.76,0.43,0,0,0,0
44.43,11,5814,US,0,0,2,93.16,0.48,0,0,0,0
65.9,11,5411,US,0,0,4,121.29,0.54,0,0,0,0
1770.95,22,7995,NG,3,3,10,49.96,35.45,1,0,1,1
8.25,21,5732,US,0,0,0,68.17,0.12,0,0,1,0
101.72,16,5541,US,0,0,3,89.11,1.14,0,0,0,0
19.91,13,4121,US,0,0,1,69.27,0.29,0,0,0,0
97.98,11,5912,US,0,0,3,90.77,1.08,0,0,0,0
12.53,16,5812,US,0,1,4,122.61,0.1,0,0,0,0
12.87,7,5732,US,0,0,3,75.78,0.17,0,0,1,0
207.71,10,5814,US,1,4,7,88.55,2.35,0,0,0,0
72.41,15,5732,FR,0,0,4,119.16,0.61,1,0,1,0
47.67,5,5812,US,0,0,5,66.22,0.72,0,1,0,0
129.07,8,5812,US,0,2,4,58.04,2.22,0,0,0,0
125.76,15,5812,US,0,1,2,58.96,2.13,0,0,0,0
38.64,9,5541,CA,1,1,4,147.92,0.26,1,0,0,0
101.17,17,5311,US,1,1,2,148.14,0.68,0,0,0,0
32.56,11,5541,US,0,1,4,111.74,0.29,0,0,0,0
211.35,6,5814,US,0,0,4,56.63,3.73,0,0,0,0
23.85,19,5812,US,0,1,1,94.52,0.25,0,0,0,0
182.92,12,5411,US,0,0,0,110.67,1.65,0,0,0,0
18.32,11,5311,US,0,1,5,67.11,0.27,0,0,0,0
47.62,14,5541,US,0,0,2,136.25,0.35,0,0,0,0
24.56,7,5912,US,0,1,4,139.03,0.18,0,0,0,0
153.13,10,5812,US,1,3,5,62.68,2.44,0,0,0,0
87.91,14,5812,US,1,1,3,118.39,0.74,0,0,0,0
12.33,22,5812,US,0,0,2,138.9,0.09,0,0,0,0
45.74,17,5411,US,0,1,7,140.48,0.33,0,0,0,0
21.48,13,5732,US,0,1,4,107.78,0.2,0,0,1,0
1969.3,4,6051,RU,2,2,5,41.94,46.96,1,1,1,1
86.5,16,5912,FR,0,0,3,131.53,0.66,1,0,0,0
58.61,7,4121,US,0,0,1,62.86,0.93,0,0,0,0
35.16,6,4121,US,0,0,3,78.76,0.45,0,0,0,0
99.23,12,5812,US,0,2,5,70.68,1.4,0,0,0,0
28.56,17,5311,US,0,0,1,50.22,0.57,0,0,0,0
10.6,12,5311,US,0,3,5,66.01,0.16,0,0,0,0
51.78,13,4121,US,0,0,2,65.16,0.79,0,0,0,0
64.66,9,5541,US,0,2,2,126.35,0.51,0,0,0,0
39.15,16,5541,US,0,1,3,107.93,0.36,0,0,0,0
20.98,10,5411,US,0,1,5,71.78,0.29,0,0,0,0
38.03,11,5814,US,0,0,3,80.18,0.47,0,0,0,0
24.11,19,5732,US,1,2,4,55.15,0.44,0,0,1,0
61.6,8,4121,US,0,0,2,89.52,0.69,0,0,0,0
7417.37,5,5732,NG,1,3,9,82.69,89.7,1,1,1,1
304.43,17,5912,US,0,3,4,74.52,4.09,0,0,0,0
11.3,7,5732,US,0,1,3,82.8,0.14,0,0,1,0
42.78,19,5912,US,0,1,8,102.53,0.42,0,0,0,0
35.97,13,5812,US,0,0,1,87.41,0.41,0,0,0,0
36.55,15,5541,US,0,0,2,63.09,0.58,0,0,0,0
40.29,10,5812,US,0,1,3,89.06,0.45,0,0,0,0
147.09,21,5411,US,1,1,1,109.26,1.35,0,0,0,0
145.08,14,4121,FR,1,1,6,56.34,2.58,1,0,0,0
9.62,17,5812,US,0,1,2,57.45,0.17,0,0,0,0
49.81,9,5814,US,0,0,5,97.66,0.51,0,0,0,0
74.07,9,5411,US,0,0,4,98.13,0.75,0,0,0,0
16.7,10,5732,US,0,0,3,111.45,0.15,0,0,1,0
98.73,11,5311,US,1,3,3,110.45,0.89,0,0,0,0
139.66,15,5912,US,0,1,3,88.31,1.58,0,0,0,0
23.22,15,5411,US,0,0,5,80.99,0.29,0,0,0,0
28.42,22,5311,US,1,1,4,66.67,0.43,0,0,0,0
156.71,11,5311,GB,0,0,7,62.14,2.52,1,0,0,0
16.17,16,5541,US,1,1,6,59.24,0.27,0,0,0,0
18.57,10,5541,US,1,1,4,53.14,0.35,0,0,0,0
72.66,14,5732,US,0,0,3,51.36,1.41,0,0,1,0
13.72,19,5732,US,0,0,2,82.31,0.17,0,0,1,0
73.05,14,5732,US,0,0,3,130.72,0.56,0,0,1,0
20.04,15,5411,US,0,4,6,65.76,0.3,0,0,0,0
42.84,15,5912,US,2,2,4,62.97,0.68,0,0,0,0
414.58,10,5311,US,1,1,6,149.62,2.77,0,0,0,0
28.95,20,4121,US,0,0,0,133.49,0.22,0,0,0,0
82.35,16,5814,US,1,3,5,83.19,0.99,0,0,0,0
44.28,16,5311,US,0,0,3,129.15,0.34,0,0,0,0
26.61,20,5541,US,0,1,3,124.14,0.21,0,0,0,0
48.28,13,5732,US,0,0,3,124.36,0.39,0,0,1,0
51.39,18,5411,US,0,0,3,129.9,0.4,0,0,0,0
90.39,11,5311,US,0,1,2,148.48,0.61,0,0,0,0
14.84,15,4121,US,0,0,4,87.9,0.17,0,0,0,0
27.73,12,5812,US,0,2,4,115.15,0.24,0,0,0,0
13.13,12,5411,US,0,1,7,85.87,0.15,0,0,0,0
27.05,15,5812,US,0,0,7,58.57,0.46,0,0,0,0
91.58,14,4121,US,0,0,1,67.96,1.35,0,0,0,0
127.38,9,5541,US,2,4,12,85.44,1.49,0,0,0,0
182.7,18,4121,US,0,1,5,67.75,2.7,0,0,0,0
117.46,18,5812,US,0,2,3,94.53,1.24,0,0,0,0
89.87,15,5732,US,0,0,2,71.16,1.26,0,0,1,0
77.96,11,5812,US,0,0,1,68.07,1.15,0,0,0,0
32.75,21,5812,US,0,1,4,71.58,0.46,0,0,0,0
37.17,9,5912,US,0,0,3,140.56,0.26,0,0,0,0
27.34,14,4121,US,0,0,4,84.85,0.32,0,0,0,0
41.78,17,5411,US,0,0,3,115.5,0.36,0,0,0,0
48.34,17,5814,US,0,0,2,98.22,0.49,0,0,0,0
27.64,15,5732,US,1,1,4,73.99,0.37,0,0,1,0
132.25,16,5541,US,0,1,2,118.11,1.12,0,0,0,0
43.42,10,5311,US,0,0,2,73.43,0.59,0,0,0,0
10.1,19,5912,US,0,0,6,65.49,0.15,0,0,0,0
15.44,16,4121,US,0,2,2,81.2,0.19,0,0,0,0
25.91,11,5732,US,0,0,1,78.62,0.33,0,0,1,0
47.03,13,5411,US,0,4,8,88.63,0.53,0,0,0,0
7380.95,5,5944,CN,1,4,9,68.07,108.43,1,1,1,1
43.15,16,5812,US,0,0,1,82.38,0.52,0,0,0,0
28.04,18,5814,US,0,0,5,112.23,0.25,0,0,0,0
82.46,9,5912,US,0,0,1,55.46,1.49,0,0,0,0
354.06,15,5732,US,0,0,5,142.6,2.48,0,0,1,0
146.67,10,5311,US,0,0,2,73.68,1.99,0,0,0,0
24.23,19,5812,US,0,1,4,85.36,0.28,0,0,0,0
56.45,23,5812,CA,0,0,3,57.68,0.98,1,0,0,0
9.96,17,5812,US,0,0,2,79.5,0.13,0,0,0,0
117.95,10,5732,US,0,0,2,131.43,0.9,0,0,1,0
32.64,18,5541,US,0,0,3,101.35,0.32,0,0,0,0
25.29,16,5732,US,0,1,3,57.86,0.44,0,0,1,0
169.24,10,5311,US,1,2,5,111.06,1.52,0,0,0,0
38.06,20,5541,US,0,1,4,124.27,0.31,0,0,0,0
94.52,20,5541,US,0,0,3,136.16,0.69,0,0,0,0
51.67,18,5912,US,0,0,1,89.46,0.58,0,0,0,0
31.63,13,4121,US,0,0,0,81.75,0.39,0,0,0,0
6.21,13,5732,US,0,0,5,134.12,0.05,0,0,1,0
89.36,23,5814,GB,0,0,1,118.49,0.75,1,0,0,0
106.3,11,5812,US,0,0,7,105.35,1.01,0,0,0,0
50.81,15,5541,US,0,0,2,106.18,0.48,0,0,0,0
72.17,9,5311,US,0,0,3,54.59,1.32,0,0,0,0
133.28,14,5814,US,0,0,1,145.49,0.92,0,0,0,0
21.97,16,5411,US,0,2,2,90.79,0.24,0,0,0,0
44.8,8,5814,US,0,2,4,115.22,0.39,0,0,0,0
20.74,10,5912,US,0,1,4,142.89,0.15,0,0,0,0
33.42,16,5732,US,0,1,5,114.58,0.29,0,0,1,0
7.29,15,5541,US,0,0,2,98.13,0.07,0,0,0,0
5.95,15,5912,US,0,1,6,60.89,0.1,0,0,0,0
104.57,18,5814,US,0,1,4,93.44,1.12,0,0,0,0
27.86,13,5541,US,0,0,3,146.69,0.19,0,0,0,0
32.7,9,5812,US,0,0,2,122.64,0.27,0,0,0,0
116.19,7,5912,US,0,2,2,69.7,1.67,0,0,0,0
35.61,10,5311,US,0,0,2,105.94,0.34,0,0,0,0
125.25,14,5311,US,0,0,3,68.6,1.83,0,0,0,0
152.06,21,5814,US,0,1,5,140.08,1.09,0,0,0,0
3989.07,5,5944,UA,3,4,8,51.25,77.84,1,1,1,1
93.15,20,5411,FR,0,2,8,116.08,0.8,1,0,0,0
113.32,13,5912,US,0,1,1,54.72,2.07,0,0,0,0
27.0,13,5411,US,1,1,2,120.44,0.22,0,0,0,0
18.95,8,5541,US,0,2,6,58.16,0.33,0,0,0,0
130.54,9,5732,US,0,1,2,146.12,0.89,0,0,1,0
662.53,16,7995,RO,6,25,34,84.14,7.87,1,0,1,1
644.75,10,4829,NG,3,6,6,76.3,8.45,1,0,1,1
40.01,14,4121,US,0,2,5,112.45,0.36,0,0,0,0
31.69,12,4121,US,0,0,1,121.24,0.26,0,0,0,0
52.84,14,5814,US,1,1,5,143.18,0.37,0,0,0,0
98.03,14,5541,US,0,0,4,121.31,0.81,0,0,0,0
68.67,6,4121,US,0,3,5,73.2,0.94,0,0,0,0
41.57,16,5541,FR,0,1,1,125.84,0.33,1,0,0,0
71.32,6,4121,DE,0,2,6,72.18,0.99,1,0,0,0
41.35,13,5814,US,1,2,2,130.39,0.32,0,0,0,0
24.64,11,4121,US,0,2,5,91.17,0.27,0,0,0,0
53.54,12,5311,US,1,2,7,87.22,0.61,0,0,0,0
41.22,12,5411,US,0,1,2,90.66,0.45,0,0,0,0
24.61,16,5814,US,0,0,1,72.39,0.34,0,0,0,0
15.71,10,5814,US,0,2,5,113.43,0.14,0,0,0,0
123.88,21,5912,US,0,0,1,90.25,1.37,0,0,0,0
114.75,18,5814,US,0,2,4,117.02,0.98,0,0,0,0
42.73,11,4121,US,1,1,5,118.71,0.36,0,0,0,0
83.44,20,5411,US,1,1,3,92.74,0.9,0,0,0,0
6.84,19,5411,US,0,0,2,87.88,0.08,0,0,0,0
45.24,12,5912,US,1,1,4,142.44,0.32,0,0,0,0
1239.57,10,4829,RU,4,6,11,66.87,18.54,1,0,1,1
27.94,12,4121,US,0,0,2,111.9,0.25,0,0,0,0
26.56,17,5411,US,0,1,4,105.52,0.25,0,0,0,0
82.84,17,5732,US,0,0,3,68.46,1.21,0,0,1,0
25.68,7,5311,US,0,0,2,117.12,0.22,0,0,0,0
26.53,15,5732,US,1,3,6,64.45,0.41,0,0,1,0
114.07,17,5541,CA,0,2,4,68.33,1.67,1,0,0,0
174.08,17,5311,US,0,0,3,127.64,1.36,0,0,0,0
44.49,12,5912,US,0,1,2,92.34,0.48,0,0,0,0
58.27,16,5814,US,0,2,5,121.8,0.48,0,0,0,0
81.42,12,5411,US,0,3,5,59.39,1.37,0,0,0,0
157.3,13,4121,US,1,1,3,72.88,2.16,0,0,0,0
31.98,15,5814,US,0,0,3,128.91,0.25,0,0,0,0
25.04,11,4121,US,0,1,1,106.59,0.23,0,0,0,0
30.13,13,5814,US,0,0,4,132.9,0.23,0,0,0,0
56.24,18,5732,US,0,2,4,93.54,0.6,0,0,1,0
31.61,10,5311,US,0,0,2,112.88,0.28,0,0,0,0
94.65,17,4121,US,0,1,2,53.77,1.76,0,0,0,0
27.46,18,5812,US,0,0,0,92.32,0.3,0,0,0,0
68.27,16,5411,US,0,0,3,67.69,1.01,0,0,0,0
9.07,8,5812,US,0,0,1,140.11,0.06,0,0,0,0
116.75,17,5814,US,0,0,3,59.39,1.97,0,0,0,0
99.69,15,5541,US,1,3,4,136.51,0.73,0,0,0,0
138.47,13,4121,US,0,1,2,68.6,2.02,0,0,0,0
27.89,10,5812,US,0,0,3,117.13,0.24,0,0,0,0
123.03,15,5912,US,1,2,4,149.47,0.82,0,0,0,0
15.86,3,5541,US,1,1,3,139.49,0.11,0,1,0,0
29.37,11,5814,US,0,3,5,148.1,0.2,0,0,0,0
28.45,12,5311,US,0,3,3,94.64,0.3,0,0,0,0
56.19,13,5814,US,0,4,7,114.15,0.49,0,0,0,0
18.42,17,5311,US,0,1,2,70.78,0.26,0,0,0,0
8.0,11,5814,US,0,0,4,143.34,0.06,0,0,0,0
20.9,10,5732,US,0,0,0,76.1,0.27,0,0,1,0
78.3,10,5912,US,0,0,2,72.89,1.07,0,0,0,0
13.02,12,4121,US,1,1,1,127.4,0.1,0,0,0,0
77.0,13,5311,US,1,2,4,142.04,0.54,0,0,0,0
9.81,13,5732,US,0,1,5,51.88,0.19,0,0,1,0
144.9,15,4121,US,0,1,3,108.29,1.34,0,0,0,0
42.72,15,5411,US,0,1,5,128.16,0.33,0,0,0,0
181.13,15,5912,US,1,2,4,83.16,2.18,0,0,0,0
148.37,20,5732,US,1,1,4,83.86,1.77,0,0,1,0
60.25,13,4121,US,0,1,3,121.9,0.49,0,0,0,0
104.96,12,5812,US,0,0,2,136.88,0.77,0,0,0,0
62.42,14,5541,US,0,1,2,130.84,0.48,0,0,0,0
53.5,13,5732,US,1,1,4,74.56,0.72,0,0,1,0
110.07,17,4121,US,0,2,6,112.53,0.98,0,0,0,0
14.27,17,4121,US,0,1,2,120.66,0.12,0,0,0,0
34.02,15,4121,US,0,1,2,74.45,0.46,0,0,0,0
20.48,14,5411,US,1,2,5,53.38,0.38,0,0,0,0
13.39,12,5912,US,0,0,1,51.0,0.26,0,0,0,0
6.56,15,5541,US,0,2,6,122.46,0.05,0,0,0,0
33.82,16,5541,US,0,0,2,136.45,0.25,0,0,0,0
180.41,14,5732,US,0,2,4,81.97,2.2,0,0,1,0
220.04,14,4121,US,0,1,5,68.4,3.22,0,0,0,0
10.56,9,5814,US,1,3,4,149.09,0.07,0,0,0,0
99.73,5,5411,US,0,1,2,121.09,0.82,0,1,0,0
93.81,17,5311,US,1,1,2,58.73,1.6,0,0,0,0
326.07,16,5311,US,0,2,4,139.02,2.35,0,0,0,0
41.7,16,5732,CA,0,0,2,108.17,0.39,1,0,1,0
53.2,13,5912,US,0,0,3,119.08,0.45,0,0,0,0
129.32,18,5541,US,0,1,7,50.72,2.55,0,0,0,0
71.43,18,5311,US,1,1,5,104.62,0.68,0,0,0,0
61.29,12,5411,US,0,0,4,56.53,1.08,0,0,0,0
3156.82,0,4829,CN,3,3,9,61.32,51.48,1,1,1,1
18.99,18,5732,US,0,1,3,144.77,0.13,0,0,1,0
20.7,9,5812,US,0,1,2,137.88,0.15,0,0,0,0
80.18,13,5814,US,0,1,5,115.67,0.69,0,0,0,0
21.08,18,5814,US,2,3,5,86.93,0.24,0,0,0,0
25.47,13,5732,US,2,2,3,112.77,0.23,0,0,1,0
47.2,10,4121,US,0,0,4,89.43,0.53,0,0,0,0
75.42,12,5541,US,0,2,6,84.08,0.9,0,0,0,0
166.1,13,4121,US,0,0,1,53.83,3.09,0,0,0,0
12.32,9,5732,US,1,2,2,86.25,0.14,0,0,1,0
53.85,11,5912,US,0,1,3,93.2,0.58,0,0,0,0
12.44,17,5732,US,0,2,3,75.88,0.16,0,0,1,0
10.2,14,4121,US,1,2,5,138.43,0.07,0,0,0,0
7.93,18,5732,US,0,0,3,101.75,0.08,0,0,1,0
41.45,13,4121,US,0,1,4,105.84,0.39,0,0,0,0
83.57,8,5411,US,1,1,4,68.34,1.22,0,0,0,0
26.99,15,5541,US,0,1,4,52.28,0.52,0,0,0,0
50.34,13,5732,US,0,0,4,140.07,0.36,0,0,1,0
45.24,14,5311,US,0,0,5,80.3,0.56,0,0,0,0
311.27,13,5411,US,0,1,4,136.14,2.29,0,0,0,0
89.52,13,5812,US,0,1,3,94.84,0.94,0,0,0,0
4293.13,0,5732,RO,2,4,7,80.71,53.19,1,1,1,1
19.49,13,5812,US,0,0,2,67.12,0.29,0,0,0,0
46.14,19,5814,US,0,1,4,77.13,0.6,0,0,0,0
184.43,16,5912,US,0,1,4,103.84,1.78,0,0,0,0
305.51,14,5912,US,0,1,3,70.07,4.36,0,0,0,0
57.31,13,5541,US,0,1,4,130.59,0.44,0,0,0,0
145.08,11,5411,JP,0,0,4,130.92,1.11,1,0,0,0
67.03,15,5311,US,1,2,8,60.69,1.1,0,0,0,0
40.69,19,5311,US,0,1,4,142.97,0.28,0,0,0,0
56.48,7,5732,US,0,3,5,105.06,0.54,0,0,1,0
852.39,9,5732,NG,2,8,12,93.75,9.09,1,0,1,1
35.13,14,4121,US,0,0,0,106.25,0.33,0,0,0,0
275.08,10,5541,US,0,0,0,135.77,2.03,0,0,0,0
8.1,11,5411,US,1,1,1,104.43,0.08,0,0,0,0
87.33,3,4121,US,0,0,1,137.81,0.63,0,1,0,0
14.48,15,5732,US,0,1,1,129.85,0.11,0,0,1,0
11.88,10,4121,GB,0,1,2,106.18,0.11,1,0,0,0
57.47,16,5912,US,1,2,5,128.06,0.45,0,0,0,0
79.86,6,5812,US,0,1,5,118.69,0.67,0,0,0,0
133.27,13,5812,US,1,3,6,134.38,0.99,0,0,0,0
8.35,15,5541,US,2,3,8,102.68,0.08,0,0,0,0
144.01,6,5732,US,0,2,4,141.96,1.01,0,0,1,0
51.05,17,4121,US,0,0,2,70.94,0.72,0,0,0,0
228.58,5,5311,US,0,0,8,93.23,2.45,0,1,0,0
51.82,11,5541,US,1,1,4,90.12,0.58,0,0,0,0
37.52,16,5411,DE,1,2,4,104.62,0.36,1,0,0,0
16.17,17,5912,US,0,0,1,91.06,0.18,0,0,0,0
101.58,15,5411,US,0,0,0,65.65,1.55,0,0,0,0
59.54,17,5732,US,0,2,4,144.22,0.41,0,0,1,0
23.01,18,4121,US,0,1,2,51.56,0.45,0,0,0,0
40.73,13,5812,US,0,1,2,93.85,0.43,0,0,0,0
22.99,13,5732,US,0,2,3,99.97,0.23,0,0,1,0
59.73,13,5411,US,0,1,6,64.59,0.92,0,0,0,0
49.87,5,5812,US,0,1,8,109.07,0.46,0,1,0,0
66.15,12,5411,US,0,1,3,70.63,0.94,0,0,0,0
109.44,13,5912,US,0,0,3,61.33,1.78,0,0,0,0
23.57,17,4121,US,0,1,3,61.73,0.38,0,0,0,0
109.45,5,5814,US,0,0,2,64.46,1.7,0,1,0,0
36.33,20,5311,US,0,3,5,108.3,0.34,0,0,0,0
215.03,14,5411,US,0,1,4,71.18,3.02,0,0,0,0
7.36,18,5541,US,0,1,3,121.18,0.06,0,0,0,0
41.6,13,5732,US,0,0,0,87.46,0.48,0,0,1,0
76.29,11,5311,US,0,1,2,74.01,1.03,0,0,0,0
45.63,17,5311,US,0,0,1,134.61,0.34,0,0,0,0
32.16,21,5411,US,0,0,4,64.04,0.5,0,0,0,0
21.84,15,5541,US,1,1,4,137.93,0.16,0,0,0,0
63.71,13,5311,US,0,1,3,139.23,0.46,0,0,0,0
116.52,16,5732,US,1,1,3,113.85,1.02,0,0,1,0
33.24,12,5311,US,0,1,2,108.53,0.31,0,0,0,0
236.49,9,4121,US,0,1,3,89.73,2.64,0,0,0,0
42.43,11,4121,US,0,2,5,59.25,0.72,0,0,0,0
15.99,14,5541,US,0,0,5,82.96,0.19,0,0,0,0
18.59,16,5732,US,0,0,2,129.11,0.14,0,0,1,0
7.72,20,5411,US,0,1,4,76.17,0.1,0,0,0,0
28.21,14,5812,US,1,2,2,121.34,0.23,0,0,0,0
6.59,15,5912,US,0,2,9,126.18,0.05,0,0,0,0
12.99,11,5541,US,0,0,2,53.31,0.24,0,0,0,0
35.66,11,5814,US,0,2,4,77.56,0.46,0,0,0,0
2249.22,20,5944,NG,1,3,9,40.43,55.63,1,0,1,1
6.71,17,5411,US,1,1,5,67.8,0.1,0,0,0,0
115.67,19,5814,US,0,0,4,63.63,1.82,0,0,0,0
37.76,14,5541,US,1,2,3,73.63,0.51,0,0,0,0
26.09,10,5732,US,0,4,7,115.86,0.23,0,0,1,0
25.67,11,5812,US,0,1,2,65.04,0.39,0,0,0,0
38.85,12,5814,US,0,1,2,91.15,0.43,0,0,0,0
121.74,9,5814,US,0,1,2,86.07,1.41,0,0,0,0
18.81,10,5912,US,0,0,0,61.68,0.3,0,0,0,0
18.35,16,4121,US,0,3,7,129.63,0.14,0,0,0,0
9.32,12,5814,US,0,0,2,142.61,0.07,0,0,0,0
9.56,14,5541,US,0,1,2,118.94,0.08,0,0,0,0
37.22,14,5912,US,2,2,7,120.35,0.31,0,0,0,0
1043.88,13,5732,US,0,0,0,115.33,9.05,0,0,1,0
57.86,7,5541,US,1,2,7,108.61,0.53,0,0,0,0
209.02,18,5311,US,0,1,3,113.06,1.85,0,0,0,0
13.15,15,5812,US,0,1,3,74.54,0.18,0,0,0,0
3.0,20,5812,US,0,1,4,104.26,0.03,0,0,0,0
101.79,12,5541,US,0,1,4,132.16,0.77,0,0,0,0
31.63,16,5311,US,0,2,7,75.56,0.42,0,0,0,0
50.35,23,5814,US,1,1,2,122.28,0.41,0,0,0,0
50.81,13,5912,US,0,1,3,139.86,0.36,0,0,0,0
48.5,14,5814,US,0,1,5,51.36,0.94,0,0,0,0
22.1,15,5411,US,1,3,5,75.52,0.29,0,0,0,0
53.95,15,5912,JP,0,1,3,93.25,0.58,1,0,0,0
2184.76,20,6051,CN,4,8,10,67.57,32.33,1,0,1,1
90.88,16,5814,US,0,2,9,99.75,0.91,0,0,0,0
17.73,14,5411,US,0,4,8,69.68,0.25,0,0,0,0
57.52,6,5411,US,0,0,3,54.92,1.05,0,0,0,0
39.23,13,5311,US,0,1,5,73.96,0.53,0,0,0,0
30.16,14,5732,US,0,0,2,61.25,0.49,0,0,1,0
16.26,15,5912,US,0,0,2,50.46,0.32,0,0,0,0
17.87,20,5732,US,0,0,5,122.4,0.15,0,0,1,0
87.78,13,5732,US,0,1,2,54.45,1.61,0,0,1,0
308.01,21,4829,US,8,21,30,93.7,3.29,0,0,1,1
12.96,12,5814,US,0,0,2,136.08,0.1,0,0,0,0
33.18,15,5411,US,1,2,3,105.49,0.31,0,0,0,0
108.16,15,5814,US,0,0,4,78.83,1.37,0,0,0,0
169.88,13,5814,US,0,2,4,57.91,2.93,0,0,0,0
99.62,16,5732,US,0,0,2,111.5,0.89,0,0,1,0
19.1,7,5814,US,0,1,1,100.48,0.19,0,0,0,0
48.91,9,5732,US,0,3,7,117.98,0.41,0,0,1,0
24.62,16,5812,US,0,0,2,72.69,0.34,0,0,0,0
2.55,2,5311,US,14,20,46,80.71,0.03,0,1,0,1
19.74,17,5311,US,1,3,7,134.25,0.15,0,0,0,0
23.45,6,5812,US,0,1,3,69.72,0.34,0,0,0,0
137.87,22,5814,US,0,1,2,131.35,1.05,0,0,0,0
30.61,18,5732,US,0,3,4,60.71,0.5,0,0,1,0
19.4,11,5311,US,0,1,3,129.9,0.15,0,0,0,0
33.29,18,5912,US,0,3,5,61.29,0.54,0,0,0,0
26.98,15,4121,US,1,2,6,86.8,0.31,0,0,0,0
51.76,19,5732,US,0,1,1,65.16,0.79,0,0,1,0
146.42,17,5814,US,0,0,1,119.1,1.23,0,0,0,0
82.35,9,5814,GB,0,3,4,148.95,0.55,1,0,0,0
149.58,16,5411,US,0,0,2,99.88,1.5,0,0,0,0
17.4,14,5411,US,0,3,6,65.2,0.27,0,0,0,0
47.55,14,4121,US,0,0,1,134.56,0.35,0,0,0,0
6.72,23,5732,US,0,0,3,65.68,0.1,0,0,1,0
11.86,12,5732,DE,0,0,0,93.82,0.13,1,0,1,0
88.06,16,5912,US,0,0,3,61.8,1.42,0,0,0,0
35.51,13,5812,US,0,0,3,83.38,0.43,0,0,0,0
67.99,14,5912,JP,0,1,2,121.34,0.56,1,0,0,0
28.06,15,4121,US,0,0,3,102.54,0.27,0,0,0,0
3.04,15,5732,US,2,2,4,81.03,0.04,0,0,1,0
46.49,16,5814,US,1,1,4,69.15,0.67,0,0,0,0
140.62,17,5411,US,2,2,4,115.32,1.22,0,0,0,0
10.88,18,5912,US,0,1,4,60.65,0.18,0,0,0,0
16.1,10,5814,US,0,2,6,96.98,0.17,0,0,0,0
122.82,3,5411,US,1,1,5,63.44,1.94,0,1,0,0
48.58,10,5912,US,0,0,2,58.2,0.83,0,0,0,0
8.51,7,5814,US,0,1,4,97.38,0.09,0,0,0,0
10.62,9,5311,US,0,0,3,139.57,0.08,0,0,0,0
99.93,16,5912,US,0,2,5,54.2,1.84,0,0,0,0
12.91,14,5812,US,0,0,1,74.0,0.17,0,0,0,0
115.77,8,5732,US,1,2,5,69.08,1.68,0,0,1,0
24.88,13,5812,US,0,2,3,60.11,0.41,0,0,0,0
239.36,13,5912,US,0,0,1,120.32,1.99,0,0,0,0
40.31,15,5814,US,0,1,4,80.93,0.5,0,0,0,0
75.29,14,5541,US,0,0,4,83.26,0.9,0,0,0,0
53.65,15,5541,US,0,1,2,57.4,0.93,0,0,0,0
21.14,8,5812,US,0,1,3,74.52,0.28,0,0,0,0
110.54,18,5812,US,0,0,2,82.43,1.34,0,0,0,0
20.16,10,5912,US,0,0,4,140.41,0.14,0,0,0,0
81.33,10,5912,US,2,2,4,145.21,0.56,0,0,0,0
26.07,22,5411,US,1,3,6,61.0,0.43,0,0,0,0
4.74,17,5812,US,0,2,6,63.93,0.07,0,0,0,0
59.83,15,5812,US,0,0,3,89.02,0.67,0,0,0,0
45.69,21,5732,US,0,1,4,142.88,0.32,0,0,1,0
108.78,17,4121,US,0,1,5,97.72,1.11,0,0,0,0
70.16,19,5311,US,1,1,3,135.64,0.52,0,0,0,0
147.13,14,4121,US,1,2,6,106.92,1.38,0,0,0,0
47.76,16,5912,US,0,0,2,134.01,0.36,0,0,0,0
60.0,10,5732,JP,1,3,8,56.18,1.07,1,0,1,0
57.24,12,5541,US,0,0,3,120.59,0.47,0,0,0,0
64.05,9,5311,US,0,0,3,145.17,0.44,0,0,0,0
137.12,11,4121,US,0,2,4,107.33,1.28,0,0,0,0
95.72,20,5541,US,1,3,4,83.69,1.14,0,0,0,0
220.13,17,5812,US,0,0,0,78.49,2.8,0,0,0,0
62.53,9,5732,US,0,3,4,74.7,0.84,0,0,1,0
83.6,15,5311,US,0,0,2,92.71,0.9,0,0,0,0
146.92,13,5732,US,0,0,3,56.43,2.6,0,0,1,0
24.07,18,5812,US,1,2,6,94.06,0.26,0,0,0,0
76.1,12,5732,US,0,0,2,92.45,0.82,0,0,1,0
148.89,13,5411,US,0,1,1,95.06,1.57,0,0,0,0
2252.48,11,5944,CY,4,4,8,90.43,24.91,1,0,1,1
179.77,17,4121,US,0,1,6,137.21,1.31,0,0,0,0
49.94,10,5812,US,0,1,3,56.49,0.88,0,0,0,0
57.93,9,5541,US,1,2,4,90.39,0.64,0,0,0,0
23.0,13,5411,US,0,0,3,130.24,0.18,0,0,0,0
55.65,14,5411,GB,0,1,1,87.95,0.63,1,0,0,0
1393.88,16,7995,CN,3,4,8,89.08,15.65,1,0,1,1
44.02,16,5541,US,0,1,3,68.8,0.64,0,0,0,0
100.65,11,5311,US,0,1,3,50.65,1.99,0,0,0,0
49.8,17,5541,GB,0,2,5,144.61,0.34,1,0,0,0
46.06,14,5311,US,1,1,2,84.89,0.54,0,0,0,0
97.05,16,5814,US,0,1,5,87.96,1.1,0,0,0,0
100.21,15,5814,US,0,0,0,146.74,0.68,0,0,0,0
10.66,10,5912,US,0,0,1,87.41,0.12,0,0,0,0
60.12,14,5732,US,0,0,2,124.64,0.48,0,0,1,0
52.59,11,5732,US,1,3,4,84.95,0.62,0,0,1,0
44.99,14,5311,US,0,0,2,144.65,0.31,0,0,0,0
0.81,22,5311,UA,9,14,23,49.39,0.02,1,0,0,1
33.8,9,5912,US,0,1,2,70.2,0.48,0,0,0,0
120.49,18,5812,US,1,3,4,87.35,1.38,0,0,0,0
25.41,16,5812,US,0,1,2,63.58,0.4,0,0,0,0
110.51,16,5912,US,0,1,4,123.32,0.9,0,0,0,0
35.81,13,5541,US,1,1,3,53.14,0.67,0,0,0,0
33.12,13,5814,US,1,3,6,113.03,0.29,0,0,0,0
105.08,14,5912,JP,0,0,0,109.73,0.96,1,0,0,0
28.89,10,5812,US,0,0,5,55.13,0.52,0,0,0,0
133.51,18,5541,US,0,1,3,84.56,1.58,0,0,0,0
48.54,11,5732,US,0,0,3,141.31,0.34,0,0,1,0
18.32,12,5814,US,1,1,1,125.39,0.15,0,0,0,0
208.62,6,5541,US,0,1,3,87.39,2.39,0,0,0,0
51.31,12,4121,US,0,0,4,56.14,0.91,0,0,0,0
46.2,12,5812,US,0,1,1,140.77,0.33,0,0,0,0
85.35,18,5311,US,0,0,6,125.68,0.68,0,0,0,0
40.05,18,5814,US,0,2,4,95.02,0.42,0,0,0,0
51.75,10,5732,US,1,1,6,137.98,0.38,0,0,1,0
46.89,6,5912,US,0,1,4,63.49,0.74,0,0,0,0
20.91,12,5541,US,0,0,1,81.46,0.26,0,0,0,0
322.27,12,5912,US,1,1,4,100.07,3.22,0,0,0,0
22.89,11,5541,US,0,1,4,67.11,0.34,0,0,0,0
18.94,12,5912,US,0,0,1,122.96,0.15,0,0,0,0
115.21,14,5311,US,1,1,4,80.57,1.43,0,0,0,0
90.42,13,5411,JP,0,1,3,127.35,0.71,1,0,0,0
77.79,7,4121,US,1,2,5,109.9,0.71,0,0,0,0
1.9,6,5311,US,6,26,45,47.38,0.04,0,0,0,1
37.66,18,5812,US,0,1,2,126.82,0.3,0,0,0,0
379.37,18,5311,US,1,1,4,96.17,3.94,0,0,0,0
53.92,10,5411,CA,0,0,3,131.18,0.41,1,0,0,0
136.27,7,5812,US,0,1,3,124.92,1.09,0,0,0,0
20.55,17,5814,US,0,0,1,141.86,0.14,0,0,0,0
12.73,12,5411,GB,0,2,4,108.96,0.12,1,0,0,0
8.21,18,5732,US,0,1,3,127.42,0.06,0,0,1,0
3872.37,0,6051,UA,1,4,6,70.04,55.29,1,1,1,1
192.46,14,4121,US,0,0,2,65.56,2.94,0,0,0,0
58.51,14,5541,US,0,0,4,101.53,0.58,0,0,0,0
52.32,13,5541,US,0,1,3,51.32,1.02,0,0,0,0
42.55,15,5814,US,0,0,2,52.96,0.8,0,0,0,0
60.01,17,5411,US,2,2,2,135.56,0.44,0,0,0,0
18.08,17,5812,US,0,0,2,92.58,0.2,0,0,0,0
60.13,13,5912,US,0,0,4,126.14,0.48,0,0,0,0
17.84,18,5812,US,0,0,2,107.46,0.17,0,0,0,0
82.18,14,5541,US,0,2,4,53.31,1.54,0,0,0,0
164.83,13,5814,US,0,0,4,108.82,1.51,0,0,0,0
7.86,14,5912,US,0,1,5,51.68,0.15,0,0,0,0
49.18,11,5541,US,0,1,5,134.37,0.37,0,0,0,0
22.6,8,5812,US,0,0,5,136.08,0.17,0,0,0,0
38.26,10,5411,US,1,1,3,141.72,0.27,0,0,0,0
16.32,5,5912,US,0,0,1,88.84,0.18,0,1,0,0
99.27,17,5814,US,0,2,3,108.85,0.91,0,0,0,0
8.7,19,5732,DE,0,1,4,135.05,0.06,1,0,1,0
26.6,13,5311,US,0,0,3,110.59,0.24,0,0,0,0
49.71,10,5541,US,1,4,6,88.77,0.56,0,0,0,0
39.68,15,5814,US,0,4,7,53.38,0.74,0,0,0,0
507.77,17,6051,GB,6,19,23,64.31,7.9,1,0,1,1
33.45,12,5311,JP,0,0,1,75.74,0.44,1,0,0,0
7998.78,5,5732,CY,2,6,9,52.87,151.29,1,1,1,1
32.04,12,4121,US,0,0,4,148.0,0.22,0,0,0,0
144.74,14,5311,US,1,1,5,71.77,2.02,0,0,0,0
27.86,15,5541,US,0,0,1,93.2,0.3,0,0,0,0
53.24,14,5732,US,0,3,4,65.77,0.81,0,0,1,0
50.57,16,5311,US,1,3,4,116.12,0.44,0,0,0,0
31.3,6,5411,US,0,1,5,53.44,0.59,0,0,0,0
24.59,6,5912,US,0,0,5,94.77,0.26,0,0,0,0
58.05,12,5812,US,0,0,4,83.24,0.7,0,0,0,0
62.04,12,5814,US,0,1,2,79.16,0.78,0,0,0,0
20.83,10,4121,US,0,2,3,99.82,0.21,0,0,0,0
112.38,18,5541,US,0,1,3,84.8,1.33,0,0,0,0
83.79,14,5812,US,0,1,2,62.56,1.34,0,0,0,0
18.54,12,5812,US,0,1,4,82.32,0.23,0,0,0,0
12.45,13,5812,US,1,2,5,128.77,0.1,0,0,0,0
32.15,15,5812,US,0,1,4,118.64,0.27,0,0,0,0
90.34,20,5732,US,1,2,3,138.71,0.65,0,0,1,0
8.74,9,5814,US,1,2,5,88.59,0.1,0,0,0,0
687.68,12,7995,US,7,10,22,66.31,10.37,0,0,1,1
98.33,11,5411,US,0,0,3,60.33,1.63,0,0,0,0
25.97,15,4121,US,0,0,2,96.46,0.27,0,0,0,0
166.74,16,5541,US,0,3,4,144.72,1.15,0,0,0,0
34.3,14,5812,CA,0,0,3,117.04,0.29,1,0,0,0
43.25,11,5912,US,0,0,4,140.8,0.31,0,0,0,0
50.26,15,5912,US,0,2,2,112.66,0.45,0,0,0,0
332.05,11,5912,US,0,1,2,116.53,2.85,0,0,0,0
22.94,16,4121,US,0,0,3,105.48,0.22,0,0,0,0
1.64,6,5311,UA,6,30,26,70.97,0.02,1,0,0,1
1566.61,1,4829,RU,2,3,11,41.12,38.1,1,1,1,1
82.35,9,5732,US,1,1,2,63.49,1.3,0,0,1,0
60.57,22,5912,US,1,1,4,95.1,0.64,0,0,0,0
41.71,2,5411,US,1,3,7,119.04,0.35,0,1,0,0
21.88,14,5411,US,0,1,4,53.35,0.41,0,0,0,0
20.37,17,5812,US,0,0,1,102.33,0.2,0,0,0,0
11.06,13,5541,US,0,1,2,131.42,0.08,0,0,0,0
14.75,9,4121,US,0,1,2,91.27,0.16,0,0,0,0
18.57,19,4121,US,0,3,3,88.04,0.21,0,0,0,0
45.49,13,5311,US,0,0,1,149.12,0.31,0,0,0,0
18.19,12,5541,GB,0,3,8,133.35,0.14,1,0,0,0
865.38,20,6051,US,5,14,22,94.34,9.17,0,0,1,1
45.61,23,5814,US,0,2,4,92.76,0.49,0,0,0,0
44.11,18,5311,US,0,0,2,67.91,0.65,0,0,0,0
26.41,15,5732,US,0,1,1,61.18,0.43,0,0,1,0
55.92,13,5812,US,0,1,4,132.13,0.42,0,0,0,0
8.04,13,5814,US,0,1,5,66.09,0.12,0,0,0,0
99.29,12,5812,US,0,0,4,114.17,0.87,0,0,0,0
25.84,8,5812,US,0,0,6,51.65,0.5,0,0,0,0
8.94,17,5311,US,0,0,3,92.35,0.1,0,0,0,0
1797.84,6,7995,CY,1,2,11,61.77,29.11,1,0,1,1
157.63,8,5541,US,0,0,0,112.58,1.4,0,0,0,0
90.89,11,5812,US,0,0,4,78.71,1.15,0,0,0,0
114.02,15,4121,US,1,1,5,148.93,0.77,0,0,0,0
32.46,20,5912,US,0,2,6,75.49,0.43,0,0,0,0
26.63,17,5814,US,0,1,3,115.49,0.23,0,0,0,0
768.12,20,5732,US,4,19,21,98.75,7.78,0,0,1,1
44.2,17,5812,US,0,1,3,52.46,0.84,0,0,0,0
73.05,13,5411,US,1,1,4,143.52,0.51,0,0,0,0
22.47,14,5814,US,0,0,2,56.29,0.4,0,0,0,0
67.8,8,5912,US,0,0,3,75.03,0.9,0,0,0,0
22.13,11,5541,US,0,0,5,134.68,0.16,0,0,0,0
56.7,17,5732,US,1,1,3,80.78,0.7,0,0,1,0
43.14,17,5912,US,0,1,3,51.12,0.84,0,0,0,0
33.6,23,5732,US,1,1,7,143.34,0.23,0,0,1,0
78.43,2,5411,US,1,2,6,115.13,0.68,0,1,0,0
36.11,21,5814,DE,1,1,3,57.02,0.63,1,0,0,0
2608.38,18,6051,CY,4,7,9,95.99,27.17,1,0,1,1
66.43,7,5311,CA,0,3,8,135.04,0.49,1,0,0,0
30.23,15,5814,US,0,0,1,93.19,0.32,0,0,0,0
69.02,13,5541,US,0,0,1,97.82,0.71,0,0,0,0
22.86,6,4121,FR,0,0,3,67.3,0.34,1,0,0,0
35.2,18,4121,US,0,0,4,140.28,0.25,0,0,0,0
51.47,7,5311,US,0,0,2,145.93,0.35,0,0,0,0
5.25,10,4121,US,0,2,3,140.12,0.04,0,0,0,0
9.61,15,4121,US,2,4,7,136.56,0.07,0,0,0,0
59.68,19,5912,US,0,0,3,142.28,0.42,0,0,0,0
61.04,12,5812,US,0,0,2,83.85,0.73,0,0,0,0
52.58,12,5732,US,0,1,4,62.21,0.85,0,0,1,0
15.03,16,5541,CA,0,3,6,110.71,0.14,1,0,0,0
124.21,12,4121,US,0,1,2,105.15,1.18,0,0,0,0
179.15,0,5732,US,1,3,3,140.47,1.28,0,1,1,0
41.65,16,4121,US,0,1,2,62.26,0.67,0,0,0,0
2.67,23,5311,US,8,16,23,48.21,0.06,0,0,0,1
11.49,13,5311,US,0,2,4,99.08,0.12,0,0,0,0
12.62,6,5912,US,0,1,2,103.04,0.12,0,0,0,0
170.2,10,5311,US,0,1,6,55.95,3.04,0,0,0,0
18.91,10,5732,US,0,1,7,75.56,0.25,0,0,1,0
32.52,5,5912,US,0,1,1,66.17,0.49,0,1,0,0
13.57,9,5732,CA,0,0,3,85.92,0.16,1,0,1,0
97.35,8,5541,US,0,1,6,51.21,1.9,0,0,0,0
37.13,4,5541,US,1,2,3,51.82,0.72,0,1,0,0
150.34,13,5912,US,0,1,1,142.63,1.05,0,0,0,0
14.62,16,4121,US,0,1,4,82.39,0.18,0,0,0,0
16.6,13,5732,US,0,1,3,110.84,0.15,0,0,1,0
132.59,15,5311,US,0,3,6,138.11,0.96,0,0,0,0
52.42,16,5411,US,0,1,4,126.52,0.41,0,0,0,0
14.78,16,5411,US,0,0,3,137.95,0.11,0,0,0,0
37.3,22,5541,US,0,1,7,92.59,0.4,0,0,0,0
19.1,9,5732,US,0,0,3,104.36,0.18,0,0,1,0
54.04,20,5812,US,0,1,3,137.9,0.39,0,0,0,0
35.59,17,5812,US,0,3,6,130.86,0.27,0,0,0,0
3.37,14,5541,US,0,0,3,131.14,0.03,0,0,0,0
58.45,20,5732,US,0,0,1,90.32,0.65,0,0,1,0
169.16,18,6051,US,5,20,30,96.44,1.75,0,0,1,1
84.77,9,5812,US,1,3,3,92.0,0.92,0,0,0,0
52.87,10,5814,GB,0,0,0,87.65,0.6,1,0,0,0
78.9,18,5812,US,0,0,3,143.33,0.55,0,0,0,0
66.19,17,5311,US,0,0,5,59.05,1.12,0,0,0,0
65.83,14,5812,US,0,0,4,96.95,0.68,0,0,0,0
56.42,23,5411,US,1,2,6,115.09,0.49,0,0,0,0
21.93,13,5812,US,1,1,3,122.15,0.18,0,0,0,0
4.18,12,5814,US,2,4,9,99.43,0.04,0,0,0,0
16.09,7,5311,US,0,1,5,115.07,0.14,0,0,0,0
194.62,12,4121,DE,0,0,3,132.17,1.47,1,0,0,0
27.88,14,5411,US,0,0,4,62.1,0.45,0,0,0,0
209.3,14,5411,US,2,5,8,144.14,1.45,0,0,0,0
29.84,14,5541,US,1,2,3,149.73,0.2,0,0,0,0
38.77,16,5311,US,0,0,3,123.81,0.31,0,0,0,0
9.36,15,5411,US,3,5,8,73.34,0.13,0,0,0,0
71.78,19,5814,US,0,2,5,91.04,0.79,0,0,0,0
73.67,17,4121,US,1,1,2,115.86,0.64,0,0,0,0
112.14,10,5732,DE,1,1,6,57.42,1.95,1,0,1,0
227.14,15,5812,US,0,1,4,80.9,2.81,0,0,0,0
9.4,11,5812,US,1,3,4,123.48,0.08,0,0,0,0
14.41,18,5311,US,1,2,4,101.5,0.14,0,0,0,0
37.81,11,5411,US,0,0,3,125.1,0.3,0,0,0,0
18.14,17,5732,US,0,1,3,82.08,0.22,0,0,1,0
47.08,18,5411,US,0,0,2,124.71,0.38,0,0,0,0
11.49,20,5912,US,0,1,2,120.14,0.1,0,0,0,0
22.8,12,5732,US,0,1,2,75.19,0.3,0,0,1,0
22.13,17,5311,US,0,0,1,111.37,0.2,0,0,0,0
36.51,11,5311,US,0,0,1,88.57,0.41,0,0,0,0
181.18,20,5814,CA,0,2,4,100.61,1.8,1,0,0,0
25.32,12,4121,US,0,1,2,131.86,0.19,0,0,0,0
50.75,15,5411,US,0,0,4,105.58,0.48,0,0,0,0
33.84,22,5411,US,0,0,1,74.78,0.45,0,0,0,0
287.17,8,5311,US,0,0,6,104.22,2.76,0,0,0,0
16.96,14,5912,US,0,0,0,88.63,0.19,0,0,0,0
84.0,19,5541,US,0,2,7,92.23,0.91,0,0,0,0
104.3,8,4121,US,0,0,3,123.91,0.84,0,0,0,0
35.25,15,5411,US,0,1,4,132.51,0.27,0,0,0,0
7.69,15,5541,US,1,3,5,56.32,0.14,0,0,0,0
195.57,9,5541,CA,0,1,2,74.86,2.61,1,0,0,0
88.75,22,5912,US,1,2,6,106.93,0.83,0,0,0,0
11.83,10,5541,US,1,2,5,96.47,0.12,0,0,0,0
51.58,7,5411,US,1,2,4,94.1,0.55,0,0,0,0
33.39,12,4121,US,0,1,4,85.34,0.39,0,0,0,0
87.79,14,5912,JP,0,1,2,137.15,0.64,1,0,0,0
32.05,13,5814,US,0,0,3,116.17,0.28,0,0,0,0
28.47,13,4121,US,0,0,4,149.76,0.19,0,0,0,0
53.24,16,5311,US,0,0,1,142.14,0.37,0,0,0,0
12.85,12,4121,US,0,0,3,138.75,0.09,0,0,0,0
40.49,10,5812,US,0,0,1,83.76,0.48,0,0,0,0
4753.84,2,5944,CN,3,4,9,57.83,82.2,1,1,1,1
27.06,16,4121,US,0,0,2,88.49,0.31,0,0,0,0
21.7,16,5812,US,0,1,3,92.77,0.23,0,0,0,0
63.28,5,5541,US,1,2,3,144.63,0.44,0,1,0,0
35.96,15,5812,US,0,1,4,53.87,0.67,0,0,0,0
9420.27,1,6051,US,1,5,7,54.67,172.31,0,1,1,1
61.25,17,5541,US,0,0,3,114.65,0.53,0,0,0,0
30.41,14,4121,US,0,3,5,125.46,0.24,0,0,0,0
42.41,16,5411,US,0,1,5,64.83,0.65,0,0,0,0
44.53,22,5541,US,0,3,5,55.16,0.81,0,0,0,0
85.34,7,5814,DE,0,1,5,122.22,0.7,1,0,0,0
43.06,11,5411,US,0,2,3,64.92,0.66,0,0,0,0
59.99,15,5411,US,2,2,7,62.44,0.96,0,0,0,0
1.94,22,5311,US,10,30,48,76.76,0.03,0,0,0,1
223.04,9,5541,US,0,0,2,124.62,1.79,0,0,0,0
18.41,13,4121,US,0,0,2,100.8,0.18,0,0,0,0
14.11,16,5812,US,0,0,2,54.68,0.26,0,0,0,0
1580.22,3,5944,NG,3,7,12,49.75,31.76,1,1,1,1
229.5,9,5912,US,0,0,2,144.69,1.59,0,0,0,0
42.05,17,5732,US,0,1,4,128.68,0.33,0,0,1,0
23.63,16,5912,US,0,1,4,71.98,0.33,0,0,0,0
270.01,9,5812,US,1,1,3,119.92,2.25,0,0,0,0
156.62,13,5411,US,0,1,2,132.27,1.18,0,0,0,0
71.02,15,5912,US,0,0,2,89.69,0.79,0,0,0,0
17.87,23,5311,US,0,1,7,72.74,0.25,0,0,0,0
75.8,15,5732,US,0,0,5,100.02,0.76,0,0,1,0
62.67,14,5411,US,0,0,2,72.47,0.86,0,0,0,0
23.45,7,5541,US,1,2,6,65.44,0.36,0,0,0,0
83.03,12,5812,US,0,0,4,91.77,0.9,0,0,0,0
2578.17,0,6051,CY,2,2,9,79.57,32.4,1,1,1,1
4.3,14,5912,US,1,1,4,85.59,0.05,0,0,0,0
126.73,16,5812,US,1,2,4,134.91,0.94,0,0,0,0
268.48,15,5814,US,0,0,3,88.32,3.04,0,0,0,0
45.97,18,5311,US,0,2,6,131.32,0.35,0,0,0,0
23.0,9,5812,US,0,1,3,90.99,0.25,0,0,0,0
2.16,23,5311,UA,15,12,38,84.13,0.03,1,0,0,1
8.86,18,5912,US,0,0,2,143.85,0.06,0,0,0,0
46.84,7,5814,US,0,0,2,146.43,0.32,0,0,0,0
25.38,18,4121,US,1,3,3,103.02,0.25,0,0,0,0
224.16,18,5311,US,1,3,4,61.01,3.67,0,0,0,0
50.77,15,5411,US,0,0,3,124.59,0.41,0,0,0,0
42.72,14,5812,US,3,4,6,121.11,0.35,0,0,0,0
65.67,14,5732,US,0,1,3,62.03,1.06,0,0,1,0
64.26,18,5732,US,0,0,1,72.79,0.88,0,0,1,0
33.81,12,4121,US,0,1,2,145.81,0.23,0,0,0,0
63.41,7,5814,US,0,1,1,90.1,0.7,0,0,0,0
35.21,16,5812,US,1,1,4,54.51,0.65,0,0,0,0
24.49,13,5311,US,0,1,5,93.42,0.26,0,0,0,0
137.33,17,5814,US,0,1,2,89.08,1.54,0,0,0,0
118.57,14,5812,US,1,1,3,68.25,1.74,0,0,0,0
30.97,12,5541,US,1,1,1,95.6,0.32,0,0,0,0
19.28,14,5732,US,1,2,6,127.22,0.15,0,0,1,0
149.19,13,4121,US,0,0,3,53.99,2.76,0,0,0,0
43.06,21,5411,US,0,1,3,62.84,0.69,0,0,0,0
58.79,16,5812,US,0,2,3,138.56,0.42,0,0,0,0
21.58,16,5541,US,0,1,1,89.92,0.24,0,0,0,0
1267.37,17,6051,RU,1,2,7,88.44,14.33,1,0,1,1
299.25,17,5732,US,1,2,6,64.89,4.61,0,0,1,0
6.6,13,4121,US,0,1,3,106.02,0.06,0,0,0,0
27.89,22,5814,US,1,1,3,142.32,0.2,0,0,0,0
14.42,15,5411,US,1,5,10,140.04,0.1,0,0,0,0
40.7,4,5912,GB,1,2,2,119.61,0.34,1,1,0,0
38.07,5,5912,US,0,0,1,101.74,0.37,0,1,0,0
27.38,14,5732,US,0,0,1,147.15,0.19,0,0,1,0
32.35,13,5912,US,1,2,5,96.64,0.33,0,0,0,0
2.9,9,5814,US,0,0,4,97.02,0.03,0,0,0,0
93.43,18,5812,US,0,1,7,79.6,1.17,0,0,0,0
102.43,12,5732,US,0,1,3,90.56,1.13,0,0,1,0
63.56,11,5311,US,0,0,0,126.85,0.5,0,0,0,0
51.85,20,4121,US,0,1,4,143.78,0.36,0,0,0,0
67.56,13,5732,US,1,1,3,147.28,0.46,0,0,1,0
76.13,9,5732,US,0,0,2,112.87,0.67,0,0,1,0
21.4,6,5912,CA,0,0,1,138.35,0.15,1,0,0,0
29.15,15,5814,US,0,0,2,111.08,0.26,0,0,0,0
20.23,13,5912,US,0,1,5,73.2,0.28,0,0,0,0
45.66,17,5812,US,0,1,5,101.51,0.45,0,0,0,0
753.63,4,6051,RO,6,12,16,63.65,11.84,1,1,1,1
87.31,18,5912,US,0,2,5,107.48,0.81,0,0,0,0
67.94,6,5912,US,0,1,2,64.7,1.05,0,0,0,0
27.68,14,5541,US,1,2,5,107.15,0.26,0,0,0,0
808.41,19,6051,GB,10,18,28,64.83,12.47,1,0,1,1
18.59,14,5411,US,0,1,2,55.09,0.34,0,0,0,0
10.9,12,5311,US,0,1,5,87.01,0.13,0,0,0,0
81.36,10,5814,US,0,1,4,83.95,0.97,0,0,0,0
29.7,16,5814,US,0,1,3,67.74,0.44,0,0,0,0
39.53,10,5732,US,0,1,4,141.42,0.28,0,0,1,0
106.46,15,5814,US,0,1,4,135.68,0.78,0,0,0,0
197.87,14,5912,US,0,1,2,129.65,1.53,0,0,0,0
32.35,12,5311,US,0,0,5,82.2,0.39,0,0,0,0
27.54,12,5311,US,0,3,6,66.41,0.41,0,0,0,0
922.94,13,4829,CY,1,3,7,71.36,12.93,1,0,1,1
54.21,12,5411,US,1,2,7,87.71,0.62,0,0,0,0
18.89,9,5912,US,0,0,6,69.71,0.27,0,0,0,0
21.42,6,4121,US,0,0,4,78.55,0.27,0,0,0,0
61.85,19,5541,US,0,0,3,88.01,0.7,0,0,0,0
51.96,21,5732,GB,0,1,4,91.19,0.57,1,0,1,0
40.74,16,5812,US,0,0,4,97.65,0.42,0,0,0,0
55.27,13,5912,US,0,0,1,129.69,0.43,0,0,0,0
54.8,16,4121,US,0,0,1,83.37,0.66,0,0,0,0
87.88,13,5912,US,0,1,7,119.47,0.74,0,0,0,0
16.53,12,5411,US,0,2,3,128.18,0.13,0,0,0,0
12.06,16,4121,US,0,0,3,124.24,0.1,0,0,0,0
1756.92,0,5944,CN,1,3,11,83.11,21.14,1,1,1,1
38.18,17,5311,US,0,0,1,149.09,0.26,0,0,0,0
93.86,14,5732,JP,0,1,3,107.4,0.87,1,0,1,0
12.22,15,5732,US,0,1,3,139.96,0.09,0,0,1,0
63.23,11,5912,GB,0,0,6,93.37,0.68,1,0,0,0
5.19,14,5912,US,0,1,2,54.8,0.09,0,0,0,0
64.47,11,5812,US,1,2,5,99.43,0.65,0,0,0,0
283.26,12,5912,US,0,1,6,145.4,1.95,0,0,0,0
51.12,8,5411,US,0,1,10,149.63,0.34,0,0,0,0
41.87,14,5912,US,0,0,1,64.62,0.65,0,0,0,0
59.44,8,5411,US,0,0,3,88.78,0.67,0,0,0,0
27.82,12,5541,US,0,1,2,120.44,0.23,0,0,0,0
69.32,17,4121,US,0,0,5,118.19,0.59,0,0,0,0
60.11,12,4121,US,1,5,5,60.28,1.0,0,0,0,0
61.96,13,5311,US,1,1,5,105.94,0.58,0,0,0,0
131.2,17,5732,US,1,3,5,114.74,1.14,0,0,1,0
106.21,19,5912,US,0,2,4,83.04,1.28,0,0,0,0
59.28,13,5732,US,0,1,3,113.55,0.52,0,0,1,0
29.81,23,4121,US,0,2,3,104.49,0.29,0,0,0,0
51.68,10,5912,US,1,1,6,60.49,0.85,0,0,0,0
158.9,14,5912,US,0,0,2,140.7,1.13,0,0,0,0
15.54,14,4121,US,0,1,4,69.18,0.22,0,0,0,0
61.27,16,5732,US,0,1,5,82.12,0.75,0,0,1,0
13.86,15,5814,US,0,0,1,125.11,0.11,0,0,0,0
58.35,17,5411,US,1,1,3,101.08,0.58,0,0,0,0
111.11,8,5311,US,0,0,5,69.57,1.6,0,0,0,0
80.47,11,5411,US,0,2,4,110.17,0.73,0,0,0,0
95.91,17,4121,US,0,1,6,128.08,0.75,0,0,0,0
39.0,13,5411,US,0,0,1,72.69,0.54,0,0,0,0
64.54,20,4121,US,1,2,4,52.09,1.24,0,0,0,0
23.58,14,5541,US,0,0,3,102.25,0.23,0,0,0,0
8.93,18,5732,US,0,3,3,63.53,0.14,0,0,1,0
24.75,9,5912,US,0,0,1,107.86,0.23,0,0,0,0
108.31,10,5732,US,0,3,5,145.27,0.75,0,0,1,0
102.77,11,5311,US,1,1,4,83.09,1.24,0,0,0,0
22.49,10,5912,US,0,0,9,129.24,0.17,0,0,0,0
67.01,16,5311,US,0,1,4,131.31,0.51,0,0,0,0
118.85,5,5912,US,0,1,5,72.01,1.65,0,1,0,0
38.82,19,5411,US,0,1,2,117.04,0.33,0,0,0,0
47.6,10,5912,US,0,0,3,105.7,0.45,0,0,0,0
63.6,15,5732,US,1,1,5,68.62,0.93,0,0,1,0
10.64,18,5732,US,0,1,3,129.47,0.08,0,0,1,0
24.15,16,5311,US,0,0,3,95.17,0.25,0,0,0,0
64.51,14,5912,US,0,1,5,94.91,0.68,0,0,0,0
0.52,4,5311,NG,6,24,49,75.88,0.01,1,1,0,1
15.25,15,5812,US,0,0,4,84.15,0.18,0,0,0,0
333.56,15,5912,US,0,2,4,105.62,3.16,0,0,0,0
75.92,20,5912,US,0,0,3,80.48,0.94,0,0,0,0
47.25,17,5311,US,0,0,3,98.33,0.48,0,0,0,0
65.81,3,5541,US,0,1,5,77.02,0.85,0,1,0,0
42.81,18,5732,US,0,0,2,88.97,0.48,0,0,1,0
17.6,13,5732,US,0,0,4,109.66,0.16,0,0,1,0
121.24,9,5541,US,0,0,3,108.55,1.12,0,0,0,0
40.13,17,5411,US,0,0,1,149.06,0.27,0,0,0,0
18.72,12,5814,US,0,0,2,88.46,0.21,0,0,0,0
66.09,18,5812,US,0,0,1,101.79,0.65,0,0,0,0
260.25,13,5541,US,0,1,2,114.19,2.28,0,0,0,0
10.45,14,5411,US,0,1,10,57.87,0.18,0,0,0,0
34.79,14,5732,US,1,3,4,99.95,0.35,0,0,1,0
37.33,15,5411,US,1,3,5,77.11,0.48,0,0,0,0
9.83,15,4121,US,0,1,4,92.15,0.11,0,0,0,0
125.97,20,5912,DE,1,2,4,56.44,2.23,1,0,0,0
26.0,15,5814,US,0,0,4,95.39,0.27,0,0,0,0
63.9,9,5912,US,0,1,2,128.29,0.5,0,0,0,0
26.02,16,5812,US,0,2,2,140.08,0.19,0,0,0,0
23.41,9,5912,US,0,3,7,77.31,0.3,0,0,0,0
130.98,13,5812,US,1,1,2,115.23,1.14,0,0,0,0
67.9,11,5812,US,1,2,6,97.18,0.7,0,0,0,0
51.5,9,5411,JP,0,3,7,84.4,0.61,1,0,0,0
141.58,15,5814,US,1,2,5,128.32,1.1,0,0,0,0
13.55,12,5541,US,0,0,1,109.67,0.12,0,0,0,0
68.03,8,5912,US,0,4,7,143.46,0.47,0,0,0,0
59.33,11,4121,DE,0,1,2,89.18,0.67,1,0,0,0
289.5,13,5812,US,2,2,4,146.04,1.98,0,0,0,0
4775.46,0,5732,RU,2,4,10,71.35,66.93,1,1,1,1
13.78,19,5311,US,0,0,1,84.12,0.16,0,0,0,0
114.94,10,5812,US,0,1,2,73.21,1.57,0,0,0,0
14.23,17,5541,US,0,1,5,73.05,0.19,0,0,0,0
86.03,9,5814,US,1,1,3,120.43,0.71,0,0,0,0
6268.14,5,5732,US,3,4,10,88.83,70.56,0,1,1,1
61.55,18,5311,US,0,1,5,99.96,0.62,0,0,0,0
37.44,11,5732,US,0,0,1,85.82,0.44,0,0,1,0
52.06,22,5541,US,0,2,3,145.18,0.36,0,0,0,0
104.71,13,4121,US,0,1,2,139.02,0.75,0,0,0,0
34.7,9,5912,US,0,1,4,112.24,0.31,0,0,0,0
50.45,6,4121,US,0,2,5,50.08,1.01,0,0,0,0
3273.26,1,5944,NG,2,8,5,40.61,80.6,1,1,1,1
45.16,5,5541,US,0,1,2,139.78,0.32,0,1,0,0
31.54,13,5912,US,2,2,4,139.96,0.23,0,0,0,0
78.19,7,4121,US,0,0,4,135.28,0.58,0,0,0,0
15.0,12,5411,US,0,1,3,84.23,0.18,0,0,0,0
18.91,13,5814,US,0,1,4,144.08,0.13,0,0,0,0
9.85,17,5732,US,1,1,4,55.37,0.18,0,0,1,0
717.71,18,4829,NG,3,4,8,74.75,9.6,1,0,1,1
719.42,21,4829,CN,1,7,11,88.21,8.16,1,0,1,1
25.63,16,5311,US,0,0,0,73.69,0.35,0,0,0,0
39.5,12,5541,US,0,0,5,94.14,0.42,0,0,0,0
96.08,13,5541,US,0,0,1,111.79,0.86,0,0,0,0
14.19,12,5912,US,0,1,4,138.56,0.1,0,0,0,0
18.71,7,4121,US,1,2,4,86.75,0.22,0,0,0,0
30.67,12,5311,US,0,0,1,83.09,0.37,0,0,0,0
38.15,20,4121,US,0,1,3,114.33,0.33,0,0,0,0
2.5,11,5311,FR,1,1,2,58.57,0.04,1,0,0,0
121.43,11,5732,US,1,2,3,142.0,0.86,0,0,1,0
3473.51,8,7995,CY,3,8,8,60.61,57.31,1,0,1,1
5.7,16,5541,US,2,3,7,75.76,0.08,0,0,0,0
58.8,15,5541,US,0,0,3,72.82,0.81,0,0,0,0
378.71,19,5541,US,0,0,2,51.37,7.37,0,0,0,0
90.41,17,5814,US,0,1,4,61.87,1.46,0,0,0,0
68.66,16,5732,US,0,0,0,142.83,0.48,0,0,1,0
93.97,18,5411,US,2,2,6,142.58,0.66,0,0,0,0
52.16,17,5812,US,1,1,2,101.54,0.51,0,0,0,0
13.2,12,5311,US,0,2,7,67.3,0.2,0,0,0,0
9.25,16,5812,US,0,0,2,57.47,0.16,0,0,0,0
82.5,14,5812,US,0,0,5,116.91,0.71,0,0,0,0
81.75,17,4121,US,0,0,2,114.04,0.72,0,0,0,0
26.63,17,5411,US,1,1,5,63.62,0.42,0,0,0,0
26.26,19,5732,US,0,0,3,121.45,0.22,0,0,1,0
36.16,9,5814,US,0,0,1,72.82,0.5,0,0,0,0
84.62,10,5311,US,0,2,4,125.91,0.67,0,0,0,0
86.5,5,4121,US,0,1,7,142.53,0.61,0,1,0,0
8559.09,5,6051,CN,3,4,5,79.45,107.73,1,1,1,1
28.59,9,5732,US,0,1,3,75.71,0.38,0,0,1,0
47.02,14,5311,US,0,0,3,124.1,0.38,0,0,0,0
18.36,12,5812,US,0,1,3,94.74,0.19,0,0,0,0
106.09,11,5814,US,1,1,3,128.68,0.82,0,0,0,0
31.11,15,4121,US,0,2,6,54.79,0.57,0,0,0,0
108.72,22,5912,US,0,0,2,60.05,1.81,0,0,0,0
19.21,11,5411,US,0,0,2,62.93,0.31,0,0,0,0
10.6,13,5732,US,0,1,7,102.84,0.1,0,0,1,0
94.27,12,5411,US,0,0,1,91.22,1.03,0,0,0,0
8.58,14,5411,US,1,1,5,99.53,0.09,0,0,0,0
34.75,10,5912,US,0,0,2,59.51,0.58,0,0,0,0
22.67,9,5411,FR,0,0,4,96.86,0.23,1,0,0,0
23.29,18,5812,US,0,1,4,68.78,0.34,0,0,0,0
50.2,11,5812,US,0,1,3,81.09,0.62,0,0,0,0
121.91,12,5732,US,0,1,7,82.6,1.48,0,0,1,0
113.17,18,5311,US,0,1,3,108.39,1.04,0,0,0,0
72.37,18,5812,US,0,1,2,78.24,0.92,0,0,0,0
17.1,19,5311,US,0,1,2,84.32,0.2,0,0,0,0
50.76,11,5814,US,0,0,1,54.17,0.94,0,0,0,0
37.5,9,5732,US,0,2,4,58.14,0.64,0,0,1,0
25.89,14,5732,US,0,0,0,99.32,0.26,0,0,1,0
158.21,5,5411,US,0,1,3,138.33,1.14,0,1,0,0
12.69,12,4121,US,0,2,2,123.19,0.1,0,0,0,0
20.0,10,5812,US,0,1,2,111.02,0.18,0,0,0,0
22.91,5,5912,US,0,4,6,58.64,0.39,0,1,0,0
44.18,8,5814,US,0,0,3,148.27,0.3,0,0,0,0
4.69,20,5912,DE,1,2,5,101.9,0.05,1,0,0,0
21.45,17,5541,US,0,1,2,74.05,0.29,0,0,0,0
26.52,15,5311,US,0,1,5,84.94,0.31,0,0,0,0
51.32,12,5541,US,0,0,4,116.31,0.44,0,0,0,0
24.32,13,5411,US,0,1,5,141.86,0.17,0,0,0,0
86.1,17,5814,US,0,0,4,112.64,0.76,0,0,0,0
63.93,19,4121,US,0,1,1,135.04,0.47,0,0,0,0
13.07,20,5814,US,0,1,1,117.75,0.11,0,0,0,0
46.61,14,4121,US,1,1,5,94.38,0.49,0,0,0,0
30.71,13,5814,US,1,1,2,106.26,0.29,0,0,0,0
45.34,19,5732,US,0,0,3,121.03,0.37,0,0,1,0
38.38,17,5411,US,0,0,1,94.32,0.41,0,0,0,0
635.02,3,6051,GB,7,19,16,93.9,6.76,1,1,1,1
23.88,16,5814,US,0,2,4,94.21,0.25,0,0,0,0
13.66,9,5411,US,0,4,6,99.27,0.14,0,0,0,0
41.02,10,5732,US,0,0,1,132.91,0.31,0,0,1,0
19.79,11,5541,US,0,1,6,138.19,0.14,0,0,0,0
29.46,8,4121,US,0,0,2,76.87,0.38,0,0,0,0
58.63,15,5912,US,0,0,1,106.45,0.55,0,0,0,0
73.02,18,4121,US,0,2,6,146.55,0.5,0,0,0,0
35.93,11,5311,US,0,1,3,146.85,0.24,0,0,0,0
144.02,12,5732,US,1,3,8,79.62,1.81,0,0,1,0
149.12,17,5411,US,0,0,1,55.62,2.68,0,0,0,0
6466.76,0,5732,UA,2,3,8,51.32,126.01,1,1,1,1
18.17,16,5814,US,0,2,3,102.71,0.18,0,0,0,0
9.95,8,4121,US,0,2,8,56.9,0.17,0,0,0,0
39.1,14,5541,US,0,1,2,135.19,0.29,0,0,0,0
47.06,12,5732,US,0,0,5,119.69,0.39,0,0,1,0
52.73,20,5541,US,0,0,5,78.01,0.68,0,0,0,0
12.9,11,5912,US,1,2,2,114.04,0.11,0,0,0,0
24.11,15,5912,US,0,0,1,76.05,0.32,0,0,0,0
36.94,11,5812,US,1,1,5,98.96,0.37,0,0,0,0
63.51,15,5311,CA,0,0,3,89.91,0.71,1,0,0,0
12.53,17,5912,US,0,0,2,113.36,0.11,0,0,0,0
49.63,17,5912,US,1,1,5,83.73,0.59,0,0,0,0
79.18,15,4121,US,0,2,3,58.0,1.37,0,0,0,0
72.78,8,5732,US,0,0,3,132.51,0.55,0,0,1,0
34.9,11,5814,US,0,1,4,111.04,0.31,0,0,0,0
149.58,10,5311,US,0,0,4,133.21,1.12,0,0,0,0
28.65,18,5541,US,0,1,5,136.3,0.21,0,0,0,0
34.58,20,5732,US,1,2,4,144.61,0.24,0,0,1,0
62.5,16,5732,US,0,0,0,148.57,0.42,0,0,1,0
14.84,16,5411,US,0,5,7,138.3,0.11,0,0,0,0
40.0,9,5814,US,0,0,1,56.53,0.71,0,0,0,0
14.82,9,5812,US,0,0,1,130.69,0.11,0,0,0,0
6.43,13,5812,US,0,0,3,134.8,0.05,0,0,0,0
40.96,23,5732,US,0,1,5,84.44,0.49,0,0,1,0
50.38,21,5732,US,1,2,4,75.47,0.67,0,0,1,0
28.93,13,5812,US,0,0,0,69.66,0.42,0,0,0,0
32.66,12,5732,US,0,2,3,100.39,0.33,0,0,1,0
140.88,13,5311,FR,0,2,6,113.94,1.24,1,0,0,0
145.47,21,5311,US,0,1,5,143.43,1.01,0,0,0,0
15.91,17,5541,US,0,0,4,64.34,0.25,0,0,0,0
35.94,12,5812,US,1,2,4,97.24,0.37,0,0,0,0
31.21,14,5311,US,0,2,5,64.93,0.48,0,0,0,0
34.26,8,5812,US,1,1,1,62.34,0.55,0,0,0,0
11.34,12,4121,US,0,0,4,101.42,0.11,0,0,0,0
22.31,22,5814,US,1,2,5,144.79,0.15,0,0,0,0
37.65,9,5732,US,0,1,7,136.15,0.28,0,0,1,0
173.58,7,5311,US,0,0,4,112.32,1.55,0,0,0,0
49.05,6,5311,US,1,1,3,143.01,0.34,0,0,0,0
16.62,18,5732,US,0,1,5,99.47,0.17,0,0,1,0
46.65,17,5814,US,0,1,3,120.57,0.39,0,0,0,0
70.33,16,5912,US,0,0,3,118.45,0.59,0,0,0,0
49.26,20,5311,US,0,1,1,86.42,0.57,0,0,0,0
19.46,12,5541,JP,0,2,4,85.74,0.23,1,0,0,0
47.03,12,5814,US,2,3,3,85.03,0.55,0,0,0,0
39.92,14,5812,US,0,0,2,53.63,0.74,0,0,0,0
107.23,11,5912,US,1,1,3,64.76,1.66,0,0,0,0
40.45,23,4121,US,0,2,4,130.34,0.31,0,0,0,0
1.69,11,5311,US,8,11,31,65.43,0.03,0,0,0,1
23.19,19,5541,US,0,0,0,134.06,0.17,0,0,0,0
225.54,14,5411,US,0,1,7,98.1,2.3,0,0,0,0
135.3,5,4121,US,0,4,8,142.2,0.95,0,1,0,0
2809.85,11,6051,NG,3,5,10,84.39,33.3,1,0,1,1
52.18,14,5732,US,1,2,4,132.26,0.39,0,0,1,0
97.9,11,5912,US,0,2,4,63.08,1.55,0,0,0,0
26.72,8,5912,US,0,0,2,104.56,0.26,0,0,0,0
65.59,11,5732,US,0,0,3,50.81,1.29,0,0,1,0
30.05,15,5541,US,0,0,3,54.58,0.55,0,0,0,0
26.18,22,5732,US,0,3,5,143.01,0.18,0,0,1,0
1141.26,21,5311,US,1,2,6,132.73,8.6,0,0,0,0
74.38,10,5814,JP,0,0,3,131.78,0.56,1,0,0,0
22.23,5,4121,US,1,2,3,55.0,0.4,0,1,0,0
18.65,15,5732,FR,2,3,6,103.61,0.18,1,0,1,0
31.57,17,5912,US,0,0,4,146.98,0.21,0,0,0,0
48.8,12,5311,US,0,1,3,125.36,0.39,0,0,0,0
53.1,13,5814,US,0,0,5,79.44,0.67,0,0,0,0
51.47,12,5411,US,0,1,5,83.9,0.61,0,0,0,0
14.33,7,5912,US,1,1,4,108.18,0.13,0,0,0,0
138.14,11,5411,US,0,1,1,137.27,1.01,0,0,0,0
32.72,13,5541,US,0,0,5,102.63,0.32,0,0,0,0
38.19,13,5311,US,0,0,2,94.29,0.41,0,0,0,0
7.56,16,5812,US,0,1,6,110.02,0.07,0,0,0,0
27.55,16,5311,US,0,0,2,135.5,0.2,0,0,0,0
1499.57,22,5732,NG,1,5,8,60.04,24.98,1,0,1,1
60.18,15,5812,US,0,0,1,56.4,1.07,0,0,0,0
13.59,17,5541,US,0,1,2,145.27,0.09,0,0,0,0
97.04,21,5812,US,1,1,4,107.76,0.9,0,0,0,0
20.54,19,5411,CA,0,2,5,71.81,0.29,1,0,0,0
46.06,16,5912,US,0,0,0,84.83,0.54,0,0,0,0
36.23,12,5732,US,0,0,2,128.99,0.28,0,0,1,0
35.27,14,5311,US,1,1,2,113.3,0.31,0,0,0,0
38.04,13,5912,US,0,0,3,104.75,0.36,0,0,0,0
5.96,13,5732,JP,1,1,3,90.42,0.07,1,0,1,0
933.32,20,6051,NG,1,2,11,44.95,20.76,1,0,1,1
10.01,12,5411,US,0,3,8,145.71,0.07,0,0,0,0
16.52,18,5812,US,0,1,2,101.61,0.16,0,0,0,0
14.82,13,5912,US,0,1,4,142.04,0.1,0,0,0,0
486.52,10,4121,US,1,2,6,132.65,3.67,0,0,0,0
20.96,21,5732,US,0,2,5,112.17,0.19,0,0,1,0
38.85,14,5541,US,0,0,3,60.8,0.64,0,0,0,0
39.34,14,5812,US,0,2,6,75.2,0.52,0,0,0,0
30.82,11,5814,US,0,2,6,70.94,0.43,0,0,0,0
78.37,21,5311,US,0,0,0,139.3,0.56,0,0,0,0
76.05,17,4121,US,0,1,7,124.91,0.61,0,0,0,0
16.97,13,5912,US,0,1,3,72.1,0.24,0,0,0,0
7.1,17,5311,US,0,0,5,87.0,0.08,0,0,0,0
10.74,20,4121,US,2,5,6,116.56,0.09,0,0,0,0
40.21,16,5732,US,1,2,6,140.8,0.29,0,0,1,0
11.46,14,5912,US,0,0,2,75.82,0.15,0,0,0,0
15.57,13,5814,US,0,0,2,148.75,0.1,0,0,0,0
31.76,23,5541,US,0,0,1,93.4,0.34,0,0,0,0
89.85,19,5541,US,0,1,4,88.55,1.01,0,0,0,0
60.93,13,4121,US,1,2,5,133.98,0.45,0,0,0,0
98.1,10,5411,US,0,0,2,134.97,0.73,0,0,0,0
38.55,9,5812,US,0,2,2,139.74,0.28,0,0,0,0
17.48,9,5812,US,0,0,2,73.68,0.24,0,0,0,0
67.09,11,4121,US,0,0,0,82.31,0.82,0,0,0,0
52.56,14,4121,US,0,1,2,125.36,0.42,0,0,0,0
116.27,19,5812,US,0,1,3,74.04,1.57,0,0,0,0
6.44,12,5411,US,0,0,4,78.0,0.08,0,0,0,0
3277.14,14,6051,CN,3,3,11,50.59,64.78,1,0,1,1
101.76,17,5814,US,2,3,4,90.97,1.12,0,0,0,0
32.95,7,5814,US,0,0,4,133.58,0.25,0,0,0,0
136.35,22,5732,US,0,0,1,100.41,1.36,0,0,1,0
1.84,7,5311,US,13,19,27,72.27,0.03,0,0,0,1
24.98,12,5541,US,0,1,2,94.52,0.26,0,0,0,0
10.54,16,5541,US,0,1,2,65.7,0.16,0,0,0,0
25.09,13,5912,US,0,0,0,58.47,0.43,0,0,0,0
23.67,9,5912,FR,0,3,7,69.03,0.34,1,0,0,0
42.51,12,5541,US,1,3,5,120.81,0.35,0,0,0,0
810.31,15,4829,CN,2,3,8,56.75,14.28,1,0,1,1
18.92,12,5814,US,0,1,4,101.9,0.19,0,0,0,0
130.89,18,5912,US,0,2,4,100.34,1.3,0,0,0,0
7.78,14,5812,US,1,1,5,61.57,0.13,0,0,0,0
0.96,10,5311,US,14,24,22,42.36,0.02,0,0,0,1
157.28,9,5912,US,0,0,1,111.62,1.41,0,0,0,0
20.52,17,5732,US,1,2,4,136.04,0.15,0,0,1,0
58.72,18,5912,US,0,1,5,83.44,0.7,0,0,0,0
16.77,21,4121,US,0,2,2,66.6,0.25,0,0,0,0
7.7,15,4121,US,0,1,7,123.74,0.06,0,0,0,0
28.85,12,5541,US,0,1,4,130.7,0.22,0,0,0,0
158.66,10,5411,US,1,2,3,132.69,1.2,0,0,0,0
141.99,19,5732,US,0,2,5,140.28,1.01,0,0,1,0
13.55,13,5732,US,0,0,4,89.94,0.15,0,0,1,0
23.34,16,5311,US,0,0,2,147.95,0.16,0,0,0,0
36.59,14,5541,DE,0,0,4,60.83,0.6,1,0,0,0
48.13,9,5814,US,0,0,1,57.2,0.84,0,0,0,0
69.41,12,5411,US,0,1,2,141.54,0.49,0,0,0,0
1147.95,1,5944,NG,3,4,12,53.0,21.66,1,1,1,1
66.9,15,5812,US,1,2,5,126.28,0.53,0,0,0,0
62.57,12,4121,US,0,0,4,111.08,0.56,0,0,0,0
34.22,12,5541,US,0,0,1,136.82,0.25,0,0,0,0
13.52,17,5732,US,0,0,3,135.58,0.1,0,0,1,0
97.43,18,5732,US,0,0,3,70.47,1.38,0,0,1,0
50.47,11,5732,US,0,1,3,80.21,0.63,0,0,1,0
62.43,2,4121,US,0,0,2,58.55,1.07,0,1,0,0
67.95,17,5732,US,1,1,1,75.43,0.9,0,0,1,0
3.63,12,5732,US,0,0,7,71.62,0.05,0,0,1,0
16.32,11,5732,US,0,1,3,132.68,0.12,0,0,1,0
0.58,15,5311,US,11,27,37,41.97,0.01,0,0,0,1
18.91,15,5732,US,0,1,4,54.15,0.35,0,0,1,0
44.73,12,5732,US,0,0,3,144.99,0.31,0,0,1,0
19.79,12,5411,US,1,2,5,84.55,0.23,0,0,0,0
71.43,15,5814,US,0,1,4,108.68,0.66,0,0,0,0
72.8,17,5411,US,0,1,8,144.11,0.51,0,0,0,0
90.83,8,5814,US,0,1,5,141.2,0.64,0,0,0,0
63.69,11,5732,US,1,4,7,100.7,0.63,0,0,1,0
117.57,17,5732,US,0,0,4,114.76,1.02,0,0,1,0
97.04,20,5812,US,0,1,7,64.19,1.51,0,0,0,0
47.48,17,5411,US,0,1,5,62.8,0.76,0,0,0,0
81.87,21,5812,US,0,0,2,80.74,1.01,0,0,0,0
23.72,12,5311,US,0,0,2,68.01,0.35,0,0,0,0
97.45,12,4121,US,0,0,1,68.25,1.43,0,0,0,0
36.53,18,5411,US,0,0,2,93.22,0.39,0,0,0,0
1134.36,9,4829,CN,1,2,10,62.36,18.19,1,0,1,1
80.06,16,5311,US,0,1,3,102.84,0.78,0,0,0,0
218.05,20,4121,US,0,2,8,80.58,2.71,0,0,0,0
53.49,9,5411,US,1,1,5,101.85,0.53,0,0,0,0
22.56,11,5541,US,1,3,3,74.54,0.3,0,0,0,0
33.61,11,5732,US,0,1,3,108.0,0.31,0,0,1,0
11.18,12,5541,US,0,1,8,54.7,0.2,0,0,0,0
60.88,14,5732,US,0,2,5,92.96,0.65,0,0,1,0
33.18,14,5812,US,0,3,6,147.49,0.22,0,0,0,0
12.73,8,4121,US,0,1,2,149.68,0.09,0,0,0,0
49.89,18,4121,US,1,3,6,95.74,0.52,0,0,0,0
47.05,18,5812,US,0,0,3,86.57,0.54,0,0,0,0
21.97,15,5812,US,1,1,5,64.74,0.34,0,0,0,0
85.1,16,5541,US,0,1,3,87.07,0.98,0,0,0,0
29.89,16,5311,US,0,1,4,142.97,0.21,0,0,0,0
81.39,14,5541,US,0,1,3,78.94,1.03,0,0,0,0
21.94,18,5311,US,0,0,4,127.49,0.17,0,0,0,0
56.38,19,5812,US,0,2,8,92.24,0.61,0,0,0,0
40.58,15,5812,US,1,2,4,120.88,0.34,0,0,0,0
19.95,11,5812,US,0,2,4,147.89,0.13,0,0,0,0
92.45,10,4121,US,0,1,4,82.39,1.12,0,0,0,0
72.61,18,5311,US,2,2,4,77.89,0.93,0,0,0,0
87.41,17,5411,US,1,1,5,54.3,1.61,0,0,0,0
10.62,15,5411,US,0,2,6,74.73,0.14,0,0,0,0
17.11,13,5411,US,0,0,4,86.22,0.2,0,0,0,0
49.9,17,5812,US,0,0,1,76.74,0.65,0,0,0,0
15.14,15,5912,US,0,3,4,132.57,0.11,0,0,0,0
39.17,12,5541,US,0,0,4,137.25,0.29,0,0,0,0
150.24,9,5411,US,0,1,3,79.13,1.9,0,0,0,0
46.75,12,5411,US,0,0,3,70.17,0.67,0,0,0,0
64.47,13,5732,US,0,1,2,107.0,0.6,0,0,1,0
58.84,13,5912,US,0,1,2,85.75,0.69,0,0,0,0
398.85,11,4121,US,0,2,3,99.68,4.0,0,0,0,0
0.64,16,5311,US,5,22,31,42.26,0.02,0,0,0,1
32.49,15,5541,US,1,1,4,105.3,0.31,0,0,0,0
71.89,10,5814,US,0,1,3,128.86,0.56,0,0,0,0
42.26,16,5732,US,0,1,2,77.04,0.55,0,0,1,0
16.31,15,4121,US,0,0,3,62.09,0.26,0,0,0,0
23.99,2,5814,US,0,2,3,141.62,0.17,0,1,0,0
86.82,12,5411,US,0,2,9,59.76,1.45,0,0,0,0
192.12,12,5311,US,0,1,2,85.46,2.25,0,0,0,0
32.96,8,5814,US,1,2,6,59.07,0.56,0,0,0,0
107.88,17,5541,US,0,0,1,98.68,1.09,0,0,0,0
14.92,20,5541,US,0,2,5,56.76,0.26,0,0,0,0
20.65,10,5311,US,0,0,3,81.92,0.25,0,0,0,0
37.23,15,5732,US,0,0,2,99.04,0.38,0,0,1,0
56.79,13,5812,US,0,1,4,112.08,0.51,0,0,0,0
28.44,17,5732,US,0,1,5,138.83,0.2,0,0,1,0
38.29,12,5814,US,0,1,1,74.88,0.51,0,0,0,0
159.41,15,5812,US,0,1,4,103.95,1.53,0,0,0,0
15.85,15,5732,US,0,0,3,51.07,0.31,0,0,1,0
6.22,13,5411,DE,1,1,4,116.75,0.05,1,0,0,0
60.66,13,5812,US,0,0,4,93.84,0.65,0,0,0,0
41.17,23,4121,US,0,3,8,119.11,0.35,0,0,0,0
11.45,13,5812,FR,0,1,5,125.04,0.09,1,0,0,0
3247.34,3,5944,UA,1,4,5,66.89,48.55,1,1,1,1
68.13,14,5311,US,0,1,2,125.28,0.54,0,0,0,0
20.18,15,4121,US,0,0,4,68.98,0.29,0,0,0,0
33.96,16,5814,US,0,0,3,116.08,0.29,0,0,0,0
33.91,13,5912,US,0,1,3,65.97,0.51,0,0,0,0
9.05,10,5814,US,0,0,1,97.65,0.09,0,0,0,0
131.63,15,5912,US,0,2,3,73.27,1.8,0,0,0,0
75.08,4,5732,US,0,0,2,125.9,0.6,0,1,1,0
20.61,17,5541,US,0,1,2,123.78,0.17,0,0,0,0
83.32,9,5814,US,0,1,3,71.58,1.16,0,0,0,0
77.97,15,4121,US,0,0,6,97.05,0.8,0,0,0,0
150.19,14,5541,US,1,1,2,73.01,2.06,0,0,0,0
27.96,8,5411,US,0,0,1,114.74,0.24,0,0,0,0
28.79,7,5311,US,1,1,1,78.92,0.36,0,0,0,0
87.91,13,5411,US,0,0,2,144.83,0.61,0,0,0,0
76.78,14,5311,US,0,1,3,148.05,0.52,0,0,0,0
77.87,14,5812,DE,0,0,4,106.46,0.73,1,0,0,0
42.6,10,4121,US,0,1,2,133.5,0.32,0,0,0,0
34.49,16,5311,US,0,0,1,112.98,0.31,0,0,0,0
26.49,17,5311,DE,0,3,4,57.29,0.46,1,0,0,0
31.67,10,5411,US,0,0,1,70.2,0.45,0,0,0,0
31.25,9,5732,US,0,1,5,55.44,0.56,0,0,1,0
15.95,14,5411,US,0,1,4,54.53,0.29,0,0,0,0
26.53,10,5311,US,0,0,1,70.97,0.37,0,0,0,0
69.16,7,5411,US,0,0,6,92.0,0.75,0,0,0,0
39.02,11,4121,US,0,0,0,129.99,0.3,0,0,0,0
211.23,12,5541,US,0,0,3,69.33,3.05,0,0,0,0
37.91,10,5311,US,0,0,4,112.16,0.34,0,0,0,0
3256.34,1,6051,US,2,5,7,66.88,48.69,0,1,1,1
31.0,14,5411,US,0,1,1,54.24,0.57,0,0,0,0
54.67,15,5311,US,1,2,6,111.75,0.49,0,0,0,0
11.38,16,5732,US,0,1,1,98.68,0.12,0,0,1,0
68.35,19,5311,US,0,1,1,93.51,0.73,0,0,0,0
39.15,11,5912,US,0,0,2,73.71,0.53,0,0,0,0
9.85,18,4121,US,2,4,6,131.92,0.07,0,0,0,0
19.9,9,5812,US,0,0,2,146.38,0.14,0,0,0,0
147.82,20,5812,US,0,0,3,76.51,1.93,0,0,0,0
6.85,13,5812,US,1,1,2,108.46,0.06,0,0,0,0
25.75,12,5912,US,0,1,2,50.11,0.51,0,0,0,0
11.43,11,5814,US,0,1,2,139.4,0.08,0,0,0,0
70.38,12,5812,US,0,4,8,134.62,0.52,0,0,0,0
30.46,10,5311,US,0,1,4,107.44,0.28,0,0,0,0
61.36,9,5541,US,0,0,3,92.47,0.66,0,0,0,0
69.59,18,4121,US,0,0,0,121.94,0.57,0,0,0,0
35.21,12,5411,US,1,2,3,140.23,0.25,0,0,0,0
133.13,12,5732,US,0,0,2,88.44,1.51,0,0,1,0
28.94,13,5311,US,0,1,4,145.86,0.2,0,0,0,0
293.56,17,5912,US,0,0,2,139.61,2.1,0,0,0,0
101.13,8,5732,US,0,0,1,104.27,0.97,0,0,1,0
95.71,16,5411,US,0,1,2,95.78,1.0,0,0,0,0
66.41,15,5541,US,0,3,6,77.01,0.86,0,0,0,0
117.5,10,5814,US,1,1,2,122.97,0.96,0,0,0,0
38.91,16,5732,US,0,1,2,51.09,0.76,0,0,1,0
16.4,18,5912,US,0,1,3,78.62,0.21,0,0,0,0
22.7,11,5411,US,0,2,6,133.66,0.17,0,0,0,0
50.86,13,5812,US,0,0,0,109.65,0.46,0,0,0,0
42.11,17,5311,US,0,1,3,105.99,0.4,0,0,0,0
27.03,16,5912,US,0,0,2,110.32,0.25,0,0,0,0
216.76,16,5812,US,0,0,3,145.96,1.49,0,0,0,0
88.7,15,5411,US,0,0,5,53.23,1.67,0,0,0,0
94.23,9,4121,US,1,2,3,126.07,0.75,0,0,0,0
1292.39,22,5944,CN,4,7,9,69.82,18.51,1,0,1,1
209.78,5,5732,US,0,0,1,88.59,2.37,0,1,1,0
24.66,12,5732,US,0,3,5,102.15,0.24,0,0,1,0
77.93,21,5411,US,0,0,4,130.57,0.6,0,0,0,0
55.87,13,5541,US,1,2,4,77.83,0.72,0,0,0,0
101.05,15,5912,US,0,2,2,55.36,1.83,0,0,0,0
28.37,10,5814,US,0,2,5,52.5,0.54,0,0,0,0
11.46,14,5541,US,1,1,2,112.99,0.1,0,0,0,0
90.75,18,4121,US,1,2,4,129.58,0.7,0,0,0,0
25.66,19,4121,US,0,1,2,66.12,0.39,0,0,0,0
3.11,9,5311,US,12,23,26,82.73,0.04,0,0,0,1
15.62,16,4121,US,0,0,1,126.35,0.12,0,0,0,0
56.04,13,5812,US,0,1,5,114.22,0.49,0,0,0,0
30.14,13,5812,GB,0,0,3,101.03,0.3,1,0,0,0
100.17,20,5311,US,0,0,0,145.59,0.69,0,0,0,0
51.3,17,5311,US,0,0,2,120.45,0.43,0,0,0,0
26.44,18,5732,US,0,0,2,149.49,0.18,0,0,1,0
27.45,15,4121,US,0,0,3,92.89,0.3,0,0,0,0
25.15,14,5311,US,1,1,5,100.29,0.25,0,0,0,0
10.39,18,5814,US,0,0,7,131.43,0.08,0,0,0,0
144.78,5,5814,US,1,1,8,98.6,1.47,0,1,0,0
64.24,12,5912,US,0,2,3,119.68,0.54,0,0,0,0
19.14,14,5912,US,0,1,5,109.35,0.18,0,0,0,0
0.52,7,5311,NG,11,10,40,95.92,0.01,1,0,0,1
9.46,13,5311,US,0,2,6,140.75,0.07,0,0,0,0
39.78,10,5411,US,1,3,5,95.16,0.42,0,0,0,0
27.77,20,5912,US,0,0,2,61.3,0.45,0,0,0,0
58.79,7,5732,US,0,3,7,137.49,0.43,0,0,1,0
110.89,13,5732,US,0,0,2,53.07,2.09,0,0,1,0
41.71,16,5812,US,1,4,8,95.86,0.44,0,0,0,0
16.16,23,5311,US,1,4,9,125.27,0.13,0,0,0,0
55.26,18,5311,US,0,0,2,107.03,0.52,0,0,0,0
219.74,20,4121,US,0,1,2,145.6,1.51,0,0,0,0
118.93,13,5411,US,0,2,4,84.73,1.4,0,0,0,0
20.08,13,5732,US,0,1,2,67.85,0.3,0,0,1,0
185.23,13,5912,US,0,1,7,89.27,2.07,0,0,0,0
58.33,4,5411,US,0,1,6,83.3,0.7,0,1,0,0
19.79,10,5732,US,1,4,7,143.95,0.14,0,0,1,0
98.24,13,4121,US,1,2,3,91.51,1.07,0,0,0,0
102.74,16,5541,US,0,0,5,145.61,0.71,0,0,0,0
48.78,13,4121,US,0,0,2,115.69,0.42,0,0,0,0
68.17,13,5912,US,1,1,4,59.58,1.14,0,0,0,0
12.89,16,4121,US,0,0,2,64.54,0.2,0,0,0,0
72.9,14,5411,US,0,0,2,51.14,1.43,0,0,0,0
295.05,10,5814,CA,0,3,4,142.01,2.08,1,0,0,0
1.73,9,5311,US,7,15,21,60.49,0.03,0,0,0,1
47.7,17,5812,US,0,2,8,124.58,0.38,0,0,0,0
4.81,5,5812,US,1,2,3,53.39,0.09,0,1,0,0
14.28,13,5814,US,0,1,4,57.11,0.25,0,0,0,0
160.68,12,5411,US,0,1,7,140.28,1.15,0,0,0,0
34.22,16,5311,US,0,0,1,113.59,0.3,0,0,0,0
31.63,14,5814,US,0,0,1,124.61,0.25,0,0,0,0
17.06,15,5814,US,0,1,2,126.65,0.13,0,0,0,0
68.35,13,5912,US,0,0,2,138.36,0.49,0,0,0,0
38.26,12,5912,US,0,1,3,98.16,0.39,0,0,0,0
41.88,14,5541,US,0,0,3,61.54,0.68,0,0,0,0
11.63,20,5812,US,0,1,4,144.65,0.08,0,0,0,0
107.2,13,5541,US,0,1,1,97.98,1.09,0,0,0,0
54.04,15,5411,US,0,0,1,120.8,0.45,0,0,0,0
41.6,10,5814,US,0,0,2,59.67,0.7,0,0,0,0
3.34,7,4121,US,0,1,4,98.03,0.03,0,0,0,0
14.03,18,5812,US,0,1,3,75.8,0.19,0,0,0,0
35.38,16,5541,US,0,1,6,50.99,0.69,0,0,0,0
52.63,14,5912,US,0,0,2,145.79,0.36,0,0,0,0
3.44,15,5311,US,10,28,34,96.09,0.04,0,0,0,1
86.46,22,5912,US,1,2,4,111.73,0.77,0,0,0,0
21.71,14,5732,US,0,2,6,130.34,0.17,0,0,1,0
22.65,15,5732,US,0,0,5,140.16,0.16,0,0,1,0
24.21,12,5411,US,0,1,2,60.42,0.4,0,0,0,0
23.52,17,5814,US,0,0,2,89.45,0.26,0,0,0,0
19.91,7,5814,US,0,2,3,83.35,0.24,0,0,0,0
46.98,12,5541,US,0,0,1,82.02,0.57,0,0,0,0
11.15,17,5912,US,0,1,2,66.73,0.17,0,0,0,0
152.12,4,5814,US,0,2,3,65.54,2.32,0,1,0,0
5.17,7,5814,US,0,1,2,122.83,0.04,0,0,0,0
60.33,20,5912,US,0,2,4,133.45,0.45,0,0,0,0
18.89,10,4121,US,0,0,4,148.46,0.13,0,0,0,0
10.07,19,5541,US,0,1,3,111.95,0.09,0,0,0,0
37.61,16,5541,US,0,1,1,113.14,0.33,0,0,0,0
109.96,9,4121,US,1,1,3,148.61,0.74,0,0,0,0
771.27,13,7995,US,5,18,16,93.72,8.23,0,0,1,1
148.53,15,5814,US,0,0,3,55.58,2.67,0,0,0,0
96.16,9,5912,US,1,2,5,114.07,0.84,0,0,0,0
71.17,8,5411,US,0,0,2,84.73,0.84,0,0,0,0
9.22,12,5541,US,0,1,5,115.77,0.08,0,0,0,0
44.98,16,5541,US,1,1,4,129.94,0.35,0,0,0,0
50.69,13,5912,US,0,1,2,84.58,0.6,0,0,0,0
62.29,19,5732,US,2,2,5,133.84,0.47,0,0,1,0
37.53,20,5311,US,1,2,5,51.31,0.73,0,0,0,0
29.24,14,5541,US,1,1,4,101.52,0.29,0,0,0,0
334.58,17,4121,US,0,0,1,124.72,2.68,0,0,0,0
8.01,21,5311,US,0,1,4,101.07,0.08,0,0,0,0
25.7,19,5541,US,0,1,5,123.88,0.21,0,0,0,0
1.28,21,5311,UA,6,20,16,49.09,0.03,1,0,0,1
45.65,22,5732,US,0,2,4,113.51,0.4,0,0,1,0
40.19,15,5732,US,0,1,2,69.26,0.58,0,0,1,0
117.53,10,5912,US,0,0,3,119.33,0.98,0,0,0,0
28.85,18,5411,US,0,1,9,74.44,0.39,0,0,0,0
20.41,15,5732,US,0,1,3,143.34,0.14,0,0,1,0
67.62,16,5541,US,0,0,2,105.16,0.64,0,0,0,0
85.74,14,5541,US,0,2,7,84.68,1.01,0,0,0,0
56.58,13,4121,US,0,2,3,82.19,0.69,0,0,0,0
124.98,10,5812,US,0,1,2,109.18,1.14,0,0,0,0
6956.97,1,5732,RO,2,5,7,79.33,87.7,1,1,1,1
81.65,10,4121,GB,0,1,2,65.64,1.24,1,0,0,0
29.18,13,5411,US,0,1,3,110.49,0.26,0,0,0,0
119.11,15,5814,US,0,1,3,120.19,0.99,0,0,0,0
2.5,15,5812,US,0,1,2,108.29,0.02,0,0,0,0
120.95,10,5732,US,0,1,7,60.56,2.0,0,0,1,0
70.71,19,5411,US,0,0,0,82.22,0.86,0,0,0,0
17.34,20,5912,US,0,1,4,120.52,0.14,0,0,0,0
42.4,16,5541,US,0,1,4,60.59,0.7,0,0,0,0
1.4,11,5311,US,6,17,44,94.37,0.01,0,0,0,1
29.84,13,5732,US,0,0,1,122.8,0.24,0,0,1,0
12.55,13,5411,US,0,1,3,91.76,0.14,0,0,0,0
142.86,17,4121,US,0,0,2,90.93,1.57,0,0,0,0
56.78,7,5912,GB,1,1,5,106.6,0.53,1,0,0,0
17.62,9,5541,US,0,0,2,142.93,0.12,0,0,0,0
43.34,6,5411,US,0,0,0,87.66,0.49,0,0,0,0
2.84,6,5812,US,0,1,3,103.74,0.03,0,0,0,0
41.03,17,5912,US,0,0,4,61.25,0.67,0,0,0,0
27.61,15,5814,US,0,0,5,76.55,0.36,0,0,0,0
41.4,14,5814,GB,0,1,2,104.55,0.4,1,0,0,0
21.84,12,5912,US,0,0,2,100.51,0.22,0,0,0,0
26.63,12,4121,US,0,0,7,97.61,0.27,0,0,0,0
346.41,10,5812,US,1,1,4,143.35,2.42,0,0,0,0
9.91,21,4121,US,1,1,2,57.16,0.17,0,0,0,0
24.22,14,5411,US,0,3,5,71.68,0.34,0,0,0,0
10.83,6,5912,US,0,1,2,98.07,0.11,0,0,0,0
52.97,14,5912,US,0,1,2,55.67,0.95,0,0,0,0
67.17,9,4121,US,0,2,4,64.64,1.04,0,0,0,0
121.35,14,5732,US,0,1,1,134.35,0.9,0,0,1,0
8.73,14,5812,US,0,2,4,102.02,0.09,0,0,0,0
34.22,9,5812,US,0,3,7,78.78,0.43,0,0,0,0
99.66,16,4121,US,0,1,1,130.76,0.76,0,0,0,0
25.17,7,5812,US,0,0,3,130.69,0.19,0,0,0,0
26.93,13,5411,US,0,2,3,118.99,0.23,0,0,0,0
62.15,16,5812,US,0,0,1,137.69,0.45,0,0,0,0
61.32,22,5912,US,0,2,4,137.46,0.45,0,0,0,0
32.65,15,5732,US,1,2,4,74.71,0.44,0,0,1,0
43.42,7,5311,US,0,0,2,149.78,0.29,0,0,0,0
41.2,10,5411,US,0,1,1,104.3,0.4,0,0,0,0
58.34,12,4121,US,0,1,3,64.17,0.91,0,0,0,0
16.5,15,5732,US,1,1,3,68.41,0.24,0,0,1,0
196.8,20,5912,US,0,1,3,138.57,1.42,0,0,0,0
2003.42,12,5732,NG,2,8,7,57.32,34.95,1,0,1,1
33.24,20,5732,US,0,0,4,78.12,0.43,0,0,1,0
1.54,1,5311,NG,6,24,46,53.03,0.03,1,1,0,1
194.65,17,5541,US,0,0,0,71.04,2.74,0,0,0,0
38.36,17,5541,FR,0,1,4,65.23,0.59,1,0,0,0
93.17,8,5912,US,0,0,3,77.61,1.2,0,0,0,0
26.47,15,5812,US,0,0,0,54.75,0.48,0,0,0,0
76.48,17,5311,US,0,1,5,83.28,0.92,0,0,0,0
70.53,10,5912,US,0,0,4,73.59,0.96,0,0,0,0
26.05,16,5814,US,0,2,2,119.37,0.22,0,0,0,0
46.73,16,5814,US,1,4,6,59.83,0.78,0,0,0,0
32.35,13,5411,US,1,2,8,91.12,0.36,0,0,0,0
53.35,12,5814,JP,0,1,2,96.73,0.55,1,0,0,0
2289.68,5,5732,NG,2,6,5,58.27,39.29,1,1,1,1
19.39,16,5411,US,2,3,6,105.62,0.18,0,0,0,0
29.74,5,5311,US,0,0,1,102.8,0.29,0,1,0,0
13.95,13,5814,CA,0,0,4,58.11,0.24,1,0,0,0
54.45,11,5311,US,0,1,3,143.88,0.38,0,0,0,0
218.67,10,4121,US,0,0,0,106.44,2.05,0,0,0,0
22.08,15,5812,US,1,1,8,72.8,0.3,0,0,0,0
29.69,17,5311,US,0,0,3,113.85,0.26,0,0,0,0
5.4,13,4121,US,0,1,4,127.82,0.04,0,0,0,0
127.5,12,5912,US,0,1,2,100.98,1.26,0,0,0,0
179.38,16,5814,US,0,1,3,74.4,2.41,0,0,0,0
15.51,12,5311,US,0,1,3,113.07,0.14,0,0,0,0
17.74,15,4121,US,0,0,3,93.35,0.19,0,0,0,0
23.85,14,5541,US,0,0,4,119.44,0.2,0,0,0,0
45.92,10,5814,US,1,1,3,75.54,0.61,0,0,0,0
25.0,11,4121,US,0,0,4,55.77,0.45,0,0,0,0
584.9,20,4829,US,4,14,26,63.18,9.26,0,0,1,1
6.76,10,4121,US,0,2,7,112.25,0.06,0,0,0,0
11.25,15,5812,US,0,1,3,132.05,0.09,0,0,0,0
10.36,13,5814,US,1,2,3,65.76,0.16,0,0,0,0
27.8,9,5912,US,0,0,3,89.85,0.31,0,0,0,0
28.3,12,5814,US,0,1,2,112.25,0.25,0,0,0,0
270.07,15,5812,US,1,3,8,50.47,5.35,0,0,0,0
3.3,13,5411,US,0,1,5,130.77,0.03,0,0,0,0
56.43,10,5732,US,0,1,5,124.34,0.45,0,0,1,0
58.87,7,4121,US,0,1,2,100.09,0.59,0,0,0,0
18.2,15,5411,US,1,1,3,60.99,0.3,0,0,0,0
10.77,9,4121,US,0,0,3,145.14,0.07,0,0,0,0
48.11,10,5732,US,1,1,1,59.43,0.81,0,0,1,0
44.66,10,5411,US,0,2,5,140.39,0.32,0,0,0,0
44.92,12,5541,US,0,0,3,57.95,0.78,0,0,0,0
73.6,7,5812,US,0,2,2,113.59,0.65,0,0,0,0
17.02,20,5311,US,0,0,1,141.89,0.12,0,0,0,0
59.9,12,5814,US,0,2,4,52.29,1.15,0,0,0,0
24.57,16,5541,US,1,1,2,85.52,0.29,0,0,0,0
37.64,13,5541,US,0,0,1,147.34,0.26,0,0,0,0
26.26,15,5812,US,1,2,2,108.16,0.24,0,0,0,0
28.18,10,5912,US,0,1,4,97.42,0.29,0,0,0,0
20.51,19,5311,US,0,0,1,97.66,0.21,0,0,0,0
4.45,14,5812,US,0,0,3,146.6,0.03,0,0,0,0
37.95,14,5311,US,0,0,1,141.61,0.27,0,0,0,0
59.11,20,5411,US,0,0,4,108.77,0.54,0,0,0,0
45.91,5,5912,GB,0,1,5,108.27,0.42,1,1,0,0
2.96,21,5311,NG,14,28,44,71.01,0.04,1,0,0,1
28.32,16,5541,US,0,2,8,110.56,0.26,0,0,0,0
34.22,17,5814,US,1,1,5,63.91,0.54,0,0,0,0
112.03,10,5311,US,0,1,4,74.77,1.5,0,0,0,0
79.6,14,5411,US,0,0,1,117.81,0.68,0,0,0,0
77.97,12,5812,US,1,2,4,124.9,0.62,0,0,0,0
72.62,21,5541,US,0,0,1,83.61,0.87,0,0,0,0
32.64,17,5541,US,0,1,4,85.49,0.38,0,0,0,0
43.22,17,5732,US,0,2,4,128.01,0.34,0,0,1,0
113.37,14,4121,US,0,0,0,56.06,2.02,0,0,0,0
20.56,14,5814,DE,0,1,1,108.73,0.19,1,0,0,0
69.81,14,5541,US,0,1,5,136.12,0.51,0,0,0,0
89.39,15,5814,US,0,0,1,91.62,0.98,0,0,0,0
351.0,18,5732,US,0,1,4,100.49,3.49,0,0,1,0
39.54,13,4121,US,0,0,3,93.7,0.42,0,0,0,0
117.4,23,5311,US,0,4,5,68.93,1.7,0,0,0,0
17.8,14,5541,US,0,0,1,70.29,0.25,0,0,0,0
184.27,21,6051,RO,5,20,18,42.91,4.29,1,0,1,1
105.4,12,4121,US,0,1,2,72.86,1.45,0,0,0,0
36.78,12,5912,US,0,0,0,90.93,0.4,0,0,0,0
157.84,11,5814,US,0,1,4,118.85,1.33,0,0,0,0
18.79,21,5732,US,0,3,10,71.42,0.26,0,0,1,0
8.06,12,5812,US,0,1,4,89.82,0.09,0,0,0,0
12.78,16,5812,US,0,1,1,57.07,0.22,0,0,0,0
57.87,13,5812,US,1,1,3,58.0,1.0,0,0,0,0
40.06,15,5814,US,0,1,1,95.29,0.42,0,0,0,0
39.86,15,5411,US,0,0,4,149.23,0.27,0,0,0,0
45.21,19,5541,US,0,0,2,73.39,0.62,0,0,0,0
34.65,13,5912,US,0,1,3,80.95,0.43,0,0,0,0
35.8,12,5411,US,0,1,4,77.24,0.46,0,0,0,0
17.33,11,5411,US,0,1,3,59.74,0.29,0,0,0,0
112.2,9,5732,US,1,1,3,113.79,0.99,0,0,1,0
410.67,15,5541,US,0,1,5,90.11,4.56,0,0,0,0
35.07,19,5812,US,0,0,0,120.68,0.29,0,0,0,0
13.24,17,5732,US,0,2,8,63.01,0.21,0,0,1,0
56.11,10,5311,US,0,1,3,93.21,0.6,0,0,0,0
65.46,8,5812,US,0,0,4,140.14,0.47,0,0,0,0
124.28,12,5814,US,0,1,2,134.26,0.93,0,0,0,0
52.01,18,5541,DE,0,0,3,81.03,0.64,1,0,0,0
31.15,21,5732,US,0,1,3,127.87,0.24,0,0,1,0
3221.32,9,7995,NG,1,7,5,48.99,65.75,1,0,1,1
38.39,12,4121,US,0,1,3,113.1,0.34,0,0,0,0
106.43,10,5732,US,0,0,4,118.52,0.9,0,0,1,0
46.91,21,4121,US,0,2,4,84.4,0.56,0,0,0,0
13.21,12,5311,US,1,1,4,148.53,0.09,0,0,0,0
2.5,17,5411,US,0,1,5,142.8,0.02,0,0,0,0
23.08,11,5311,US,0,1,3,95.69,0.24,0,0,0,0
553.35,10,6051,RO,5,25,15,98.27,5.63,1,0,1,1
24.12,19,5311,US,0,0,1,74.67,0.32,0,0,0,0
114.37,7,4121,DE,0,0,4,115.03,0.99,1,0,0,0
12.86,17,5411,US,0,0,1,147.15,0.09,0,0,0,0
47.98,12,5311,US,0,0,1,57.46,0.84,0,0,0,0
48.5,10,5411,US,1,2,5,112.61,0.43,0,0,0,0
38.02,7,5812,US,0,0,2,96.13,0.4,0,0,0,0
20.31,17,5812,US,0,1,5,50.22,0.4,0,0,0,0
31.66,12,5732,US,0,1,1,99.77,0.32,0,0,1,0
46.3,4,5411,US,1,1,7,79.72,0.58,0,1,0,0
3755.89,4,6051,RU,3,6,5,61.62,60.95,1,1,1,1
64.38,9,5411,GB,0,1,4,107.03,0.6,1,0,0,0
64.52,7,5541,US,0,1,3,105.95,0.61,0,0,0,0
275.07,23,5541,US,0,1,5,82.72,3.33,0,0,0,0
140.16,15,5812,US,0,0,2,140.02,1.0,0,0,0,0
29.89,10,5912,US,0,1,6,102.71,0.29,0,0,0,0
22.26,4,5411,US,1,2,4,95.92,0.23,0,1,0,0
6624.72,5,6051,UA,3,3,6,52.38,126.47,1,1,1,1
60.13,18,5814,US,1,2,6,116.83,0.51,0,0,0,0
11.25,17,5814,US,0,0,3,60.75,0.19,0,0,0,0
84.58,19,5812,US,0,1,1,54.52,1.55,0,0,0,0
42.71,12,5732,US,0,0,0,115.83,0.37,0,0,1,0
97.42,13,5732,US,1,1,6,148.57,0.66,0,0,1,0
25.15,15,5812,US,0,1,5,105.06,0.24,0,0,0,0
24.94,15,5732,FR,0,1,2,148.17,0.17,1,0,1,0
2.07,23,5311,NG,12,24,24,80.07,0.03,1,0,0,1
25.34,5,5912,US,0,1,5,123.98,0.2,0,1,0,0
37.35,22,5912,US,1,2,4,75.58,0.49,0,0,0,0
35.91,12,5812,US,0,0,4,148.09,0.24,0,0,0,0
13.24,12,5311,US,0,0,2,83.25,0.16,0,0,0,0
46.95,17,5541,US,0,0,2,142.61,0.33,0,0,0,0
48.49,13,4121,US,0,1,6,65.48,0.74,0,0,0,0
109.68,6,5541,US,0,1,5,106.88,1.03,0,0,0,0
40.07,9,5812,US,0,1,3,147.69,0.27,0,0,0,0
47.09,17,4121,US,0,0,5,135.94,0.35,0,0,0,0
21.55,17,4121,US,0,0,2,87.67,0.25,0,0,0,0
128.99,14,5814,US,0,0,1,98.84,1.31,0,0,0,0
53.65,11,5812,US,0,0,2,59.37,0.9,0,0,0,0
54.79,14,5812,FR,0,1,4,80.93,0.68,1,0,0,0
3.12,18,5311,NG,15,14,49,92.3,0.03,1,0,0,1
49.14,19,5912,US,0,1,4,114.29,0.43,0,0,0,0
301.21,17,5814,US,0,2,4,61.15,4.93,0,0,0,0
39.6,7,5812,US,0,1,3,89.5,0.44,0,0,0,0
3025.54,4,5944,CY,2,2,10,56.85,53.22,1,1,1,1
223.62,13,5411,US,1,1,3,80.32,2.78,0,0,0,0
106.55,10,5732,US,1,3,7,117.01,0.91,0,0,1,0
578.98,14,5812,US,0,1,2,144.59,4.0,0,0,0,0
117.12,11,4121,US,1,1,3,106.65,1.1,0,0,0,0
16.27,11,5411,US,0,1,5,146.34,0.11,0,0,0,0
79.95,13,5912,US,0,2,2,104.02,0.77,0,0,0,0
32.95,11,5814,US,0,0,3,112.08,0.29,0,0,0,0
53.54,13,5732,US,0,0,4,64.57,0.83,0,0,1,0
85.47,19,5541,US,0,1,3,95.38,0.9,0,0,0,0
63.72,18,5814,US,0,1,5,61.86,1.03,0,0,0,0
7785.32,1,5944,NG,2,5,5,67.61,115.15,1,1,1,1
61.84,14,5541,US,1,2,8,142.63,0.43,0,0,0,0
69.73,14,5411,US,0,0,2,137.58,0.51,0,0,0,0
16.39,20,4121,US,0,0,3,94.29,0.17,0,0,0,0
137.39,16,4121,US,0,2,5,83.12,1.65,0,0,0,0
134.78,13,4121,US,2,2,4,66.79,2.02,0,0,0,0
14.21,17,5732,US,1,1,3,77.34,0.18,0,0,1,0
2386.82,7,5732,CY,4,6,11,86.25,27.67,1,0,1,1
173.74,10,5411,US,1,2,4,53.04,3.28,0,0,0,0
24.99,16,4121,US,0,0,2,102.92,0.24,0,0,0,0
34.37,15,5311,US,0,0,1,64.61,0.53,0,0,0,0
60.25,16,5411,US,0,2,6,91.19,0.66,0,0,0,0
121.95,17,5411,US,0,0,2,122.94,0.99,0,0,0,0
18.61,21,5541,US,2,2,2,63.66,0.29,0,0,0,0
46.14,12,5541,US,0,0,3,79.73,0.58,0,0,0,0
28.0,13,5541,US,1,2,3,104.12,0.27,0,0,0,0
21.76,21,5541,US,0,0,2,65.47,0.33,0,0,0,0
25.01,22,5732,US,0,0,0,82.95,0.3,0,0,1,0
25.53,12,5541,US,0,0,6,117.97,0.22,0,0,0,0
13.01,15,5812,US,0,0,4,129.24,0.1,0,0,0,0
7168.82,1,5732,UA,1,2,9,83.47,85.88,1,1,1,1
33.79,12,5541,US,0,0,4,143.59,0.24,0,0,0,0
163.65,11,5411,FR,0,0,2,120.25,1.36,1,0,0,0
7.2,20,5814,US,1,1,4,96.12,0.07,0,0,0,0
26.83,11,4121,US,0,0,1,52.78,0.51,0,0,0,0
98.79,10,5912,DE,0,1,8,114.64,0.86,1,0,0,0
28.74,13,5732,US,2,2,7,67.93,0.42,0,0,1,0
8.23,16,5411,US,0,1,4,134.74,0.06,0,0,0,0
26.01,17,4121,US,0,0,1,76.97,0.34,0,0,0,0
35.88,19,4121,US,0,2,3,60.32,0.59,0,0,0,0
43.39,14,5541,US,1,3,5,117.48,0.37,0,0,0,0
30.59,13,5814,US,0,0,1,96.43,0.32,0,0,0,0
105.12,14,5912,US,0,2,3,83.52,1.26,0,0,0,0
20.53,17,5732,US,0,1,6,81.22,0.25,0,0,1,0
172.86,21,5812,DE,0,1,5,109.79,1.57,1,0,0,0
28.7,14,5732,US,0,0,0,103.81,0.28,0,0,1,0
25.05,10,5814,US,0,1,4,123.56,0.2,0,0,0,0
54.56,8,5912,US,0,0,0,77.02,0.71,0,0,0,0
13.41,21,5812,US,0,0,6,140.84,0.1,0,0,0,0
10.9,14,5812,US,0,0,2,133.4,0.08,0,0,0,0
15.22,14,5732,US,0,0,5,55.71,0.27,0,0,1,0
28.73,8,5541,US,0,2,7,69.88,0.41,0,0,0,0
40.41,13,5311,US,0,1,4,65.32,0.62,0,0,0,0
22.39,9,5541,US,2,2,4,133.06,0.17,0,0,0,0
113.03,16,5311,US,1,2,3,94.99,1.19,0,0,0,0
24.0,9,5732,US,0,2,7,143.65,0.17,0,0,1,0
15.58,12,4121,US,0,0,3,59.5,0.26,0,0,0,0
60.23,12,5912,US,0,0,1,81.81,0.74,0,0,0,0
15.27,14,5812,US,0,0,4,87.24,0.18,0,0,0,0
1.61,11,5311,NG,12,30,40,86.31,0.02,1,0,0,1
77.6,10,5812,US,0,1,1,59.79,1.3,0,0,0,0
4201.01,5,5944,RO,3,5,7,75.82,55.41,1,1,1,1
770.46,23,6051,US,9,22,38,62.73,12.28,0,0,1,1
18.14,8,5311,US,0,0,3,70.51,0.26,0,0,0,0
60.8,11,5311,US,0,2,3,98.57,0.62,0,0,0,0
4.93,21,4121,US,1,1,4,69.21,0.07,0,0,0,0
93.71,11,5311,US,1,1,2,111.71,0.84,0,0,0,0
27.79,17,5411,US,0,2,5,60.57,0.46,0,0,0,0
10.8,19,4121,US,0,2,5,111.75,0.1,0,0,0,0
24.88,14,5311,US,1,1,3,50.38,0.49,0,0,0,0
90.97,15,5912,US,0,0,3,68.39,1.33,0,0,0,0
47.95,16,5812,US,0,0,2,135.01,0.36,0,0,0,0
34.0,16,5732,US,0,1,3,133.32,0.26,0,0,1,0
27.97,11,5541,US,0,0,2,109.81,0.25,0,0,0,0
15.27,5,5814,US,0,0,2,92.13,0.17,0,1,0,0
170.84,13,5541,US,0,1,1,147.37,1.16,0,0,0,0
8483.86,1,5944,UA,2,3,6,76.38,111.07,1,1,1,1
69.22,13,5311,US,0,0,2,144.54,0.48,0,0,0,0
16.91,17,5411,US,0,0,3,149.29,0.11,0,0,0,0
54.89,13,5912,US,0,0,6,114.13,0.48,0,0,0,0
26.98,16,5311,US,0,0,0,98.89,0.27,0,0,0,0
50.18,13,5814,US,0,1,4,140.51,0.36,0,0,0,0
89.2,9,5411,FR,0,2,3,136.73,0.65,1,0,0,0
223.33,12,4121,US,1,2,3,82.86,2.7,0,0,0,0
13.86,13,5812,US,0,1,5,56.31,0.25,0,0,0,0
22.94,11,5814,US,2,2,4,114.04,0.2,0,0,0,0
141.02,17,5912,US,0,1,1,126.21,1.12,0,0,0,0
37.12,14,4121,US,0,0,3,108.62,0.34,0,0,0,0
28.38,14,4121,US,1,2,2,108.0,0.26,0,0,0,0
29.96,12,5311,US,0,0,4,141.96,0.21,0,0,0,0
206.13,12,5411,US,0,1,4,102.78,2.01,0,0,0,0
181.32,11,5912,US,1,1,4,54.06,3.35,0,0,0,0
97.07,10,5541,US,1,1,3,52.28,1.86,0,0,0,0
81.81,13,5912,US,0,0,2,95.48,0.86,0,0,0,0
52.72,15,5732,US,1,1,6,131.58,0.4,0,0,1,0
23.11,14,5912,US,0,0,0,110.24,0.21,0,0,0,0
35.83,12,5732,US,0,3,4,84.44,0.42,0,0,1,0
28.3,11,5311,US,0,0,3,114.24,0.25,0,0,0,0
44.29,17,5311,US,0,0,1,74.89,0.59,0,0,0,0
103.08,14,5732,US,0,2,4,107.51,0.96,0,0,1,0
19.92,10,4121,US,0,0,2,63.05,0.32,0,0,0,0
278.62,14,5541,US,0,1,4,51.63,5.4,0,0,0,0
81.8,13,5311,US,2,2,3,68.51,1.19,0,0,0,0
37.58,14,5411,US,0,1,2,96.7,0.39,0,0,0,0
48.36,16,5411,US,0,0,0,83.0,0.58,0,0,0,0
11.73,17,5311,US,0,1,3,80.15,0.15,0,0,0,0
7.04,3,5912,US,0,0,3,105.97,0.07,0,1,0,0
41.0,7,4121,US,0,1,6,138.02,0.3,0,0,0,0
15.68,18,5311,US,0,2,5,54.7,0.29,0,0,0,0
74.62,5,5732,JP,0,0,3,137.18,0.54,1,1,1,0
42.2,11,5912,US,1,1,5,79.67,0.53,0,0,0,0
99.55,22,5732,US,0,2,6,69.31,1.44,0,0,1,0
63.17,17,5311,CA,1,1,5,69.35,0.91,1,0,0,0
1470.83,20,5944,NG,2,3,11,70.05,21.0,1,0,1,1
8.08,13,5812,FR,0,3,5,100.35,0.08,1,0,0,0
82.61,13,4121,US,0,0,4,97.19,0.85,0,0,0,0
596.93,11,5812,US,1,6,7,68.66,8.69,0,0,0,0
6.54,12,5411,US,0,0,6,126.06,0.05,0,0,0,0
56.08,11,5812,US,0,0,5,85.68,0.65,0,0,0,0
64.76,7,5541,US,1,1,3,93.26,0.69,0,0,0,0
70.88,10,5814,US,0,1,5,130.87,0.54,0,0,0,0
9.93,11,5912,US,0,1,3,139.56,0.07,0,0,0,0
505.6,21,4829,RO,9,20,36,77.54,6.52,1,0,1,1
20.83,19,5814,US,0,3,5,86.42,0.24,0,0,0,0
19.67,15,5814,US,0,4,6,122.01,0.16,0,0,0,0
39.98,9,5732,US,0,2,5,82.64,0.48,0,0,1,0
14.2,13,5912,US,0,0,1,63.38,0.22,0,0,0,0
14.84,8,5812,US,0,1,2,144.11,0.1,0,0,0,0
47.79,17,5812,US,0,3,7,90.82,0.53,0,0,0,0
188.37,13,5812,US,0,0,5,119.26,1.58,0,0,0,0
44.54,16,5311,US,1,4,6,112.85,0.39,0,0,0,0
26.81,14,5541,US,1,2,6,130.52,0.21,0,0,0,0
119.46,23,5814,US,0,0,2,89.81,1.33,0,0,0,0
18.6,11,5311,US,0,0,2,87.9,0.21,0,0,0,0
16.19,15,5732,US,0,1,1,126.46,0.13,0,0,1,0
37.44,9,5814,US,0,1,4,145.99,0.26,0,0,0,0
45.02,15,5311,US,0,2,4,99.66,0.45,0,0,0,0
658.74,19,4829,GB,6,10,29,55.39,11.89,1,0,1,1
36.95,12,5912,US,0,1,3,70.33,0.53,0,0,0,0
107.52,10,5912,US,0,0,1,68.6,1.57,0,0,0,0
18.77,17,5912,US,0,0,2,148.13,0.13,0,0,0,0
77.55,11,5541,US,0,0,2,104.75,0.74,0,0,0,0
44.08,11,5912,US,2,2,7,76.19,0.58,0,0,0,0
105.06,13,5541,US,0,1,4,122.64,0.86,0,0,0,0
6.06,12,5311,US,0,0,1,92.37,0.07,0,0,0,0
9.75,19,5311,US,0,0,0,112.08,0.09,0,0,0,0
76.27,13,5411,US,1,2,2,120.51,0.63,0,0,0,0
27.53,13,5732,US,0,0,4,110.79,0.25,0,0,1,0
31.44,11,4121,US,0,0,2,125.37,0.25,0,0,0,0
28.89,15,5814,US,1,3,10,143.24,0.2,0,0,0,0
12.22,17,5311,US,0,0,4,143.85,0.08,0,0,0,0
107.22,12,5732,US,0,0,5,142.37,0.75,0,0,1,0
807.88,10,5311,US,0,0,5,95.92,8.42,0,0,0,0
8.85,15,5311,US,0,1,3,85.58,0.1,0,0,0,0
11.82,14,5411,US,0,1,6,122.58,0.1,0,0,0,0
37.63,19,5732,US,1,2,4,59.38,0.63,0,0,1,0
9.62,19,5732,US,0,1,5,107.22,0.09,0,0,1,0
2.13,0,5311,NG,8,20,38,74.42,0.03,1,1,0,1
43.92,14,5814,US,0,2,8,149.02,0.29,0,0,0,0
59.07,13,5812,US,0,1,1,137.15,0.43,0,0,0,0
68.96,18,5541,US,0,0,2,148.62,0.46,0,0,0,0
51.55,11,5814,US,1,1,5,90.9,0.57,0,0,0,0
39.22,11,5732,US,0,1,6,69.82,0.56,0,0,1,0
104.89,14,5311,US,0,0,0,114.74,0.91,0,0,0,0
10.61,13,4121,US,0,1,2,138.46,0.08,0,0,0,0
57.61,10,5732,US,0,1,2,149.04,0.39,0,0,1,0
122.04,7,5812,DE,1,2,6,55.7,2.19,1,0,0,0
66.84,13,5311,US,0,0,0,140.85,0.47,0,0,0,0
112.91,13,5541,US,0,2,2,142.1,0.79,0,0,0,0
72.56,13,5541,US,0,0,5,67.91,1.07,0,0,0,0
200.39,14,5732,US,2,4,5,149.24,1.34,0,0,1,0
46.69,14,5732,US,0,2,5,104.12,0.45,0,0,1,0
30.14,15,5912,US,0,2,3,101.11,0.3,0,0,0,0
61.73,17,5814,FR,0,0,3,84.55,0.73,1,0,0,0
133.47,10,5541,US,0,3,4,89.44,1.49,0,0,0,0
35.21,15,4121,US,1,2,8,108.99,0.32,0,0,0,0
127.83,17,5411,US,0,0,0,119.84,1.07,0,0,0,0
181.42,13,5812,US,0,1,5,68.51,2.65,0,0,0,0
272.82,16,5411,US,1,2,2,111.42,2.45,0,0,0,0
125.38,10,5541,US,0,0,4,134.69,0.93,0,0,0,0
228.07,9,5912,US,0,0,2,146.51,1.56,0,0,0,0
114.61,17,5732,US,2,2,5,134.88,0.85,0,0,1,0
52.82,8,5732,US,1,1,2,114.11,0.46,0,0,1,0
2961.13,15,7995,NG,3,5,9,52.59,56.31,1,0,1,1
4.39,21,5541,US,0,0,4,125.86,0.03,0,0,0,0
23.51,12,5732,US,0,1,4,62.84,0.37,0,0,1,0
57.19,10,5912,US,0,4,7,58.11,0.98,0,0,0,0
159.79,21,5812,US,0,0,4,123.78,1.29,0,0,0,0
71.61,6,5541,US,0,2,4,74.75,0.96,0,0,0,0
1.07,17,5311,NG,15,29,34,78.81,0.01,1,0,0,1
2121.12,20,6051,CN,2,7,5,47.05,45.08,1,0,1,1
132.94,16,5812,US,0,0,0,122.63,1.08,0,0,0,0
87.93,18,5541,US,0,2,6,82.58,1.06,0,0,0,0
14.98,14,5812,CA,0,1,6,70.39,0.21,1,0,0,0
78.62,12,5812,US,0,3,7,77.29,1.02,0,0,0,0
8.71,17,5812,US,0,1,2,96.51,0.09,0,0,0,0
14.92,15,5311,CA,0,1,5,134.66,0.11,1,0,0,0
114.53,14,5732,US,0,1,3,122.06,0.94,0,0,1,0
17.56,17,5814,US,0,2,5,81.32,0.22,0,0,0,0
31.38,10,5732,US,0,0,3,123.86,0.25,0,0,1,0
16.27,10,5912,US,0,0,4,60.58,0.27,0,0,0,0
66.75,6,5311,US,0,0,3,87.12,0.77,0,0,0,0
58.63,9,5311,US,0,2,3,117.3,0.5,0,0,0,0
38.96,11,5311,US,0,0,2,125.17,0.31,0,0,0,0
41.7,11,5541,US,0,0,1,80.41,0.52,0,0,0,0
20.99,16,5812,US,0,1,1,135.04,0.16,0,0,0,0
281.14,18,5311,US,0,1,4,89.77,3.13,0,0,0,0
112.55,14,4121,US,0,1,4,68.72,1.64,0,0,0,0
184.66,15,5411,US,1,2,5,73.96,2.5,0,0,0,0
31.91,11,5912,US,0,0,1,139.55,0.23,0,0,0,0
18.57,11,5812,US,1,1,8,94.61,0.2,0,0,0,0
124.19,14,5912,US,0,0,5,138.22,0.9,0,0,0,0
51.78,18,5411,US,0,3,5,89.95,0.58,0,0,0,0
26.97,8,5732,US,0,1,4,140.31,0.19,0,0,1,0
100.58,4,5814,US,0,1,4,81.77,1.23,0,1,0,0
54.98,12,5541,US,1,2,3,55.17,1.0,0,0,0,0
17.96,19,5912,US,0,0,2,90.97,0.2,0,0,0,0
26.4,12,5812,US,1,1,5,98.02,0.27,0,0,0,0
20.71,10,5732,US,1,1,2,79.96,0.26,0,0,1,0
95.77,7,5912,JP,1,1,3,57.51,1.67,1,0,0,0
105.82,8,5411,US,0,1,3,149.72,0.71,0,0,0,0
87.47,19,5912,US,1,2,8,71.04,1.23,0,0,0,0
20.81,19,5311,US,0,0,5,66.83,0.31,0,0,0,0
5.66,8,5411,US,0,1,4,91.6,0.06,0,0,0,0
80.74,17,5541,US,0,3,5,74.47,1.08,0,0,0,0
43.67,17,4121,US,0,0,2,132.33,0.33,0,0,0,0
91.19,13,4121,US,0,1,3,100.87,0.9,0,0,0,0
74.21,13,5311,US,0,1,4,80.18,0.93,0,0,0,0
9.15,11,4121,US,0,0,2,127.01,0.07,0,0,0,0
4101.52,1,5732,CY,1,5,7,81.69,50.21,1,1,1,1
37.52,13,5411,US,0,0,2,131.85,0.28,0,0,0,0
25.27,13,5411,US,1,3,5,98.99,0.26,0,0,0,0
128.16,9,5812,US,0,1,6,135.43,0.95,0,0,0,0
57.61,19,5311,US,0,1,4,120.67,0.48,0,0,0,0
90.36,14,5814,US,0,3,5,107.51,0.84,0,0,0,0
38.63,14,4121,US,0,0,7,136.8,0.28,0,0,0,0
6.08,12,4121,US,0,0,3,58.79,0.1,0,0,0,0
55.82,23,5912,US,1,1,2,79.07,0.71,0,0,0,0
173.06,18,5411,US,0,1,5,75.36,2.3,0,0,0,0
22.94,15,5311,US,0,1,2,143.97,0.16,0,0,0,0
33.74,22,5411,US,0,0,7,138.56,0.24,0,0,0,0
108.59,13,4121,CA,0,3,5,110.88,0.98,1,0,0,0
31.63,9,4121,US,0,1,3,120.01,0.26,0,0,0,0
25.17,11,5812,US,0,0,1,65.94,0.38,0,0,0,0
50.04,17,5732,US,0,0,1,121.7,0.41,0,0,1,0
93.42,11,5812,US,0,0,1,71.68,1.3,0,0,0,0
23.78,8,5812,US,0,0,3,67.55,0.35,0,0,0,0
56.2,9,5814,US,1,1,2,123.42,0.46,0,0,0,0
408.21,14,5912,US,0,0,3,66.44,6.14,0,0,0,0
0.94,19,5311,US,12,26,35,49.51,0.02,0,0,0,1
33.87,11,5541,US,0,1,1,57.83,0.59,0,0,0,0
76.08,11,4121,US,0,1,1,78.31,0.97,0,0,0,0
33.84,13,5912,US,0,2,6,86.44,0.39,0,0,0,0
28.06,15,5812,US,0,1,7,59.87,0.47,0,0,0,0
712.92,19,7995,GB,5,14,33,73.26,9.73,1,0,1,1
44.27,10,5732,US,0,0,6,51.04,0.87,0,0,1,0
122.13,15,5311,US,0,1,3,85.47,1.43,0,0,0,0
134.77,17,4121,US,1,2,3,143.21,0.94,0,0,0,0
53.78,14,5812,US,0,0,3,120.2,0.45,0,0,0,0
37.01,17,4121,US,0,2,5,139.44,0.27,0,0,0,0
15.86,7,5814,US,1,3,6,65.24,0.24,0,0,0,0
216.91,18,4121,US,0,2,4,115.97,1.87,0,0,0,0
16.0,17,5541,US,0,1,2,135.07,0.12,0,0,0,0
58.27,21,5311,US,2,3,4,105.71,0.55,0,0,0,0
15.24,9,5912,US,0,0,3,96.0,0.16,0,0,0,0
74.0,9,5812,US,0,0,2,76.22,0.97,0,0,0,0
67.81,18,5732,US,0,0,4,52.39,1.29,0,0,1,0
98.16,8,5411,US,0,0,1,89.29,1.1,0,0,0,0
42.09,10,5814,US,0,0,4,69.68,0.6,0,0,0,0
85.68,15,5311,US,1,4,10,74.3,1.15,0,0,0,0
41.05,15,5912,US,0,0,1,60.91,0.67,0,0,0,0
12.7,9,5541,US,0,1,5,76.61,0.17,0,0,0,0
81.5,14,5541,DE,0,1,3,138.52,0.59,1,0,0,0
11.78,13,5541,US,0,2,7,92.83,0.13,0,0,0,0
108.39,10,5732,US,0,1,4,56.03,1.93,0,0,1,0
26.68,10,5912,US,1,3,5,91.79,0.29,0,0,0,0
1.61,16,5311,US,14,29,40,98.05,0.02,0,0,0,1
25.51,11,5311,US,0,2,3,90.25,0.28,0,0,0,0
7.01,13,5411,US,0,0,3,129.34,0.05,0,0,0,0
8.6,12,5411,US,0,0,3,108.87,0.08,0,0,0,0
302.5,16,5311,US,0,1,4,60.29,5.02,0,0,0,0
42.7,13,4121,US,0,1,4,65.4,0.65,0,0,0,0
53.64,14,5541,US,1,2,3,97.83,0.55,0,0,0,0
10.29,14,5812,US,0,1,2,102.63,0.1,0,0,0,0
120.92,15,5311,US,0,1,3,99.87,1.21,0,0,0,0
28.69,7,5812,US,0,1,5,133.3,0.22,0,0,0,0
17.54,14,5812,US,0,1,1,130.85,0.13,0,0,0,0
40.02,14,5814,US,1,2,6,63.41,0.63,0,0,0,0
11.98,13,5732,US,0,1,4,127.17,0.09,0,0,1,0
109.83,18,5912,US,0,1,5,55.56,1.98,0,0,0,0
34.87,11,5912,US,1,1,3,65.53,0.53,0,0,0,0
4.84,6,5812,US,0,1,4,54.01,0.09,0,0,0,0
34.19,17,5812,US,0,1,5,62.45,0.55,0,0,0,0
10.07,7,5311,US,0,0,2,138.02,0.07,0,0,0,0
11.13,19,5814,US,0,0,3,85.03,0.13,0,0,0,0
73.91,9,5812,US,0,1,2,109.7,0.67,0,0,0,0
28.42,20,4121,US,0,3,4,120.14,0.24,0,0,0,0
35.49,6,5912,US,1,2,2,69.74,0.51,0,0,0,0
10.84,12,5732,US,0,0,0,133.11,0.08,0,0,1,0
32.28,10,5812,US,1,2,4,130.98,0.25,0,0,0,0
60.93,17,5311,US,0,0,3,52.09,1.17,0,0,0,0
56.4,10,5311,US,0,1,7,61.92,0.91,0,0,0,0
118.59,14,5541,US,1,2,5,82.08,1.44,0,0,0,0
18.83,13,4121,US,0,0,3,52.42,0.36,0,0,0,0
446.58,11,5732,US,0,1,5,86.95,5.14,0,0,1,0
38.33,21,5814,US,0,0,3,116.85,0.33,0,0,0,0
45.46,7,5311,US,0,0,4,71.69,0.63,0,0,0,0
58.35,12,5912,US,0,1,2,86.65,0.67,0,0,0,0
99.75,15,5732,US,1,2,3,130.9,0.76,0,0,1,0
18.81,16,4121,US,0,0,2,64.97,0.29,0,0,0,0
13.43,9,5912,DE,0,0,3,149.06,0.09,1,0,0,0
52.53,13,5732,US,1,3,7,68.56,0.77,0,0,1,0
91.63,7,4121,US,0,1,3,107.81,0.85,0,0,0,0
11.12,15,5411,US,0,0,1,120.57,0.09,0,0,0,0
46.86,13,5912,US,0,0,4,84.0,0.56,0,0,0,0
31.47,7,5541,US,0,0,4,116.43,0.27,0,0,0,0
19.08,13,5541,US,0,1,3,79.61,0.24,0,0,0,0
15.69,15,5814,US,0,0,3,116.63,0.13,0,0,0,0
136.98,16,5912,US,0,0,1,130.69,1.05,0,0,0,0
3743.32,2,5944,US,3,4,7,59.5,62.91,0,1,1,1
20.13,9,5814,US,0,3,7,130.34,0.15,0,0,0,0
36.67,15,5732,US,0,2,3,125.82,0.29,0,0,1,0
2927.96,17,5732,CY,2,4,8,93.89,31.19,1,0,1,1
29.37,14,5912,US,0,1,2,134.34,0.22,0,0,0,0
32.43,18,5912,US,0,1,7,78.31,0.41,0,0,0,0
17.87,9,5912,US,1,3,4,73.43,0.24,0,0,0,0
76.87,12,5311,US,0,2,4,70.4,1.09,0,0,0,0
107.9,14,5912,US,1,2,6,132.15,0.82,0,0,0,0
62.72,15,5732,US,1,2,4,105.34,0.6,0,0,1,0
794.65,18,4829,CY,2,7,9,65.94,12.05,1,0,1,1
91.59,15,5812,US,0,1,6,84.98,1.08,0,0,0,0
96.07,17,5812,US,1,3,9,135.27,0.71,0,0,0,0
77.08,9,5912,CA,0,0,2,135.73,0.57,1,0,0,0
52.24,11,5912,US,0,0,3,116.42,0.45,0,0,0,0
26.55,9,5541,US,0,1,1,95.37,0.28,0,0,0,0
14.19,8,5912,US,0,1,4,55.62,0.26,0,0,0,0
24.66,12,5541,US,1,1,3,132.21,0.19,0,0,0,0
4.16,18,5541,US,1,1,3,97.13,0.04,0,0,0,0
4.19,13,4121,US,0,2,4,57.65,0.07,0,0,0,0
109.0,12,5812,US,0,2,3,111.5,0.98,0,0,0,0
88.87,14,4121,US,0,1,5,87.92,1.01,0,0,0,0
39.95,18,5541,US,0,1,4,51.14,0.78,0,0,0,0
47.5,15,5311,US,0,0,0,139.42,0.34,0,0,0,0
22.35,14,5541,US,0,0,0,77.88,0.29,0,0,0,0
23.54,15,5812,US,0,1,5,128.7,0.18,0,0,0,0
135.64,16,5812,US,0,1,5,100.17,1.35,0,0,0,0
37.21,18,4121,US,0,0,0,88.08,0.42,0,0,0,0
122.2,13,5814,US,0,0,1,105.04,1.16,0,0,0,0
79.51,12,5541,US,1,3,8,139.59,0.57,0,0,0,0
173.28,16,5912,US,0,1,2,141.17,1.23,0,0,0,0
34.8,7,4121,US,0,1,2,109.48,0.32,0,0,0,0
27.1,18,5912,US,0,1,7,140.28,0.19,0,0,0,0
13.48,20,5812,US,0,2,3,91.76,0.15,0,0,0,0
169.34,16,4121,US,0,0,4,125.91,1.34,0,0,0,0
92.36,11,4121,US,0,3,3,120.33,0.77,0,0,0,0
32.82,11,5732,US,0,0,1,99.18,0.33,0,0,1,0
187.88,13,5732,US,0,1,5,136.11,1.38,0,0,1,0
37.17,9,4121,US,0,1,3,50.31,0.74,0,0,0,0
96.23,15,4121,US,0,0,2,71.42,1.35,0,0,0,0
22.6,10,4121,US,0,1,2,128.34,0.18,0,0,0,0
13.44,12,5732,US,0,3,4,101.98,0.13,0,0,1,0
191.82,13,5411,US,0,1,1,94.48,2.03,0,0,0,0
80.14,14,5814,US,1,1,3,91.65,0.87,0,0,0,0
71.71,12,5812,US,0,0,2,135.44,0.53,0,0,0,0
161.31,14,5411,US,0,2,4,117.7,1.37,0,0,0,0
39.74,18,5812,US,0,1,3,93.08,0.43,0,0,0,0
104.41,13,5541,US,0,2,4,83.0,1.26,0,0,0,0
9.14,13,5541,US,0,1,3,128.08,0.07,0,0,0,0
49.4,11,4121,US,1,1,4,144.21,0.34,0,0,0,0
31.01,23,5732,US,0,2,5,102.21,0.3,0,0,1,0
176.41,15,5311,US,0,3,7,63.56,2.78,0,0,0,0
95.57,17,5812,US,0,1,1,79.21,1.21,0,0,0,0
59.15,13,5411,US,1,2,6,69.4,0.85,0,0,0,0
64.91,11,5411,US,0,0,5,86.98,0.75,0,0,0,0
26.77,10,5311,US,1,2,3,94.37,0.28,0,0,0,0
30.82,12,4121,US,0,0,0,54.47,0.57,0,0,0,0
16.93,11,5411,US,0,1,4,108.19,0.16,0,0,0,0
133.93,18,5732,US,0,1,4,100.01,1.34,0,0,1,0
24.74,17,5541,US,0,2,4,98.26,0.25,0,0,0,0
37.92,12,4121,US,0,0,0,117.67,0.32,0,0,0,0
9.18,12,5912,US,0,1,1,81.59,0.11,0,0,0,0
36.57,15,5732,US,0,3,6,101.84,0.36,0,0,1,0
36.61,20,5912,US,0,0,0,83.92,0.44,0,0,0,0
62.81,15,5311,US,0,1,1,124.77,0.5,0,0,0,0
53.07,15,5814,US,0,2,6,92.35,0.57,0,0,0,0
79.38,13,4121,US,0,1,4,90.93,0.87,0,0,0,0
99.03,14,5732,US,0,0,2,59.11,1.68,0,0,1,0
16.66,15,5411,US,0,1,4,138.96,0.12,0,0,0,0
14.96,16,5541,US,0,0,2,98.32,0.15,0,0,0,0
110.69,19,5814,US,0,0,1,121.38,0.91,0,0,0,0
21.47,16,5311,US,0,0,3,59.31,0.36,0,0,0,0
101.0,17,5411,US,1,2,3,86.74,1.16,0,0,0,0
54.85,15,5311,US,2,3,4,141.4,0.39,0,0,0,0
32.24,19,5311,US,1,1,2,83.96,0.38,0,0,0,0
47.02,13,5732,US,0,1,2,147.26,0.32,0,0,1,0
126.79,22,5411,US,0,2,5,127.77,0.99,0,0,0,0
51.74,6,5311,US,0,0,3,88.0,0.59,0,0,0,0
266.85,15,5814,US,0,2,6,78.65,3.39,0,0,0,0
1.09,4,5311,US,6,12,23,46.44,0.02,0,1,0,1
40.03,15,5814,US,0,1,3,99.02,0.4,0,0,0,0
21.69,15,5411,US,0,1,3,130.42,0.17,0,0,0,0
153.62,16,5311,US,0,2,5,96.84,1.59,0,0,0,0
16.09,9,5732,US,0,1,4,89.83,0.18,0,0,1,0
77.79,12,5812,US,1,3,9,111.25,0.7,0,0,0,0
23.25,13,5541,US,0,1,2,62.97,0.37,0,0,0,0
20.88,18,5812,US,0,0,1,77.69,0.27,0,0,0,0
42.86,14,5411,US,1,2,2,67.71,0.63,0,0,0,0
168.39,11,5912,US,1,1,5,144.74,1.16,0,0,0,0
53.78,16,4121,US,0,1,6,88.25,0.61,0,0,0,0
18.37,17,5541,CA,0,1,4,94.98,0.19,1,0,0,0
45.15,14,5541,US,0,2,5,105.8,0.43,0,0,0,0
15.7,10,5912,US,2,2,4,76.34,0.21,0,0,0,0
10.37,16,5411,US,1,2,2,132.07,0.08,0,0,0,0
18.58,10,4121,US,0,0,1,135.22,0.14,0,0,0,0
13.39,17,5812,US,0,2,5,64.26,0.21,0,0,0,0
60.87,9,5814,US,0,2,5,96.3,0.63,0,0,0,0
19.77,13,5812,US,0,0,2,86.58,0.23,0,0,0,0
46.8,12,5912,US,0,0,4,100.65,0.46,0,0,0,0
21.46,10,5541,US,1,1,3,52.69,0.41,0,0,0,0
41.04,9,5411,US,0,1,3,91.98,0.45,0,0,0,0
35.55,12,4121,US,1,2,3,145.9,0.24,0,0,0,0
55.96,22,5732,US,0,0,2,138.47,0.4,0,0,1,0
22.84,7,4121,US,0,0,0,145.71,0.16,0,0,0,0
74.74,16,5732,US,0,0,3,111.0,0.67,0,0,1,0
69.44,7,5541,US,0,1,2,52.33,1.33,0,0,0,0
27.98,17,5732,US,0,1,2,132.55,0.21,0,0,1,0
61.32,20,5812,JP,0,1,6,122.52,0.5,1,0,0,0
43.41,15,5732,US,0,0,2,77.91,0.56,0,0,1,0
184.21,5,5411,US,0,0,5,120.11,1.53,0,1,0,0
257.98,12,5411,US,0,0,5,106.55,2.42,0,0,0,0
40.82,19,5411,US,0,0,4,111.57,0.37,0,0,0,0
57.28,17,5541,US,1,1,5,98.12,0.58,0,0,0,0
34.34,15,5814,US,0,0,0,58.1,0.59,0,0,0,0
16.36,20,5814,US,0,0,2,97.87,0.17,0,0,0,0
254.47,18,5812,US,0,1,4,68.15,3.73,0,0,0,0
183.29,14,5411,US,0,2,6,79.65,2.3,0,0,0,0
21.55,16,5814,US,0,1,2,74.98,0.29,0,0,0,0
20.23,22,4121,US,1,1,2,122.36,0.17,0,0,0,0
23.66,15,5812,US,0,0,5,143.09,0.17,0,0,0,0
75.23,15,5311,US,0,2,5,93.88,0.8,0,0,0,0
44.03,18,5814,US,0,2,5,139.92,0.31,0,0,0,0
77.43,9,4121,US,1,4,6,142.15,0.54,0,0,0,0
414.83,21,5732,US,6,20,21,52.48,7.9,0,0,1,1
22.71,17,5912,US,1,2,5,129.34,0.18,0,0,0,0
83.72,14,5311,US,1,3,5,96.13,0.87,0,0,0,0
154.07,13,4121,US,0,2,4,147.99,1.04,0,0,0,0
34.15,11,5311,US,0,1,5,54.72,0.62,0,0,0,0
285.03,17,5311,US,2,2,3,85.6,3.33,0,0,0,0
1033.52,5,4829,RU,1,3,11,41.45,24.93,1,1,1,1
47.94,5,5311,US,0,0,3,89.72,0.53,0,1,0,0
14.7,16,5311,US,0,0,1,100.68,0.15,0,0,0,0
18.47,13,5814,US,0,0,1,146.42,0.13,0,0,0,0
42.41,17,5411,US,0,1,5,132.84,0.32,0,0,0,0
38.73,20,4121,US,0,1,4,126.2,0.31,0,0,0,0
66.62,14,5311,US,0,1,8,89.99,0.74,0,0,0,0
85.17,8,5732,US,1,2,4,107.23,0.79,0,0,1,0
58.92,14,5311,US,0,2,2,113.22,0.52,0,0,0,0
143.85,14,4121,US,0,2,5,123.13,1.17,0,0,0,0
111.86,11,5732,US,0,1,4,134.18,0.83,0,0,1,0
14.15,16,5411,US,0,0,2,107.98,0.13,0,0,0,0
71.73,18,5311,US,0,1,5,145.84,0.49,0,0,0,0
130.7,20,5311,US,0,3,5,123.95,1.05,0,0,0,0
83.17,15,5812,US,0,1,4,136.14,0.61,0,0,0,0
91.97,16,5541,US,0,0,1,121.98,0.75,0,0,0,0
69.05,16,5411,US,1,2,4,142.16,0.49,0,0,0,0
61.11,12,5912,US,0,0,2,89.97,0.68,0,0,0,0
85.4,19,5812,US,0,1,2,146.6,0.58,0,0,0,0
169.99,20,5541,US,0,1,4,129.08,1.32,0,0,0,0
62.31,18,5812,US,0,0,3,134.01,0.46,0,0,0,0
26.61,12,5732,US,0,1,6,74.31,0.36,0,0,1,0
16.85,9,5411,US,0,1,1,118.38,0.14,0,0,0,0
16.29,12,5732,US,3,3,6,115.42,0.14,0,0,1,0
67.31,14,5311,US,1,1,2,73.85,0.91,0,0,0,0
2338.61,0,5944,RU,3,4,4,98.78,23.67,1,1,1,1
34.49,17,5732,GB,0,2,4,51.45,0.67,1,0,1,0
76.25,11,5311,US,0,0,1,81.48,0.94,0,0,0,0
120.84,23,5814,GB,0,1,4,98.76,1.22,1,0,0,0
179.84,16,5311,JP,1,1,3,108.75,1.65,1,0,0,0
137.53,16,5912,US,0,1,1,97.14,1.42,0,0,0,0
109.51,11,5912,US,0,2,6,120.51,0.91,0,0,0,0
73.36,13,5812,US,0,0,3,114.4,0.64,0,0,0,0
43.64,15,5732,US,1,1,4,118.17,0.37,0,0,1,0
47.35,8,5311,US,2,3,8,99.33,0.48,0,0,0,0
200.12,13,5732,US,1,2,4,80.63,2.48,0,0,1,0
90.01,14,5541,US,0,0,2,130.85,0.69,0,0,0,0
15.71,14,5912,US,0,0,4,118.95,0.13,0,0,0,0
36.81,7,5812,US,0,0,2,63.09,0.58,0,0,0,0
65.79,8,5732,US,0,0,3,66.59,0.99,0,0,1,0
14.94,20,5541,US,0,3,6,105.74,0.14,0,0,0,0
70.98,15,5311,US,0,1,2,112.94,0.63,0,0,0,0
203.81,15,6051,RO,5,23,39,49.65,4.1,1,0,1,1
10.39,17,5912,US,0,0,3,137.11,0.08,0,0,0,0
68.79,10,5814,US,0,0,1,75.3,0.91,0,0,0,0
16.59,16,5411,DE,1,1,2,52.2,0.32,1,0,0,0
5.9,7,5732,US,1,3,3,69.78,0.08,0,0,1,0
32.23,15,5732,US,0,1,3,92.69,0.35,0,0,1,0
65.48,15,5541,US,0,0,1,69.39,0.94,0,0,0,0
17.75,12,5912,US,0,3,5,98.25,0.18,0,0,0,0
47.92,18,5311,US,1,1,2,108.4,0.44,0,0,0,0
26.45,20,5912,US,0,0,1,80.09,0.33,0,0,0,0
74.75,12,5411,US,0,0,2,99.07,0.75,0,0,0,0
8.4,8,5912,US,0,0,1,142.35,0.06,0,0,0,0
11.67,14,5541,US,0,1,4,72.67,0.16,0,0,0,0
7.32,15,5541,US,1,1,4,72.52,0.1,0,0,0,0
6.14,16,4121,US,0,1,5,51.01,0.12,0,0,0,0
25.48,17,5812,US,1,2,5,127.54,0.2,0,0,0,0
63.53,17,5411,US,0,1,2,121.01,0.52,0,0,0,0
53.91,15,5812,US,0,2,3,132.58,0.41,0,0,0,0
63.12,14,5311,US,1,2,5,110.68,0.57,0,0,0,0
13.08,7,5541,US,0,0,2,127.33,0.1,0,0,0,0
47.01,23,5812,US,0,0,1,78.87,0.6,0,0,0,0
125.18,13,5814,US,0,1,6,95.5,1.31,0,0,0,0
56.99,17,4121,US,0,0,4,50.47,1.13,0,0,0,0
93.05,14,5541,US,0,1,1,102.4,0.91,0,0,0,0
24.1,2,5311,US,0,4,8,66.69,0.36,0,1,0,0
27.1,11,5411,US,1,1,2,77.58,0.35,0,0,0,0
104.73,11,5814,US,1,2,4,63.02,1.66,0,0,0,0
114.76,8,5812,US,0,0,5,130.88,0.88,0,0,0,0
158.39,19,5541,US,0,0,2,100.96,1.57,0,0,0,0
92.57,16,5814,US,0,1,4,124.25,0.75,0,0,0,0
25.05,19,4121,US,0,0,2,115.31,0.22,0,0,0,0
20.16,14,5812,US,0,0,2,115.94,0.17,0,0,0,0
96.95,6,5732,US,1,2,2,119.22,0.81,0,0,1,0
36.13,5,5814,US,0,1,4,67.09,0.54,0,1,0,0
71.91,10,5541,US,0,0,4,51.0,1.41,0,0,0,0
10.61,16,5411,US,0,1,4,110.21,0.1,0,0,0,0
38.03,15,5912,US,1,3,7,52.94,0.72,0,0,0,0
54.52,6,5814,US,0,0,0,92.68,0.59,0,0,0,0
130.52,13,4121,US,0,0,3,143.5,0.91,0,0,0,0
62.92,10,5541,US,0,1,2,125.42,0.5,0,0,0,0
87.42,11,5732,US,0,2,4,56.84,1.54,0,0,1,0
293.33,8,4121,US,0,0,2,97.12,3.02,0,0,0,0
79.41,23,5311,US,0,1,4,124.02,0.64,0,0,0,0
9.55,17,5812,US,0,0,2,110.46,0.09,0,0,0,0
18.24,13,5311,US,0,0,3,55.63,0.33,0,0,0,0
40.73,9,5814,US,0,1,7,125.58,0.32,0,0,0,0
53.67,14,5311,US,0,1,2,104.74,0.51,0,0,0,0
360.91,15,5944,RO,4,15,28,52.73,6.84,1,0,1,1
24.66,12,5311,US,0,3,4,95.73,0.26,0,0,0,0
60.35,8,4121,US,0,0,3,125.54,0.48,0,0,0,0
8.87,9,5311,US,1,1,1,121.69,0.07,0,0,0,0
7.02,11,5812,US,0,1,4,133.2,0.05,0,0,0,0
546.58,17,5541,US,0,0,1,125.44,4.36,0,0,0,0
57.67,15,5541,US,1,1,1,144.03,0.4,0,0,0,0
73.63,13,5411,US,0,0,2,51.13,1.44,0,0,0,0
191.01,14,5411,US,1,2,2,78.56,2.43,0,0,0,0
40.67,14,4121,US,0,1,4,70.88,0.57,0,0,0,0
163.38,18,5814,US,0,0,4,98.41,1.66,0,0,0,0
56.43,9,5912,US,1,3,6,90.82,0.62,0,0,0,0
55.45,16,5732,US,0,1,1,112.26,0.49,0,0,1,0
69.4,13,4121,US,1,2,3,125.12,0.55,0,0,0,0
41.58,13,5411,US,0,0,3,143.19,0.29,0,0,0,0
1872.64,15,5944,CY,3,7,12,81.35,23.02,1,0,1,1
78.46,16,5912,US,0,0,3,80.15,0.98,0,0,0,0
59.86,18,5541,US,0,0,2,109.92,0.54,0,0,0,0
41.58,8,4121,US,1,1,3,94.3,0.44,0,0,0,0
107.19,9,5541,US,0,1,2,71.65,1.5,0,0,0,0
29.05,12,5541,US,0,1,5,74.12,0.39,0,0,0,0
1.02,20,5311,UA,13,14,19,88.71,0.01,1,0,0,1
59.81,10,5812,US,2,3,6,125.04,0.48,0,0,0,0
34.5,15,5814,US,0,3,5,101.41,0.34,0,0,0,0
67.2,11,5732,US,0,0,2,146.31,0.46,0,0,1,0
7.5,11,5311,US,0,1,5,52.9,0.14,0,0,0,0
15.66,7,5541,US,0,1,6,144.36,0.11,0,0,0,0
67.06,10,5814,US,0,0,3,90.24,0.74,0,0,0,0
82.22,11,5814,US,0,0,4,50.01,1.64,0,0,0,0
51.22,15,5814,US,0,3,3,71.58,0.72,0,0,0,0
7.99,13,5411,US,0,1,5,50.95,0.16,0,0,0,0
880.39,7,5732,US,8,13,28,43.87,20.07,0,0,1,1
12.47,14,5814,US,0,3,7,126.17,0.1,0,0,0,0
25.13,16,5814,US,0,0,2,66.85,0.38,0,0,0,0
19.86,7,4121,US,0,0,4,83.17,0.24,0,0,0,0
11.17,12,5814,US,0,1,2,64.83,0.17,0,0,0,0
50.15,19,5411,US,0,0,1,52.85,0.95,0,0,0,0
103.38,12,5814,US,0,0,1,84.21,1.23,0,0,0,0
99.11,17,5812,US,0,1,5,91.74,1.08,0,0,0,0
29.17,9,5812,US,0,0,6,67.46,0.43,0,0,0,0
25.34,15,5814,US,0,0,3,58.22,0.44,0,0,0,0
88.86,9,5732,US,0,1,6,137.98,0.64,0,0,1,0
41.12,9,5411,US,0,2,4,127.6,0.32,0,0,0,0
3.32,21,5311,UA,12,29,34,66.76,0.05,1,0,0,1
33.28,23,4121,US,0,2,4,61.32,0.54,0,0,0,0
27.07,9,5812,US,0,2,2,122.0,0.22,0,0,0,0
47.65,12,5311,US,0,2,7,56.8,0.84,0,0,0,0
19.5,14,5812,US,0,2,4,127.61,0.15,0,0,0,0
156.2,15,5812,US,0,0,3,114.7,1.36,0,0,0,0
209.71,18,5732,US,0,0,5,94.46,2.22,0,0,1,0
70.02,17,5912,US,0,2,5,102.87,0.68,0,0,0,0
23.63,18,5812,US,0,0,2,94.68,0.25,0,0,0,0
26.21,10,5912,US,0,2,4,85.46,0.31,0,0,0,0
112.87,16,5732,US,0,1,4,50.99,2.21,0,0,1,0
12.79,9,4121,US,1,2,5,128.06,0.1,0,0,0,0
92.62,11,5411,US,1,1,4,127.96,0.72,0,0,0,0
21.74,10,5411,US,0,0,7,58.5,0.37,0,0,0,0
2313.36,3,5944,CN,1,4,6,54.59,42.38,1,1,1,1
113.3,7,5732,US,1,3,4,140.17,0.81,0,0,1,0
4781.56,1,5732,CN,3,3,6,84.62,56.51,1,1,1,1
13.98,11,5411,US,0,3,4,105.58,0.13,0,0,0,0
66.6,17,4121,DE,0,1,5,84.7,0.79,1,0,0,0
313.21,12,5732,US,0,1,5,128.68,2.43,0,0,1,0
7.52,14,5541,US,0,0,3,133.29,0.06,0,0,0,0
86.13,12,4121,US,0,2,5,87.33,0.99,0,0,0,0
40.53,18,5812,US,0,0,3,63.69,0.64,0,0,0,0
18.09,18,5311,US,0,0,2,50.61,0.36,0,0,0,0
100.17,14,5814,US,1,2,6,143.55,0.7,0,0,0,0
36.24,14,5732,JP,1,2,3,123.81,0.29,1,0,1,0
69.07,16,5814,US,1,3,5,149.88,0.46,0,0,0,0
73.01,9,5812,US,0,1,3,111.1,0.66,0,0,0,0
53.54,11,4121,US,0,2,3,95.2,0.56,0,0,0,0
190.57,10,5411,US,1,2,6,92.52,2.06,0,0,0,0
24.17,17,5311,US,0,2,4,78.5,0.31,0,0,0,0
68.34,15,5541,US,0,0,3,148.71,0.46,0,0,0,0
22.47,19,5541,US,0,1,2,66.41,0.34,0,0,0,0
25.45,11,5912,US,0,1,4,112.62,0.23,0,0,0,0
10.08,16,5311,US,0,1,3,125.24,0.08,0,0,0,0
37.14,13,5311,US,0,0,2,103.18,0.36,0,0,0,0
29.0,4,5541,US,0,0,3,102.17,0.28,0,1,0,0
764.06,23,7995,US,6,23,33,62.47,12.23,0,0,1,1
15.03,17,5311,US,1,2,3,129.04,0.12,0,0,0,0
176.09,18,5411,US,0,0,1,58.85,2.99,0,0,0,0
85.89,10,5812,US,0,2,7,117.44,0.73,0,0,0,0
38.05,9,5912,JP,0,1,1,73.81,0.52,1,0,0,0
134.82,14,5812,US,0,2,9,105.24,1.28,0,0,0,0
36.87,9,5912,US,1,2,2,54.28,0.68,0,0,0,0
81.1,17,4121,US,0,3,6,114.65,0.71,0,0,0,0
75.27,13,5311,US,0,1,6,149.32,0.5,0,0,0,0
105.29,19,5814,US,1,2,2,134.63,0.78,0,0,0,0
39.46,13,4121,US,0,0,2,112.16,0.35,0,0,0,0
128.08,11,5541,US,0,0,1,89.96,1.42,0,0,0,0
30.84,15,5814,US,0,0,1,79.44,0.39,0,0,0,0
19.99,13,5732,US,0,0,4,68.34,0.29,0,0,1,0
35.84,14,5812,US,0,0,2,134.16,0.27,0,0,0,0
88.39,20,4121,US,0,0,2,97.96,0.9,0,0,0,0
13.8,4,4121,US,0,0,0,78.62,0.18,0,1,0,0
45.46,13,5541,US,0,2,9,112.49,0.4,0,0,0,0
12.35,6,5411,US,0,1,2,60.14,0.21,0,0,0,0
27.18,17,5541,US,0,1,3,113.39,0.24,0,0,0,0
74.06,14,5912,US,1,1,1,140.27,0.53,0,0,0,0
34.15,7,5411,US,0,0,3,121.47,0.28,0,0,0,0
33.19,11,5311,US,0,0,6,90.9,0.37,0,0,0,0
57.2,8,5812,US,0,1,5,120.14,0.48,0,0,0,0
104.02,13,5732,US,0,0,2,137.56,0.76,0,0,1,0
18.96,13,4121,US,0,1,4,81.97,0.23,0,0,0,0
125.1,8,5912,US,0,0,4,62.22,2.01,0,0,0,0
84.83,12,5912,US,0,0,2,78.38,1.08,0,0,0,0
36.51,13,5311,US,0,2,4,134.29,0.27,0,0,0,0
24.25,10,5814,US,0,1,6,93.94,0.26,0,0,0,0
244.14,13,5732,US,0,0,4,134.53,1.81,0,0,1,0
93.44,21,5411,US,0,0,1,64.04,1.46,0,0,0,0
39.64,13,5912,US,0,1,1,130.27,0.3,0,0,0,0
43.43,14,5912,US,0,2,6,131.73,0.33,0,0,0,0
43.23,18,5411,US,0,1,2,133.49,0.32,0,0,0,0
75.8,12,5411,US,1,1,4,50.72,1.49,0,0,0,0
86.25,14,5311,US,2,2,6,68.87,1.25,0,0,0,0
87.6,19,5812,US,0,3,8,72.95,1.2,0,0,0,0
197.52,10,5812,US,0,1,3,96.86,2.04,0,0,0,0
23.32,9,5411,US,0,1,6,100.46,0.23,0,0,0,0
22.44,17,4121,US,0,2,2,108.48,0.21,0,0,0,0
30.01,14,5912,US,0,1,6,132.95,0.23,0,0,0,0
34.67,12,5814,US,0,0,2,63.5,0.55,0,0,0,0
105.11,11,5541,US,0,0,4,77.91,1.35,0,0,0,0
3089.03,14,7995,CY,3,7,8,47.41,65.16,1,0,1,1
64.14,9,4121,US,0,0,4,142.33,0.45,0,0,0,0
8.66,23,5541,US,1,1,3,51.56,0.17,0,0,0,0
14.17,20,5814,US,0,2,5,109.97,0.13,0,0,0,0
107.92,14,5732,US,0,0,4,117.32,0.92,0,0,1,0
90.07,11,5812,US,0,1,4,134.15,0.67,0,0,0,0
8.18,15,5812,US,0,0,5,124.64,0.07,0,0,0,0
87.18,6,5732,US,1,2,3,142.54,0.61,0,0,1,0
21.28,8,5411,US,0,2,2,93.5,0.23,0,0,0,0
95.71,16,5814,US,0,0,7,105.97,0.9,0,0,0,0
77.66,9,5732,US,0,1,3,111.56,0.7,0,0,1,0
69.55,22,5812,US,0,1,4,124.08,0.56,0,0,0,0
34.69,10,5732,US,0,0,2,63.27,0.55,0,0,1,0
21.4,19,5812,US,0,1,3,67.38,0.32,0,0,0,0
7.01,15,5814,US,0,0,1,136.99,0.05,0,0,0,0
172.51,15,5912,US,0,0,1,90.67,1.9,0,0,0,0
68.45,14,5311,US,0,1,2,87.03,0.79,0,0,0,0
24.65,16,4121,US,0,1,2,133.51,0.18,0,0,0,0
76.31,14,5311,US,0,2,3,59.74,1.28,0,0,0,0
64.78,12,4121,US,0,0,1,59.74,1.08,0,0,0,0
38.53,17,5812,US,0,0,3,114.02,0.34,0,0,0,0
51.26,11,5541,US,0,2,6,122.7,0.42,0,0,0,0
44.57,20,5732,US,0,2,4,134.5,0.33,0,0,1,0
33.82,17,5732,US,0,0,5,116.94,0.29,0,0,1,0
6.41,20,5541,US,0,1,2,138.92,0.05,0,0,0,0
103.53,8,5541,US,0,2,4,107.81,0.96,0,0,0,0
359.01,14,5812,US,0,0,0,93.38,3.84,0,0,0,0
210.06,15,5814,US,0,0,1,54.53,3.85,0,0,0,0
39.94,18,5812,US,0,4,5,139.47,0.29,0,0,0,0
417.89,18,4121,US,0,0,3,132.28,3.16,0,0,0,0
25.09,15,5814,US,0,2,6,74.31,0.34,0,0,0,0
5.51,12,5311,US,0,2,6,130.49,0.04,0,0,0,0
24.79,8,5732,US,0,0,2,78.17,0.32,0,0,1,0
163.54,18,4121,US,0,2,5,70.61,2.32,0,0,0,0
22.93,9,5732,US,0,0,3,131.74,0.17,0,0,1,0
25.32,13,5411,US,0,2,4,73.06,0.35,0,0,0,0
68.7,17,4121,US,2,3,8,63.82,1.08,0,0,0,0
13.6,19,5541,US,0,2,5,63.13,0.22,0,0,0,0
0.99,3,5311,NG,14,25,24,69.55,0.01,1,1,0,1
22.31,10,4121,US,0,0,2,101.3,0.22,0,0,0,0
5.85,13,5912,US,0,2,2,87.51,0.07,0,0,0,0
66.92,9,4121,US,0,1,2,66.14,1.01,0,0,0,0
84.78,13,5812,US,0,1,6,107.33,0.79,0,0,0,0
71.51,12,4121,US,0,1,5,67.43,1.06,0,0,0,0
643.2,0,5944,US,4,23,19,84.95,7.57,0,1,1,1
7.52,11,5812,US,0,1,2,95.18,0.08,0,0,0,0
23.0,12,5541,US,0,1,7,66.71,0.34,0,0,0,0
152.67,18,5311,US,0,0,2,54.82,2.78,0,0,0,0
131.98,16,5812,US,0,1,4,70.81,1.86,0,0,0,0
20.35,21,5411,US,0,0,2,143.16,0.14,0,0,0,0
158.99,15,5812,US,0,0,1,63.72,2.5,0,0,0,0
20.95,23,5812,US,0,1,5,67.04,0.31,0,0,0,0
41.44,12,5732,US,0,2,4,144.31,0.29,0,0,1,0
14.78,12,5541,US,0,0,3,93.95,0.16,0,0,0,0
645.52,2,5732,CY,2,2,12,91.46,7.06,1,1,1,1
18.79,20,4121,US,0,0,4,76.64,0.25,0,0,0,0
78.89,10,5812,US,0,1,2,94.69,0.83,0,0,0,0
11.97,13,4121,US,0,1,7,113.07,0.11,0,0,0,0
18.34,15,4121,JP,0,0,4,99.49,0.18,1,0,0,0
52.83,11,5541,US,0,0,3,149.97,0.35,0,0,0,0
14.48,11,5732,US,0,0,1,134.25,0.11,0,0,1,0
36.6,9,4121,US,0,2,5,57.79,0.63,0,0,0,0
139.55,11,5311,US,0,1,2,100.06,1.39,0,0,0,0
20.51,10,5411,US,1,1,3,78.63,0.26,0,0,0,0
42.98,12,5411,US,0,1,2,148.89,0.29,0,0,0,0
20.32,11,4121,US,0,4,7,99.9,0.2,0,0,0,0
392.43,20,5814,JP,0,2,5,60.28,6.51,1,0,0,0
176.36,10,5812,DE,0,3,6,56.99,3.09,1,0,0,0
80.49,10,5311,US,0,0,2,64.87,1.24,0,0,0,0
46.71,10,5814,US,0,2,5,102.26,0.46,0,0,0,0
33.64,13,4121,US,0,1,4,52.64,0.64,0,0,0,0
62.28,12,5411,US,0,1,2,72.78,0.86,0,0,0,0
72.18,18,4121,US,0,0,6,109.18,0.66,0,0,0,0
15.7,13,4121,US,1,2,2,84.81,0.19,0,0,0,0
33.35,14,5311,US,0,0,3,106.37,0.31,0,0,0,0
23.35,11,5912,US,0,0,6,78.29,0.3,0,0,0,0
56.31,19,5732,US,0,1,2,142.63,0.39,0,0,1,0
1159.15,2,5944,RU,1,5,8,83.12,13.95,1,1,1,1
121.25,16,5311,US,0,0,2,145.86,0.83,0,0,0,0
1.62,10,5311,UA,6,17,18,51.23,0.03,1,0,0,1
26.63,9,5912,CA,0,2,5,148.38,0.18,1,0,0,0
28.92,17,5812,US,0,0,2,101.84,0.28,0,0,0,0
4.13,16,5541,US,1,3,4,143.26,0.03,0,0,0,0
54.19,11,5812,GB,0,0,2,146.03,0.37,1,0,0,0
46.65,17,5541,US,2,4,6,115.37,0.4,0,0,0,0
2.31,6,5311,US,14,24,26,41.11,0.06,0,0,0,1
73.41,17,4121,DE,0,0,4,77.14,0.95,1,0,0,0
3037.59,9,4829,CY,2,6,6,57.19,53.11,1,0,1,1
37.6,17,4121,US,0,0,1,113.93,0.33,0,0,0,0
56.48,8,5732,US,1,2,4,114.88,0.49,0,0,1,0
11.14,14,5541,US,0,1,2,95.38,0.12,0,0,0,0
38.57,15,5411,US,0,0,1,54.8,0.7,0,0,0,0
3.06,6,5311,NG,11,13,33,42.24,0.07,1,0,0,1
70.04,15,5812,US,0,1,4,129.61,0.54,0,0,0,0
178.25,10,4121,US,1,1,4,102.24,1.74,0,0,0,0
100.78,12,5912,US,0,0,5,140.71,0.72,0,0,0,0
67.54,13,5411,US,0,0,3,54.19,1.25,0,0,0,0
44.41,14,4121,US,0,0,3,133.28,0.33,0,0,0,0
28.45,14,5912,US,0,0,0,119.79,0.24,0,0,0,0
64.44,13,5411,US,0,0,2,68.88,0.94,0,0,0,0
33.28,12,5311,US,0,1,2,135.48,0.25,0,0,0,0
7910.13,3,5944,US,3,2,10,85.15,92.9,0,1,1,1
36.91,20,5541,US,0,1,3,107.87,0.34,0,0,0,0
909.69,9,7995,RU,3,6,5,47.35,19.21,1,0,1,1
88.44,14,4121,US,0,1,2,101.08,0.87,0,0,0,0
27.25,12,5814,US,0,1,3,63.16,0.43,0,0,0,0
47.15,14,5814,US,0,2,3,122.78,0.38,0,0,0,0
22.6,7,5732,US,0,1,4,67.62,0.33,0,0,1,0
65.56,13,5812,US,0,0,2,145.39,0.45,0,0,0,0
46.95,13,5541,US,1,2,3,84.1,0.56,0,0,0,0
26.43,12,5732,US,0,0,3,68.22,0.39,0,0,1,0
38.04,10,5814,US,0,1,5,62.76,0.61,0,0,0,0
201.28,8,5411,US,1,2,7,54.56,3.69,0,0,0,0
13.05,13,5812,US,0,0,3,68.37,0.19,0,0,0,0
152.95,4,5912,US,0,1,5,78.25,1.95,0,1,0,0
173.87,14,5814,US,1,2,4,97.79,1.78,0,0,0,0
137.51,14,4121,US,0,2,2,81.71,1.68,0,0,0,0
27.0,5,5812,US,0,1,4,81.32,0.33,0,1,0,0
200.59,16,5912,US,0,1,3,108.51,1.85,0,0,0,0
25.22,14,5311,US,0,0,2,120.29,0.21,0,0,0,0
1237.11,12,5411,US,1,1,1,65.68,18.84,0,0,0,0
38.74,18,5814,US,1,1,1,130.74,0.3,0,0,0,0
60.07,15,5411,US,0,1,4,94.7,0.63,0,0,0,0
32.85,18,5812,US,0,1,5,75.48,0.44,0,0,0,0
38.62,5,5814,US,1,2,4,106.41,0.36,0,1,0,0
48.61,14,5732,US,0,0,0,69.34,0.7,0,0,1,0
236.1,14,5541,US,0,1,1,123.69,1.91,0,0,0,0
122.81,12,5732,US,0,0,5,132.57,0.93,0,0,1,0
35.6,11,5814,US,0,0,4,62.44,0.57,0,0,0,0
907.93,12,4829,RO,5,17,25,91.21,9.95,1,0,1,1
125.44,4,5912,US,1,1,3,135.97,0.92,0,1,0,0
32.13,7,5812,US,1,1,2,76.64,0.42,0,0,0,0
118.63,17,5912,US,0,0,1,58.02,2.04,0,0,0,0
37.7,17,5732,US,0,1,2,81.17,0.46,0,0,1,0
65.11,16,5311,US,0,0,1,97.23,0.67,0,0,0,0
42.26,15,5732,US,0,2,6,125.92,0.34,0,0,1,0
27.11,14,5732,US,0,1,4,133.88,0.2,0,0,1,0
5.65,11,5814,US,0,0,2,107.58,0.05,0,0,0,0
10.77,14,5812,US,0,2,6,87.8,0.12,0,0,0,0
35.03,12,5912,US,0,0,4,97.48,0.36,0,0,0,0
167.69,10,5812,US,0,0,2,107.87,1.55,0,0,0,0
140.81,13,5311,US,0,0,2,141.57,0.99,0,0,0,0
23.88,11,5912,US,0,0,1,80.64,0.3,0,0,0,0
56.21,6,5812,US,0,0,1,132.55,0.42,0,0,0,0
73.08,14,4121,US,0,0,1,60.22,1.21,0,0,0,0
56.94,14,5912,US,0,2,7,131.69,0.43,0,0,0,0
125.63,14,4121,US,0,1,4,98.15,1.28,0,0,0,0
51.14,16,5311,US,0,0,0,64.32,0.8,0,0,0,0
80.81,11,5411,US,0,1,4,92.34,0.88,0,0,0,0
9358.75,2,6051,RU,3,5,7,86.52,108.17,1,1,1,1
55.07,17,5912,US,0,2,5,71.46,0.77,0,0,0,0
27.55,21,5311,US,1,1,2,108.79,0.25,0,0,0,0
33.29,12,4121,US,0,1,2,119.77,0.28,0,0,0,0
31.36,12,5311,US,0,0,4,117.89,0.27,0,0,0,0
37.52,15,5311,US,0,0,3,93.06,0.4,0,0,0,0
72.51,14,4121,US,0,0,1,85.58,0.85,0,0,0,0
75.68,10,5541,US,0,0,5,132.99,0.57,0,0,0,0
18.76,17,5311,US,0,1,3,75.36,0.25,0,0,0,0
19.26,10,4121,US,1,2,6,118.17,0.16,0,0,0,0
26.93,12,5812,US,0,2,3,56.0,0.48,0,0,0,0
294.75,13,4121,US,0,0,2,73.24,4.02,0,0,0,0
33.3,19,5311,US,0,1,1,63.44,0.52,0,0,0,0
72.99,22,5912,US,0,1,2,84.61,0.86,0,0,0,0
67.74,13,5812,US,0,1,3,118.49,0.57,0,0,0,0
137.1,9,5411,US,1,3,5,55.92,2.45,0,0,0,0
37.08,20,4121,US,1,1,3,68.69,0.54,0,0,0,0
104.6,15,5814,US,0,0,4,88.65,1.18,0,0,0,0
68.1,12,5411,US,0,2,6,79.37,0.86,0,0,0,0
57.55,18,5912,US,0,0,2,143.71,0.4,0,0,0,0
15.57,10,5912,US,1,1,6,124.94,0.12,0,0,0,0
18.88,13,4121,US,0,0,6,64.18,0.29,0,0,0,0
16.38,15,5541,US,0,0,3,136.66,0.12,0,0,0,0
74.16,11,5814,US,0,0,1,99.32,0.75,0,0,0,0
22.26,16,5812,US,0,1,3,91.45,0.24,0,0,0,0
111.2,9,5411,US,1,1,2,124.84,0.89,0,0,0,0
30.09,1,5814,US,0,1,2,60.13,0.5,0,1,0,0
64.14,19,5311,US,0,1,2,54.83,1.17,0,0,0,0
9.63,18,5812,US,0,0,1,107.59,0.09,0,0,0,0
19.19,12,5814,US,1,3,6,62.0,0.31,0,0,0,0
82.79,8,5812,US,1,2,3,111.07,0.75,0,0,0,0
33.37,16,5732,US,1,1,5,107.15,0.31,0,0,1,0
219.17,14,5411,US,0,1,3,70.86,3.09,0,0,0,0
46.62,18,4121,US,0,2,6,93.76,0.5,0,0,0,0
101.38,16,5912,US,1,1,2,142.18,0.71,0,0,0,0
88.93,15,5541,US,0,0,0,75.85,1.17,0,0,0,0
2.57,1,5311,US,11,21,16,70.42,0.04,0,1,0,1
52.86,14,5411,US,0,1,3,76.96,0.69,0,0,0,0
76.54,13,4121,US,0,0,1,68.42,1.12,0,0,0,0
22.32,8,5732,US,0,1,4,54.71,0.41,0,0,1,0
9383.84,1,5732,RO,2,4,4,59.85,156.79,1,1,1,1
150.68,15,5814,US,0,0,2,131.45,1.15,0,0,0,0
13.01,9,5812,US,0,1,2,136.74,0.1,0,0,0,0
23.45,13,5541,US,0,1,2,64.5,0.36,0,0,0,0
83.18,20,5541,US,0,0,2,130.12,0.64,0,0,0,0
936.51,5,5944,RO,9,8,15,56.39,16.61,1,1,1,1
189.64,13,5732,US,0,2,5,127.84,1.48,0,0,1,0
328.23,17,5732,US,7,24,35,51.04,6.43,0,0,1,1
96.78,12,5732,US,0,0,3,83.89,1.15,0,0,1,0
26.47,17,5812,US,1,3,6,56.46,0.47,0,0,0,0
22.59,17,5812,US,1,1,1,141.96,0.16,0,0,0,0
28.04,11,4121,US,1,1,4,50.87,0.55,0,0,0,0
71.45,14,5311,US,0,0,1,101.12,0.71,0,0,0,0
52.67,12,5814,US,0,0,4,107.6,0.49,0,0,0,0
67.31,16,5541,JP,0,1,4,84.99,0.79,1,0,0,0
533.45,9,5411,US,0,0,2,55.76,9.57,0,0,0,0
57.86,9,5814,US,0,1,5,139.09,0.42,0,0,0,0
23.14,12,5812,US,1,1,3,85.26,0.27,0,0,0,0
74.15,22,4121,US,1,2,5,74.31,1.0,0,0,0,0
45.79,18,5814,US,0,0,1,108.4,0.42,0,0,0,0
880.61,3,7995,US,6,18,20,50.19,17.55,0,1,1,1
72.76,14,5311,FR,0,0,4,69.76,1.04,1,0,0,0
174.56,10,5814,US,0,1,1,118.97,1.47,0,0,0,0
33.48,15,5732,US,1,2,3,115.89,0.29,0,0,1,0
130.51,11,5311,US,1,2,4,99.74,1.31,0,0,0,0
6.98,12,5411,US,0,1,4,82.41,0.08,0,0,0,0
39.13,14,5311,US,0,0,3,61.43,0.64,0,0,0,0
139.66,13,5311,US,0,0,2,59.85,2.33,0,0,0,0
89.53,12,5912,DE,0,0,3,56.97,1.57,1,0,0,0
18.98,12,5411,US,0,0,2,116.07,0.16,0,0,0,0
23.83,18,5912,US,0,2,7,88.76,0.27,0,0,0,0
50.37,17,5732,US,0,0,1,142.46,0.35,0,0,1,0
32.09,16,5311,US,1,1,7,144.37,0.22,0,0,0,0
72.06,16,5912,US,3,3,6,95.14,0.76,0,0,0,0
19.22,19,5812,US,0,2,6,106.62,0.18,0,0,0,0
72.92,19,5732,GB,0,1,6,71.47,1.02,1,0,1,0
166.55,8,5912,US,0,3,4,134.82,1.24,0,0,0,0
65.45,19,4121,US,0,0,3,50.55,1.29,0,0,0,0
48.97,9,5814,US,0,0,2,124.61,0.39,0,0,0,0
12.56,10,5541,CA,0,1,2,101.7,0.12,1,0,0,0
13.67,12,5411,US,0,0,2,59.25,0.23,0,0,0,0
33.89,11,5812,US,0,3,5,113.89,0.3,0,0,0,0
49.45,15,5912,US,0,1,5,68.18,0.73,0,0,0,0
67.0,10,5311,US,0,2,9,87.06,0.77,0,0,0,0
35.99,22,4121,JP,0,1,2,100.42,0.36,1,0,0,0
57.76,11,5912,US,0,2,4,79.53,0.73,0,0,0,0
44.24,12,4121,US,0,0,2,122.47,0.36,0,0,0,0
193.0,12,5814,US,1,3,8,138.2,1.4,0,0,0,0
31.0,20,5732,GB,1,2,3,61.74,0.5,1,0,1,0
40.9,13,5411,US,0,0,1,123.39,0.33,0,0,0,0
39.23,17,5732,US,1,1,1,55.04,0.71,0,0,1,0
41.09,9,5812,GB,0,1,4,94.72,0.43,1,0,0,0
19.77,8,5912,US,0,2,4,82.6,0.24,0,0,0,0
2.73,19,5311,NG,6,17,28,59.87,0.05,1,0,0,1
42.77,15,5732,US,0,1,5,70.38,0.61,0,0,1,0
39.63,9,5541,US,0,0,1,127.23,0.31,0,0,0,0
127.11,15,5411,US,0,1,3,75.94,1.67,0,0,0,0
25.13,10,5311,US,1,6,9,144.22,0.17,0,0,0,0
82.22,17,5311,US,0,0,3,64.76,1.27,0,0,0,0
73.68,18,5311,JP,0,1,4,105.53,0.7,1,0,0,0
14.15,10,5912,US,0,1,3,103.76,0.14,0,0,0,0
3133.59,3,5732,UA,2,4,5,96.18,32.58,1,1,1,1
20.54,16,5912,US,0,0,4,89.65,0.23,0,0,0,0
83.93,10,5541,US,0,0,3,131.58,0.64,0,0,0,0
37.77,17,5814,US,0,0,0,104.53,0.36,0,0,0,0
209.95,15,4121,US,1,2,4,61.26,3.43,0,0,0,0
48.12,19,5732,US,0,0,1,77.24,0.62,0,0,1,0
19.58,19,5812,US,0,0,2,71.52,0.27,0,0,0,0
26.18,19,4121,US,0,0,4,81.92,0.32,0,0,0,0
19.07,10,5311,US,0,0,1,62.97,0.3,0,0,0,0
64.41,15,5541,US,0,0,3,89.04,0.72,0,0,0,0
114.84,12,4121,US,0,0,3,134.89,0.85,0,0,0,0
86.69,11,5311,US,0,1,3,127.22,0.68,0,0,0,0
50.24,20,5311,DE,1,1,3,128.99,0.39,1,0,0,0
29.65,20,5812,US,1,1,3,141.93,0.21,0,0,0,0
19.01,16,5541,JP,0,1,5,75.64,0.25,1,0,0,0
83.98,13,5814,US,1,2,3,89.0,0.94,0,0,0,0
6.33,13,5814,US,0,1,2,112.5,0.06,0,0,0,0
8.88,15,5732,US,0,3,5,58.62,0.15,0,0,1,0
25.05,15,5541,US,0,1,3,79.92,0.31,0,0,0,0
14.18,14,5311,US,1,1,6,93.86,0.15,0,0,0,0
10.88,8,5812,US,0,1,4,92.23,0.12,0,0,0,0
20.56,14,5732,US,0,1,2,76.69,0.27,0,0,1,0
1.03,21,5311,UA,7,13,43,82.97,0.01,1,0,0,1
15.52,19,5812,US,0,0,2,140.65,0.11,0,0,0,0
402.91,20,7995,RO,6,24,39,70.3,5.73,1,0,1,1
53.75,16,5411,US,1,3,9,58.66,0.92,0,0,0,0
48.49,13,5912,US,0,1,3,113.83,0.43,0,0,0,0
28.49,12,5411,US,0,0,2,51.23,0.56,0,0,0,0
188.41,17,5311,US,0,1,2,70.01,2.69,0,0,0,0
107.94,18,5912,US,0,0,2,135.94,0.79,0,0,0,0
15.2,13,5541,US,0,0,2,53.55,0.28,0,0,0,0
42.35,14,5541,DE,0,1,4,119.69,0.35,1,0,0,0
16.71,10,5541,US,1,2,4,120.06,0.14,0,0,0,0
18.82,11,5411,US,0,0,3,108.24,0.17,0,0,0,0
917.55,2,5732,US,7,16,16,96.7,9.49,0,1,1,1
39.59,12,5814,US,0,0,3,141.23,0.28,0,0,0,0
425.5,18,5311,US,0,0,3,105.58,4.03,0,0,0,0
83.76,19,5814,US,1,1,2,80.77,1.04,0,0,0,0
9040.75,0,5732,US,3,6,8,43.45,208.07,0,1,1,1
46.65,6,5814,US,0,1,3,133.9,0.35,0,0,0,0
22.96,12,5812,US,0,0,3,97.87,0.23,0,0,0,0
63.81,16,5814,US,0,1,4,55.97,1.14,0,0,0,0
149.08,18,4121,US,0,0,1,62.78,2.37,0,0,0,0
322.43,14,4121,US,0,1,5,66.91,4.82,0,0,0,0
39.51,18,5814,US,0,2,11,145.49,0.27,0,0,0,0
38.97,6,4121,US,1,1,6,68.26,0.57,0,0,0,0
42.72,15,5732,US,0,2,5,112.43,0.38,0,0,1,0
88.14,15,5411,US,0,0,2,67.31,1.31,0,0,0,0
28.89,14,5541,US,0,0,2,90.16,0.32,0,0,0,0
31.12,6,5411,US,1,2,6,144.73,0.22,0,0,0,0
49.09,12,5814,US,0,0,2,105.47,0.47,0,0,0,0
28.71,12,5912,US,1,1,5,61.04,0.47,0,0,0,0
80.8,15,5311,US,0,1,3,149.07,0.54,0,0,0,0
30.24,11,5311,US,1,1,3,109.92,0.28,0,0,0,0
96.84,12,5732,US,0,0,3,52.92,1.83,0,0,1,0
72.87,15,5541,US,0,0,1,94.61,0.77,0,0,0,0
40.24,13,5732,US,1,1,4,97.18,0.41,0,0,1,0
25.61,21,5311,US,1,1,3,129.1,0.2,0,0,0,0
13.25,20,5812,US,0,1,3,111.92,0.12,0,0,0,0
104.71,19,5912,US,1,1,1,78.42,1.34,0,0,0,0
67.79,13,5912,US,0,0,5,87.06,0.78,0,0,0,0
130.04,10,5541,US,1,3,7,52.2,2.49,0,0,0,0
22.61,9,5541,US,0,0,2,90.14,0.25,0,0,0,0
8488.67,4,6051,RO,1,2,4,84.81,100.09,1,1,1,1
459.75,22,5732,US,9,11,28,68.89,6.67,0,0,1,1
71.34,13,5812,US,0,0,2,60.86,1.17,0,0,0,0
100.78,15,5812,US,0,1,4,62.7,1.61,0,0,0,0
78.53,12,5812,US,0,1,5,107.57,0.73,0,0,0,0
52.67,16,5814,US,0,1,3,142.46,0.37,0,0,0,0
49.41,23,5814,US,0,0,3,148.2,0.33,0,0,0,0
82.62,15,5541,US,0,0,4,87.07,0.95,0,0,0,0
17.34,10,5732,US,0,0,2,116.07,0.15,0,0,1,0
14.21,8,5311,US,1,2,6,116.25,0.12,0,0,0,0
67.75,16,5411,US,0,1,3,97.35,0.7,0,0,0,0
25.69,17,5732,US,0,2,6,117.02,0.22,0,0,1,0
22.13,13,5814,US,0,1,2,105.72,0.21,0,0,0,0
159.62,17,4121,US,0,1,3,52.99,3.01,0,0,0,0
132.62,14,4121,US,0,0,4,69.81,1.9,0,0,0,0
33.33,6,5812,US,0,0,5,134.86,0.25,0,0,0,0
22.57,15,5812,US,0,1,3,143.31,0.16,0,0,0,0
66.67,18,5814,US,2,4,5,116.08,0.57,0,0,0,0
21.03,19,5812,US,0,2,7,68.75,0.31,0,0,0,0
32.34,10,5411,US,0,1,2,122.19,0.26,0,0,0,0
62.65,13,4121,US,0,0,6,118.3,0.53,0,0,0,0
41.52,22,5311,US,0,0,2,139.77,0.3,0,0,0,0
1.04,7,5311,US,6,20,25,67.46,0.02,0,0,0,1
57.48,17,5812,US,0,1,4,55.87,1.03,0,0,0,0
38.75,13,5912,US,1,2,5,56.73,0.68,0,0,0,0
32.46,14,5814,US,0,1,4,119.63,0.27,0,0,0,0
39.22,12,5311,US,0,2,3,59.14,0.66,0,0,0,0
108.76,14,5814,US,1,1,2,89.99,1.21,0,0,0,0
158.81,20,5411,US,1,2,3,91.13,1.74,0,0,0,0
205.19,13,5732,US,1,1,2,146.2,1.4,0,0,1,0
37.89,15,5411,US,1,3,5,115.25,0.33,0,0,0,0
23.24,13,5732,US,0,0,1,110.46,0.21,0,0,1,0
85.93,14,5812,US,1,2,4,58.59,1.47,0,0,0,0
69.76,11,5411,US,0,2,3,134.83,0.52,0,0,0,0
50.25,19,5912,FR,1,2,6,81.77,0.61,1,0,0,0
33.63,13,5812,US,0,1,3,113.27,0.3,0,0,0,0
34.26,15,5732,US,0,1,1,131.61,0.26,0,0,1,0
33.29,17,5912,US,0,0,4,129.94,0.26,0,0,0,0
7597.28,0,6051,US,2,6,8,47.95,158.44,0,1,1,1
7.51,15,5912,JP,0,0,1,121.33,0.06,1,0,0,0
248.9,12,4121,US,0,0,3,60.18,4.14,0,0,0,0
8.26,18,5311,US,0,1,4,91.27,0.09,0,0,0,0
36.98,13,5541,US,1,1,4,93.74,0.39,0,0,0,0
45.21,22,5912,US,1,1,1,137.91,0.33,0,0,0,0
11.68,13,5814,US,0,2,5,113.63,0.1,0,0,0,0
89.67,21,5912,US,0,0,1,133.53,0.67,0,0,0,0
46.59,15,5812,US,1,1,5,81.75,0.57,0,0,0,0
22.82,18,5411,US,0,0,4,137.17,0.17,0,0,0,0
455.94,23,5541,US,1,1,3,82.1,5.55,0,0,0,0
37.72,18,5541,US,0,1,5,121.14,0.31,0,0,0,0
67.84,16,5912,US,1,1,2,122.65,0.55,0,0,0,0
50.09,16,4121,US,1,1,5,58.42,0.86,0,0,0,0
31.08,17,5732,US,0,0,0,107.22,0.29,0,0,1,0
18.17,13,5411,US,0,0,5,81.48,0.22,0,0,0,0
109.51,18,5311,US,1,2,4,103.33,1.06,0,0,0,0
76.71,12,5812,US,0,0,1,147.82,0.52,0,0,0,0
112.32,15,5912,US,0,1,3,102.34,1.1,0,0,0,0
42.62,20,5812,US,0,3,4,133.85,0.32,0,0,0,0
23.96,9,5812,US,0,1,7,114.6,0.21,0,0,0,0
39.87,15,5912,US,0,0,3,99.81,0.4,0,0,0,0
844.95,11,5944,RO,10,21,30,90.42,9.34,1,0,1,1
3.32,5,5311,UA,15,29,18,90.0,0.04,1,1,0,1
50.7,13,4121,US,0,0,5,139.71,0.36,0,0,0,0
22.13,12,5732,US,0,0,1,84.98,0.26,0,0,1,0
21.28,11,4121,US,0,2,5,64.95,0.33,0,0,0,0
53.21,10,5541,US,0,1,2,125.88,0.42,0,0,0,0
14.76,23,5541,US,0,1,4,54.1,0.27,0,0,0,0
52.98,18,5812,GB,0,0,3,81.91,0.65,1,0,0,0
76.28,14,4121,US,0,1,5,84.51,0.9,0,0,0,0
66.15,16,4121,US,0,0,2,123.77,0.53,0,0,0,0
35.88,14,5732,US,0,1,1,82.21,0.44,0,0,1,0
33.02,10,4121,US,0,0,3,98.8,0.33,0,0,0,0
76.27,18,5732,GB,0,1,7,123.14,0.62,1,0,1,0
13.63,14,5814,US,0,1,1,116.42,0.12,0,0,0,0
155.45,8,5732,US,1,2,6,116.54,1.33,0,0,1,0
443.69,12,5732,US,0,0,1,102.68,4.32,0,0,1,0
13.44,17,5411,US,0,2,8,148.86,0.09,0,0,0,0
59.71,15,5311,US,1,3,4,95.33,0.63,0,0,0,0
34.35,7,5311,US,0,0,2,119.35,0.29,0,0,0,0
78.24,6,5912,US,0,1,6,73.43,1.07,0,0,0,0
193.21,16,5912,US,1,1,3,63.52,3.04,0,0,0,0
15.94,11,5541,US,0,1,4,124.5,0.13,0,0,0,0
59.61,22,5541,FR,0,0,3,97.04,0.61,1,0,0,0
2414.57,10,5944,CN,1,6,9,84.23,28.67,1,0,1,1
48.47,17,5411,US,0,0,2,87.26,0.56,0,0,0,0
13.47,16,5732,US,1,2,4,132.82,0.1,0,0,1,0
13.33,14,5411,US,0,1,5,77.03,0.17,0,0,0,0
70.76,15,5411,US,0,1,3,135.25,0.52,0,0,0,0
13.78,15,5814,US,0,0,4,92.92,0.15,0,0,0,0
118.82,17,4121,US,1,2,3,103.22,1.15,0,0,0,0
273.5,12,5814,US,0,0,5,97.51,2.8,0,0,0,0
117.05,12,5311,US,0,2,7,117.06,1.0,0,0,0,0
53.99,9,5912,US,0,0,1,87.86,0.61,0,0,0,0
23.66,15,5912,US,0,2,5,80.94,0.29,0,0,0,0
55.1,16,5732,US,0,0,1,79.51,0.69,0,0,1,0
20.11,15,4121,US,0,1,2,50.6,0.4,0,0,0,0
22.17,9,5411,US,0,0,1,149.19,0.15,0,0,0,0
30.55,12,5411,US,0,0,0,118.01,0.26,0,0,0,0
98.98,18,5541,US,0,2,6,89.09,1.11,0,0,0,0
29.06,10,5311,US,0,0,5,96.44,0.3,0,0,0,0
8.05,13,5912,US,0,0,3,54.63,0.15,0,0,0,0
49.27,13,5311,US,1,1,4,104.37,0.47,0,0,0,0
146.98,12,5814,US,0,1,3,120.99,1.21,0,0,0,0
13.63,11,5411,US,0,0,1,84.79,0.16,0,0,0,0
27.27,19,5732,US,0,0,1,68.05,0.4,0,0,1,0
58.85,11,5814,US,0,0,5,105.04,0.56,0,0,0,0
2.5,8,5411,US,0,1,2,87.3,0.03,0,0,0,0
149.59,5,5814,US,0,0,7,97.56,1.53,0,1,0,0
11.99,15,5732,US,0,0,2,122.83,0.1,0,0,1,0
59.86,13,5411,US,0,1,4,112.29,0.53,0,0,0,0
10.48,18,5311,US,0,0,3,52.59,0.2,0,0,0,0
38.6,8,5311,US,0,1,4,96.13,0.4,0,0,0,0
40.68,16,5814,US,0,0,2,110.16,0.37,0,0,0,0
40.26,12,5311,US,0,1,4,131.81,0.31,0,0,0,0
69.69,17,5541,US,0,1,4,69.03,1.01,0,0,0,0
95.01,18,5812,US,0,0,1,108.63,0.87,0,0,0,0
19.57,11,5912,US,1,1,3,94.35,0.21,0,0,0,0
46.8,13,5912,US,0,0,2,98.41,0.48,0,0,0,0
77.47,13,5912,US,0,0,1,135.86,0.57,0,0,0,0
22.54,15,5541,US,0,2,4,123.35,0.18,0,0,0,0
419.91,9,4121,US,0,1,2,116.99,3.59,0,0,0,0
33.38,14,5814,US,0,1,2,74.36,0.45,0,0,0,0
15.71,12,4121,US,0,1,3,139.07,0.11,0,0,0,0
202.71,11,5732,US,0,3,9,149.27,1.36,0,0,1,0
55.38,15,5411,US,0,2,5,145.87,0.38,0,0,0,0
37.52,1,5732,US,1,2,6,98.86,0.38,0,1,1,0
126.02,9,5541,US,0,1,7,131.63,0.96,0,0,0,0
34.92,14,5814,US,0,1,1,55.19,0.63,0,0,0,0
58.19,8,4121,US,1,2,5,116.18,0.5,0,0,0,0
27.66,10,5732,US,0,0,1,143.66,0.19,0,0,1,0
120.69,13,5311,US,0,0,1,146.54,0.82,0,0,0,0
3339.12,2,5732,NG,1,5,7,93.34,35.77,1,1,1,1
10.07,6,4121,US,0,0,3,136.21,0.07,0,0,0,0
66.24,20,5912,US,1,2,3,121.6,0.54,0,0,0,0
19.58,10,5814,US,0,2,4,106.81,0.18,0,0,0,0
35.3,14,5732,US,0,2,3,64.46,0.55,0,0,1,0
8.82,9,4121,US,0,0,2,114.22,0.08,0,0,0,0
96.98,7,4121,US,0,1,1,90.27,1.07,0,0,0,0
66.03,13,5732,US,0,1,4,84.59,0.78,0,0,1,0
684.8,20,7995,NG,3,8,9,73.98,9.26,1,0,1,1
13.54,8,5912,US,0,1,2,123.64,0.11,0,0,0,0
51.9,17,5814,US,0,1,3,138.93,0.37,0,0,0,0
283.88,10,5812,US,0,0,0,59.25,4.79,0,0,0,0
76.72,11,5541,US,0,1,3,140.82,0.54,0,0,0,0
61.63,15,5411,US,0,0,2,108.08,0.57,0,0,0,0
49.82,16,5311,US,0,0,1,122.57,0.41,0,0,0,0
3.25,0,5311,NG,8,29,17,54.82,0.06,1,1,0,1
15.87,8,5912,US,0,0,4,98.38,0.16,0,0,0,0
31.27,18,5732,US,0,1,1,139.82,0.22,0,0,1,0
92.77,17,5732,US,0,1,4,54.92,1.69,0,0,1,0
95.41,22,5541,US,0,0,3,77.75,1.23,0,0,0,0
28.23,10,5912,US,0,1,3,60.54,0.47,0,0,0,0
47.05,16,5912,US,0,1,6,105.84,0.44,0,0,0,0
74.95,17,5812,US,0,2,4,80.11,0.94,0,0,0,0
71.34,12,5812,US,0,0,4,87.72,0.81,0,0,0,0
91.48,14,5411,US,0,1,3,87.77,1.04,0,0,0,0
27.56,16,5541,US,0,1,3,115.83,0.24,0,0,0,0
50.64,14,5311,US,0,2,5,132.08,0.38,0,0,0,0
92.29,14,5912,US,0,0,0,79.67,1.16,0,0,0,0
112.09,10,5814,US,1,1,3,74.23,1.51,0,0,0,0
99.76,14,5311,US,0,0,2,77.9,1.28,0,0,0,0
29.8,4,5812,US,0,1,3,144.27,0.21,0,1,0,0
22.95,13,5411,US,1,1,3,92.04,0.25,0,0,0,0
20.79,13,4121,US,0,0,3,84.5,0.25,0,0,0,0
22.96,15,5812,US,0,1,3,53.36,0.43,0,0,0,0
26.34,16,5732,US,0,1,4,93.38,0.28,0,0,1,0
20.84,17,4121,US,0,0,2,63.6,0.33,0,0,0,0
15.89,18,5732,US,1,2,7,56.78,0.28,0,0,1,0
28.69,21,5732,US,0,1,2,135.27,0.21,0,0,1,0
136.84,19,5411,US,0,0,0,126.3,1.08,0,0,0,0
58.5,15,5541,US,0,2,4,122.2,0.48,0,0,0,0
129.64,14,5311,US,0,1,2,143.43,0.9,0,0,0,0
0.58,10,5311,NG,8,27,31,69.84,0.01,1,0,0,1
5.38,16,5411,US,1,4,5,149.73,0.04,0,0,0,0
144.33,10,4121,US,0,0,4,51.84,2.78,0,0,0,0
37.35,16,5912,US,1,1,2,111.08,0.34,0,0,0,0
86.69,18,5732,US,1,1,2,98.07,0.88,0,0,1,0
158.1,13,4121,US,0,1,2,112.62,1.4,0,0,0,0
8669.3,2,6051,US,3,3,8,88.76,97.67,0,1,1,1
290.78,13,5311,US,0,1,2,125.19,2.32,0,0,0,0
35.35,19,5541,US,0,0,1,79.96,0.44,0,0,0,0
12.72,12,4121,US,0,1,5,146.55,0.09,0,0,0,0
21.16,2,5732,US,1,2,4,116.84,0.18,0,1,1,0
17.27,14,5541,US,0,0,0,92.25,0.19,0,0,0,0
137.32,9,5814,US,0,0,2,55.47,2.48,0,0,0,0
79.94,9,5541,DE,0,2,4,126.67,0.63,1,0,0,0
59.41,11,5541,US,0,1,5,143.77,0.41,0,0,0,0
52.27,21,5311,US,0,1,2,81.6,0.64,0,0,0,0
89.65,10,5912,US,0,0,1,95.83,0.94,0,0,0,0
65.44,10,5411,US,0,0,3,80.4,0.81,0,0,0,0
26.25,6,5812,US,0,1,5,121.84,0.22,0,0,0,0
73.06,17,5732,US,0,3,5,92.31,0.79,0,0,1,0
24.39,10,5814,US,0,1,1,85.96,0.28,0,0,0,0
131.41,20,5912,US,1,2,7,94.51,1.39,0,0,0,0
167.81,12,5411,US,0,0,4,80.97,2.07,0,0,0,0
19.27,9,5912,US,0,0,5,56.93,0.34,0,0,0,0
65.67,23,5541,US,0,0,2,91.04,0.72,0,0,0,0
119.36,12,5912,US,1,2,3,133.3,0.9,0,0,0,0
56.83,17,5311,US,0,0,0,55.83,1.02,0,0,0,0
749.61,2,7995,GB,5,20,30,44.93,16.68,1,1,1,1
318.58,13,7995,US,4,20,17,78.28,4.07,0,0,1,1
49.83,10,5814,US,0,0,3,133.84,0.37,0,0,0,0
8514.46,4,6051,RU,2,6,10,84.88,100.31,1,1,1,1
41.43,14,5541,US,0,0,3,61.79,0.67,0,0,0,0
76.67,7,5732,US,1,1,2,114.33,0.67,0,0,1,0
51.47,16,4121,US,1,2,4,66.52,0.77,0,0,0,0
5.38,8,5311,US,0,0,4,110.36,0.05,0,0,0,0
133.73,16,5541,US,0,0,1,60.3,2.22,0,0,0,0
35.05,7,4121,US,0,0,3,84.33,0.42,0,0,0,0
54.15,11,5411,US,1,2,5,64.4,0.84,0,0,0,0
120.15,17,5812,US,0,0,3,89.39,1.34,0,0,0,0
80.32,14,5732,US,0,1,4,120.87,0.66,0,0,1,0
2.5,10,5411,FR,0,2,3,124.89,0.02,1,0,0,0
96.81,17,5311,US,0,2,5,123.13,0.79,0,0,0,0
73.09,12,4121,US,2,2,5,135.45,0.54,0,0,0,0
98.33,12,5411,US,0,1,3,87.3,1.13,0,0,0,0
3.07,9,5311,UA,12,26,24,99.84,0.03,1,0,0,1
244.43,9,5812,JP,0,2,6,67.68,3.61,1,0,0,0
58.83,10,5814,US,0,5,9,142.24,0.41,0,0,0,0
20.96,9,5814,US,0,2,4,64.52,0.32,0,0,0,0
29.39,7,5912,US,0,2,3,119.5,0.25,0,0,0,0
30.15,7,4121,US,0,1,4,64.58,0.47,0,0,0,0
49.87,12,5311,US,1,2,3,90.69,0.55,0,0,0,0
56.18,14,4121,US,0,0,2,86.66,0.65,0,0,0,0
14.12,5,5411,US,0,2,5,132.78,0.11,0,1,0,0
126.63,8,5814,US,0,0,2,92.11,1.37,0,0,0,0
234.36,10,5541,US,0,0,2,100.56,2.33,0,0,0,0
38.88,13,4121,US,0,1,3,148.29,0.26,0,0,0,0
66.71,13,4121,US,0,1,4,52.44,1.27,0,0,0,0
10.68,15,5311,US,0,0,1,91.58,0.12,0,0,0,0
65.64,15,5311,US,0,1,3,57.19,1.15,0,0,0,0
90.01,12,5732,US,0,1,2,130.93,0.69,0,0,1,0
40.66,13,5732,US,0,3,7,126.37,0.32,0,0,1,0
10.43,19,5732,US,0,1,4,72.91,0.14,0,0,1,0
84.73,11,5812,US,0,1,4,106.65,0.79,0,0,0,0
393.12,17,5912,US,1,3,5,65.93,5.96,0,0,0,0
100.28,14,4121,US,0,1,4,91.69,1.09,0,0,0,0
44.05,19,5311,US,0,1,4,115.95,0.38,0,0,0,0
57.57,22,5812,US,1,2,4,56.33,1.02,0,0,0,0
23.08,15,5812,US,0,0,3,133.79,0.17,0,0,0,0
29.76,18,5411,US,0,2,4,135.57,0.22,0,0,0,0
9.7,14,5814,US,0,1,7,91.6,0.11,0,0,0,0
112.58,11,5541,US,0,1,4,76.85,1.46,0,0,0,0
43.52,14,5411,US,0,2,4,116.94,0.37,0,0,0,0
10.4,17,5311,US,0,1,2,94.68,0.11,0,0,0,0
8.46,12,5411,US,0,0,3,78.54,0.11,0,0,0,0
113.61,12,5812,US,0,0,0,119.55,0.95,0,0,0,0
6.29,12,5912,US,1,2,3,113.66,0.06,0,0,0,0
17.91,12,5812,US,0,1,2,114.91,0.16,0,0,0,0
193.68,16,5812,US,0,0,3,112.09,1.73,0,0,0,0
60.55,16,5812,DE,0,0,4,104.4,0.58,1,0,0,0
41.28,14,5814,US,0,0,3,83.25,0.5,0,0,0,0
123.27,10,4121,US,0,1,4,106.46,1.16,0,0,0,0
81.93,16,5411,US,0,1,2,61.63,1.33,0,0,0,0
13.48,11,5814,US,0,0,1,88.59,0.15,0,0,0,0
24.65,9,5541,US,0,0,1,103.03,0.24,0,0,0,0
193.29,14,5812,US,0,1,2,62.85,3.08,0,0,0,0
29.72,12,5732,US,0,2,8,92.39,0.32,0,0,1,0
702.56,16,6051,US,7,11,21,82.73,8.49,0,0,1,1
119.67,12,5541,US,0,1,5,116.73,1.03,0,0,0,0
62.22,14,5814,US,0,1,3,75.78,0.82,0,0,0,0
46.33,10,5732,US,0,0,3,104.41,0.44,0,0,1,0
63.59,15,5411,US,0,1,3,81.23,0.78,0,0,0,0
7.35,11,5912,US,0,0,4,74.72,0.1,0,0,0,0
70.83,16,4121,US,0,1,3,107.06,0.66,0,0,0,0
33.04,16,5732,US,0,0,3,69.65,0.47,0,0,1,0
55.26,15,5814,US,0,1,1,54.99,1.0,0,0,0,0
26.76,11,5812,DE,0,1,3,62.05,0.43,1,0,0,0
100.57,11,5732,US,0,0,0,139.62,0.72,0,0,1,0
15.09,11,5912,US,0,0,1,142.13,0.11,0,0,0,0
71.41,19,5732,CA,0,1,4,115.99,0.62,1,0,1,0
15.52,8,5311,US,0,0,2,72.47,0.21,0,0,0,0
26.02,16,5541,GB,0,1,3,128.92,0.2,1,0,0,0
55.86,14,5411,US,0,0,4,107.7,0.52,0,0,0,0
99.78,15,5814,US,0,0,5,97.91,1.02,0,0,0,0
49.12,10,5732,US,0,0,1,84.9,0.58,0,0,1,0
42.33,8,5411,US,1,1,3,78.0,0.54,0,0,0,0
16.05,16,5411,US,0,1,3,79.51,0.2,0,0,0,0
33.77,17,5311,US,0,0,2,99.99,0.34,0,0,0,0
26.3,18,5541,US,0,1,6,109.38,0.24,0,0,0,0
72.05,11,5814,US,0,1,3,63.77,1.13,0,0,0,0
52.86,12,5814,US,0,0,2,65.93,0.8,0,0,0,0
124.64,9,5732,CA,0,0,1,123.79,1.01,1,0,1,0
15.92,16,5912,US,1,2,3,76.98,0.21,0,0,0,0
105.95,11,5311,US,0,0,2,89.73,1.18,0,0,0,0
14.25,16,5812,US,0,0,2,143.77,0.1,0,0,0,0
64.38,13,5411,US,0,0,3,81.45,0.79,0,0,0,0
50.63,15,5812,US,0,1,2,67.01,0.76,0,0,0,0
11.54,15,5311,US,0,3,4,134.75,0.09,0,0,0,0
40.07,12,5732,US,0,1,4,138.78,0.29,0,0,1,0
23.64,12,5814,US,0,0,2,145.48,0.16,0,0,0,0
18.27,9,5814,US,0,1,3,93.14,0.2,0,0,0,0
20.47,11,5812,US,1,1,3,86.99,0.24,0,0,0,0
33.45,11,5812,US,1,4,5,102.98,0.32,0,0,0,0
65.29,8,5912,US,0,1,5,93.55,0.7,0,0,0,0
42.43,14,5411,US,0,1,5,113.52,0.37,0,0,0,0
40.68,11,5732,US,0,0,2,119.43,0.34,0,0,1,0
21.83,14,5732,US,0,1,6,67.72,0.32,0,0,1,0
16.63,14,5812,US,0,1,2,111.14,0.15,0,0,0,0
20.92,15,5814,US,1,2,6,95.22,0.22,0,0,0,0
46.49,18,5411,US,0,0,4,72.49,0.64,0,0,0,0
54.79,14,5912,US,0,0,2,65.78,0.83,0,0,0,0
214.04,14,5541,US,0,1,2,148.14,1.44,0,0,0,0
10.63,18,5812,US,0,1,3,138.34,0.08,0,0,0,0
146.27,14,5814,US,0,0,3,79.41,1.84,0,0,0,0
7.11,15,4121,US,0,0,4,114.68,0.06,0,0,0,0
66.52,14,5812,US,0,0,2,139.22,0.48,0,0,0,0
31.14,11,5411,US,0,0,2,60.66,0.51,0,0,0,0
102.16,8,5541,US,0,2,5,96.99,1.05,0,0,0,0
7.59,14,4121,US,1,2,2,124.18,0.06,0,0,0,0
17.91,16,4121,US,0,0,3,70.47,0.25,0,0,0,0
28.63,11,4121,US,2,2,3,66.3,0.43,0,0,0,0
31.73,14,5311,US,0,0,1,67.84,0.47,0,0,0,0
112.19,7,5541,US,0,2,4,61.44,1.83,0,0,0,0
46.73,17,5814,US,0,3,6,59.6,0.78,0,0,0,0
13.36,14,5541,US,0,3,3,109.93,0.12,0,0,0,0
76.12,17,5311,JP,0,1,4,63.07,1.21,1,0,0,0
72.13,11,5732,US,1,2,2,141.78,0.51,0,0,1,0
25.74,13,5812,US,1,2,3,130.19,0.2,0,0,0,0
57.57,15,5814,US,0,0,1,147.81,0.39,0,0,0,0
13.84,14,5732,US,0,0,4,69.28,0.2,0,0,1,0
188.34,15,5311,US,0,0,5,104.06,1.81,0,0,0,0
38.91,11,5541,US,0,1,3,52.28,0.74,0,0,0,0
34.21,13,4121,US,0,1,2,90.57,0.38,0,0,0,0
353.12,11,5912,US,0,0,4,133.33,2.65,0,0,0,0
53.12,10,5411,US,0,1,5,115.74,0.46,0,0,0,0
57.93,15,5411,US,0,0,2,106.25,0.55,0,0,0,0
10.26,12,5912,US,0,1,2,91.36,0.11,0,0,0,0
162.57,19,5732,US,0,1,9,118.88,1.37,0,0,1,0
31.36,10,5732,US,0,3,7,96.64,0.32,0,0,1,0
4.13,7,4121,US,0,0,3,64.74,0.06,0,0,0,0
19.3,9,5912,US,0,2,5,144.16,0.13,0,0,0,0
25.32,11,5541,US,0,0,2,124.89,0.2,0,0,0,0
41.01,16,5411,US,0,1,2,112.07,0.37,0,0,0,0
896.46,17,5732,NG,1,7,8,40.88,21.93,1,0,1,1
295.03,13,5812,US,1,3,8,125.6,2.35,0,0,0,0
29.49,11,5812,US,0,2,4,109.04,0.27,0,0,0,0
20.93,13,5912,US,2,2,4,100.12,0.21,0,0,0,0
26.79,10,5912,US,0,1,3,58.35,0.46,0,0,0,0
116.2,7,5541,US,0,2,3,70.99,1.64,0,0,0,0
51.37,11,5541,US,3,3,7,117.66,0.44,0,0,0,0
59.1,23,5411,US,0,0,2,83.66,0.71,0,0,0,0
20.78,14,5912,US,0,0,3,51.16,0.41,0,0,0,0
97.36,15,5812,US,1,1,1,148.49,0.66,0,0,0,0
25.31,16,5541,US,0,0,5,147.56,0.17,0,0,0,0
21.43,15,5411,US,1,1,2,62.28,0.34,0,0,0,0
66.54,8,5541,US,0,1,5,97.9,0.68,0,0,0,0
842.5,2,5944,RO,9,12,36,89.28,9.44,1,1,1,1
68.4,6,5732,US,0,1,2,79.39,0.86,0,0,1,0
83.69,16,5814,US,0,1,5,111.39,0.75,0,0,0,0
98.85,10,5814,US,0,0,3,142.49,0.69,0,0,0,0
32.63,9,5311,GB,0,1,6,68.77,0.47,1,0,0,0
140.38,17,5541,US,0,0,3,94.11,1.49,0,0,0,0
15.74,17,5814,CA,0,1,3,126.48,0.12,1,0,0,0
27.64,16,5411,US,1,2,6,72.12,0.38,0,0,0,0
166.03,11,5912,US,1,2,5,66.91,2.48,0,0,0,0
9178.88,3,6051,UA,2,2,10,57.08,160.81,1,1,1,1
130.7,10,5541,US,0,0,0,64.04,2.04,0,0,0,0
116.19,19,5812,US,0,0,5,149.95,0.77,0,0,0,0
42.21,11,5812,US,3,3,9,59.55,0.71,0,0,0,0
59.94,10,4121,US,1,3,5,67.92,0.88,0,0,0,0
151.04,12,7995,RO,8,20,29,90.13,1.68,1,0,1,1
11.83,7,5411,US,0,1,3,140.59,0.08,0,0,0,0
252.15,6,5912,US,0,0,5,94.75,2.66,0,0,0,0
50.14,18,5814,US,0,2,6,52.58,0.95,0,0,0,0
73.59,13,5814,US,0,1,5,52.23,1.41,0,0,0,0
53.2,17,5541,US,0,0,3,106.89,0.5,0,0,0,0
56.96,13,5411,US,0,0,3,79.45,0.72,0,0,0,0
29.74,17,5411,US,0,0,3,131.76,0.23,0,0,0,0
15.42,9,5812,US,0,1,1,69.27,0.22,0,0,0,0
76.13,15,5311,US,1,1,4,85.57,0.89,0,0,0,0
53.16,12,5541,US,0,0,2,130.71,0.41,0,0,0,0
131.0,11,5732,US,0,0,1,66.97,1.96,0,0,1,0
23.13,9,5541,US,1,1,2,60.8,0.38,0,0,0,0
118.97,16,5812,US,0,0,1,58.55,2.03,0,0,0,0
42.03,20,5732,US,0,1,2,144.17,0.29,0,0,1,0
21.88,15,5814,US,0,0,4,66.14,0.33,0,0,0,0
36.55,14,5541,US,0,1,3,142.38,0.26,0,0,0,0
19.91,15,5541,US,1,3,5,76.14,0.26,0,0,0,0
26.37,17,5411,US,0,0,3,148.23,0.18,0,0,0,0
1933.16,17,5732,CN,2,4,9,97.46,19.84,1,0,1,1
21.59,13,5812,US,0,1,4,74.01,0.29,0,0,0,0
30.21,10,5814,US,0,1,2,84.35,0.36,0,0,0,0
39.16,13,5732,US,0,1,5,65.9,0.59,0,0,1,0
23.71,16,5814,US,0,0,2,133.05,0.18,0,0,0,0
132.38,16,5541,US,0,1,4,91.0,1.45,0,0,0,0
37.48,13,5311,US,0,2,4,142.03,0.26,0,0,0,0
24.37,7,4121,US,0,1,3,66.86,0.36,0,0,0,0
102.13,13,5732,US,0,2,3,62.1,1.64,0,0,1,0
82.95,9,5541,US,0,1,3,65.69,1.26,0,0,0,0
33.31,15,5814,US,1,2,3,53.14,0.63,0,0,0,0
26.5,16,5732,US,1,3,5,87.27,0.3,0,0,1,0
30.02,14,5411,US,0,1,5,73.49,0.41,0,0,0,0
17.95,16,5732,US,0,0,5,71.06,0.25,0,0,1,0
172.4,11,5812,US,0,2,7,88.69,1.94,0,0,0,0
31.95,10,5732,US,0,1,2,112.99,0.28,0,0,1,0
19.35,17,5912,US,0,0,2,139.25,0.14,0,0,0,0
51.51,15,4121,US,0,0,5,134.58,0.38,0,0,0,0
2274.23,3,5732,RU,2,2,6,58.5,38.88,1,1,1,1
212.64,12,5812,US,0,2,5,98.51,2.16,0,0,0,0
27.99,8,5411,US,0,1,5,50.01,0.56,0,0,0,0
30.12,10,4121,US,0,0,2,80.27,0.38,0,0,0,0
25.9,18,5912,US,0,1,1,132.19,0.2,0,0,0,0
27.06,20,5912,US,0,1,3,120.08,0.23,0,0,0,0
28.8,7,5311,US,0,3,4,69.94,0.41,0,0,0,0
6.02,8,5912,US,0,3,4,110.39,0.05,0,0,0,0
124.27,11,5814,US,0,0,2,96.88,1.28,0,0,0,0
85.03,10,5812,US,0,0,2,86.13,0.99,0,0,0,0
20.49,9,5812,US,0,1,3,135.45,0.15,0,0,0,0
64.82,11,5814,US,0,1,3,81.26,0.8,0,0,0,0
219.61,20,5311,US,0,1,3,88.07,2.49,0,0,0,0
21.09,9,5812,US,0,1,3,139.82,0.15,0,0,0,0
5.32,17,5732,US,0,0,2,117.0,0.05,0,0,1,0
11.38,6,4121,US,0,2,3,136.66,0.08,0,0,0,0
87.6,10,5311,US,0,1,1,106.04,0.83,0,0,0,0
57.08,14,5814,US,0,2,3,107.21,0.53,0,0,0,0
21.3,8,5541,US,0,0,4,81.79,0.26,0,0,0,0
9.8,13,5812,US,1,2,4,50.88,0.19,0,0,0,0
40.44,11,5541,US,0,1,3,75.1,0.54,0,0,0,0
115.98,16,5311,US,0,0,3,146.91,0.79,0,0,0,0
17.63,19,5912,US,0,0,3,75.49,0.23,0,0,0,0
67.32,9,5311,US,0,0,3,137.98,0.49,0,0,0,0
26.14,13,5541,US,0,1,2,123.56,0.21,0,0,0,0
12.96,12,4121,US,0,0,3,128.74,0.1,0,0,0,0
52.98,6,5912,US,0,1,6,132.6,0.4,0,0,0,0
154.21,13,5411,US,0,1,4,75.82,2.03,0,0,0,0
7.99,19,5814,US,0,1,2,107.48,0.07,0,0,0,0
22.4,20,5411,DE,1,3,4,89.77,0.25,1,0,0,0
138.03,8,5814,US,0,1,4,100.65,1.37,0,0,0,0
45.91,13,5311,US,1,1,1,56.64,0.81,0,0,0,0
39.62,11,5311,US,0,0,6,113.27,0.35,0,0,0,0
40.53,16,5732,US,0,0,3,145.69,0.28,0,0,1,0
72.36,17,4121,US,0,1,6,73.2,0.99,0,0,0,0
139.14,9,5541,US,0,0,0,86.86,1.6,0,0,0,0
6345.95,4,5944,UA,2,4,4,80.88,78.46,1,1,1,1
24.85,15,5732,US,0,0,2,58.87,0.42,0,0,1,0
8353.47,5,5732,NG,1,5,4,95.95,87.06,1,1,1,1
22.92,12,5912,US,0,2,5,139.34,0.16,0,0,0,0
702.47,0,4829,RO,8,18,38,58.31,12.05,1,1,1,1
76.95,15,5311,US,0,1,2,71.68,1.07,0,0,0,0
33.75,14,5541,US,0,1,6,54.09,0.62,0,0,0,0
45.41,8,5814,US,1,1,1,140.06,0.32,0,0,0,0
52.09,15,4121,US,0,3,6,138.56,0.38,0,0,0,0
25.17,13,5732,US,0,0,3,58.61,0.43,0,0,1,0
40.42,17,5814,US,0,1,4,79.58,0.51,0,0,0,0
74.38,12,4121,US,0,0,2,107.04,0.69,0,0,0,0
74.98,16,5411,US,0,1,6,91.81,0.82,0,0,0,0
89.02,8,5311,US,0,2,2,129.89,0.69,0,0,0,0
24.82,9,5812,US,0,1,1,68.2,0.36,0,0,0,0
185.98,9,5814,US,0,0,2,81.08,2.29,0,0,0,0
18.95,12,5541,US,1,1,8,90.16,0.21,0,0,0,0
202.11,17,5912,US,0,1,5,142.07,1.42,0,0,0,0
48.08,13,5812,US,1,1,5,51.45,0.93,0,0,0,0
49.21,13,5732,US,0,0,3,124.02,0.4,0,0,1,0
29.68,9,5812,US,0,1,3,75.67,0.39,0,0,0,0
25.27,11,5812,US,0,3,8,145.33,0.17,0,0,0,0
28.57,18,5411,US,0,1,4,61.35,0.47,0,0,0,0
6.51,12,4121,US,0,0,2,118.51,0.05,0,0,0,0
24.45,12,5912,US,0,2,5,113.79,0.21,0,0,0,0
116.26,10,5541,US,0,0,0,107.25,1.08,0,0,0,0
11.99,10,5732,US,2,3,3,116.4,0.1,0,0,1,0
92.06,13,5732,US,0,1,3,88.36,1.04,0,0,1,0
35.66,13,5541,US,0,0,2,96.3,0.37,0,0,0,0
36.36,12,5541,US,0,2,9,104.05,0.35,0,0,0,0
34.39,16,4121,US,0,2,6,60.88,0.56,0,0,0,0
72.05,10,5411,US,0,1,2,112.96,0.64,0,0,0,0
20.19,18,5812,US,0,0,1,80.04,0.25,0,0,0,0
45.19,17,4121,US,0,1,2,123.78,0.37,0,0,0,0
19.41,7,4121,CA,1,2,4,106.44,0.18,1,0,0,0
7690.69,4,5944,CY,1,2,8,60.65,126.8,1,1,1,1
28.26,8,5814,US,0,1,8,106.15,0.27,0,0,0,0
1.97,13,5311,NG,11,26,16,42.55,0.05,1,0,0,1
36.47,18,5732,US,1,2,4,71.08,0.51,0,0,1,0
171.76,16,5541,US,0,2,8,121.07,1.42,0,0,0,0
123.95,8,5411,US,1,2,5,56.67,2.19,0,0,0,0
16.13,13,5812,US,0,1,6,141.81,0.11,0,0,0,0
97.29,14,5812,US,1,2,4,65.82,1.48,0,0,0,0
22.83,15,5812,US,0,0,5,65.72,0.35,0,0,0,0
11.11,12,5411,US,0,2,4,74.07,0.15,0,0,0,0
2622.26,7,5732,NG,4,4,5,76.88,34.11,1,0,1,1
82.45,14,5541,US,0,1,2,95.0,0.87,0,0,0,0
25.17,8,5541,US,0,3,5,67.83,0.37,0,0,0,0
7.31,6,5814,FR,0,0,3,109.97,0.07,1,0,0,0
94.53,18,5912,US,1,1,2,106.18,0.89,0,0,0,0
55.87,10,5812,US,0,2,3,132.33,0.42,0,0,0,0
17.97,8,5812,US,0,0,2,121.72,0.15,0,0,0,0
47.15,12,4121,US,1,3,4,62.02,0.76,0,0,0,0
65.69,10,5912,US,0,2,6,127.84,0.51,0,0,0,0
25.86,15,5411,US,0,0,0,59.64,0.43,0,0,0,0
68.67,11,5411,US,0,1,5,103.9,0.66,0,0,0,0
29.58,15,5732,US,0,1,4,144.13,0.21,0,0,1,0
23.79,3,5812,US,0,1,6,148.6,0.16,0,1,0,0
13.18,16,5732,US,1,2,4,98.69,0.13,0,0,1,0
105.35,8,5311,US,0,0,3,129.4,0.81,0,0,0,0
34.03,15,4121,US,1,1,5,131.79,0.26,0,0,0,0
12.61,14,5411,US,0,0,3,119.93,0.11,0,0,0,0
124.2,12,5411,US,0,0,2,108.93,1.14,0,0,0,0
111.39,14,4121,US,0,0,4,84.47,1.32,0,0,0,0
104.96,10,5732,US,0,0,2,94.96,1.11,0,0,1,0
1447.4,4,5732,RU,3,5,12,93.21,15.53,1,1,1,1
168.63,12,5411,US,1,2,5,70.94,2.38,0,0,0,0
35.17,17,5912,US,0,2,4,123.58,0.28,0,0,0,0
46.52,16,5732,US,0,0,4,75.72,0.61,0,0,1,0
28.94,13,5812,US,0,2,5,62.91,0.46,0,0,0,0
62.99,15,5814,US,0,1,1,141.18,0.45,0,0,0,0
42.51,15,5411,US,0,0,1,88.28,0.48,0,0,0,0
36.98,17,5411,US,1,2,4,89.45,0.41,0,0,0,0
35.31,13,5812,US,0,0,1,55.93,0.63,0,0,0,0
26.81,17,5812,US,1,1,6,121.75,0.22,0,0,0,0
247.73,8,5812,US,0,2,7,126.4,1.96,0,0,0,0
48.79,10,5732,US,0,1,3,89.19,0.55,0,0,1,0
69.66,13,5311,US,0,0,2,133.09,0.52,0,0,0,0
90.39,17,5912,US,0,0,2,133.66,0.68,0,0,0,0
96.54,8,5912,US,0,0,2,122.42,0.79,0,0,0,0
39.18,11,5912,US,0,1,6,57.42,0.68,0,0,0,0
104.39,14,5814,US,0,0,2,53.16,1.96,0,0,0,0
45.24,17,5541,US,0,1,4,102.03,0.44,0,0,0,0
5411.06,4,5732,NG,3,6,8,45.85,118.02,1,1,1,1
37.4,7,4121,US,0,3,3,61.7,0.61,0,0,0,0
90.75,11,5541,US,0,0,3,66.63,1.36,0,0,0,0
303.94,18,5912,US,1,3,9,64.85,4.69,0,0,0,0
947.66,4,4829,GB,5,8,36,84.63,11.2,1,1,1,1
82.79,19,5812,US,2,4,5,73.69,1.12,0,0,0,0
18.95,8,4121,US,0,0,1,123.6,0.15,0,0,0,0
169.61,4,5411,US,0,2,3,149.82,1.13,0,1,0,0
10.04,9,5411,US,0,1,3,75.49,0.13,0,0,0,0
70.47,8,5411,US,0,1,4,120.75,0.58,0,0,0,0
18.25,9,5912,US,0,0,1,57.15,0.32,0,0,0,0
45.89,11,5311,US,0,0,3,52.57,0.87,0,0,0,0
29.11,14,5812,US,0,0,0,132.03,0.22,0,0,0,0
21.32,15,5311,DE,0,0,4,115.6,0.18,1,0,0,0
10.63,16,5311,US,0,0,1,134.2,0.08,0,0,0,0
83.08,10,4121,US,0,0,1,54.65,1.52,0,0,0,0
11.1,18,5411,US,0,0,1,101.09,0.11,0,0,0,0
123.1,19,5812,US,0,2,4,140.15,0.88,0,0,0,0
31.41,13,5732,US,0,1,3,141.17,0.22,0,0,1,0
122.76,13,5411,US,0,0,4,92.8,1.32,0,0,0,0
3.25,7,4121,US,0,2,4,122.63,0.03,0,0,0,0
64.29,6,5814,US,0,0,3,143.98,0.45,0,0,0,0
14.44,14,5311,US,0,2,4,90.71,0.16,0,0,0,0
38.55,11,5732,US,0,2,9,90.63,0.43,0,0,1,0
65.77,8,5311,US,0,1,1,81.35,0.81,0,0,0,0
13.82,10,5311,US,0,1,4,116.04,0.12,0,0,0,0
42.58,12,5411,US,1,2,4,67.76,0.63,0,0,0,0
28.08,11,5732,GB,0,0,0,133.56,0.21,1,0,1,0
33.3,10,5912,US,0,1,1,146.59,0.23,0,0,0,0
51.58,16,5411,US,0,3,4,137.31,0.38,0,0,0,0
69.65,9,5814,US,0,0,3,50.6,1.38,0,0,0,0
37.43,12,5541,US,0,0,4,69.62,0.54,0,0,0,0
115.01,13,5541,US,0,0,5,55.01,2.09,0,0,0,0
49.07,17,5541,US,0,0,3,75.24,0.65,0,0,0,0
165.06,8,5912,US,1,1,5,114.43,1.44,0,0,0,0
158.89,16,5411,US,0,2,3,65.42,2.43,0,0,0,0
21.02,12,5812,DE,0,0,3,94.41,0.22,1,0,0,0
53.91,9,5732,US,0,0,3,86.5,0.62,0,0,1,0
48.95,16,5732,US,1,4,5,135.33,0.36,0,0,1,0
47.47,15,5812,US,0,3,3,135.66,0.35,0,0,0,0
62.38,6,5311,US,0,1,1,149.41,0.42,0,0,0,0
96.8,11,5732,DE,1,3,4,100.79,0.96,1,0,1,0
3.44,14,5812,US,0,1,3,75.12,0.05,0,0,0,0
1.11,17,5311,NG,9,10,33,53.56,0.02,1,0,0,1
20.44,20,5912,US,0,0,3,89.95,0.23,0,0,0,0
124.43,18,5411,US,0,0,3,134.52,0.92,0,0,0,0
41.77,2,5411,US,0,3,4,103.54,0.4,0,1,0,0
20.58,7,5541,US,0,3,6,129.07,0.16,0,0,0,0
28.12,14,4121,US,0,0,4,102.67,0.27,0,0,0,0
242.65,11,5541,US,0,0,0,97.75,2.48,0,0,0,0
9.78,11,5814,US,0,1,4,53.87,0.18,0,0,0,0
128.19,19,5812,US,0,1,4,76.54,1.67,0,0,0,0
33.11,12,5541,US,0,0,3,102.48,0.32,0,0,0,0
1115.76,0,7995,CY,2,5,10,82.24,13.57,1,1,1,1
2.76,23,5311,NG,14,28,20,98.73,0.03,1,0,0,1
133.17,16,5814,US,0,0,2,136.19,0.98,0,0,0,0
3685.57,2,5944,CY,3,3,4,68.06,54.15,1,1,1,1
22.08,17,5912,US,0,0,1,122.67,0.18,0,0,0,0
39.41,13,5411,US,0,0,3,53.14,0.74,0,0,0,0
5.45,5,5912,US,0,1,2,135.35,0.04,0,1,0,0
48.62,7,5311,US,1,2,3,79.07,0.61,0,0,0,0
128.38,18,5411,US,0,2,6,118.59,1.08,0,0,0,0
37.11,11,5814,FR,0,2,5,87.97,0.42,1,0,0,0
42.13,18,5311,US,1,1,5,103.78,0.41,0,0,0,0
43.74,11,5541,US,0,0,1,83.64,0.52,0,0,0,0
45.84,15,5541,US,0,0,2,89.54,0.51,0,0,0,0
128.89,16,5812,US,1,1,3,58.95,2.19,0,0,0,0
55.68,7,4121,US,0,1,2,82.78,0.67,0,0,0,0
18.4,20,5732,US,0,0,6,117.49,0.16,0,0,1,0
81.4,15,5812,CA,0,1,4,127.59,0.64,1,0,0,0
29.78,20,5814,US,0,0,2,115.25,0.26,0,0,0,0
31.09,10,5411,US,0,1,3,144.63,0.21,0,0,0,0
29.03,15,5732,US,1,2,6,102.53,0.28,0,0,1,0
289.74,10,5812,US,0,1,3,54.88,5.28,0,0,0,0
48.84,17,5541,US,0,0,4,64.38,0.76,0,0,0,0
31.84,9,4121,CA,0,0,0,103.8,0.31,1,0,0,0
43.37,15,5541,US,0,0,1,109.38,0.4,0,0,0,0
60.39,17,5411,US,0,0,2,78.28,0.77,0,0,0,0
82.61,9,5541,US,2,2,4,138.45,0.6,0,0,0,0
17.23,14,5411,US,0,0,0,85.42,0.2,0,0,0,0
467.14,9,5311,US,0,0,4,119.12,3.92,0,0,0,0
10.18,10,5912,US,0,0,3,52.76,0.19,0,0,0,0
90.72,12,5311,US,0,1,5,91.4,0.99,0,0,0,0
79.9,21,5812,US,0,1,4,139.25,0.57,0,0,0,0
67.43,14,5732,US,0,0,2,69.62,0.97,0,0,1,0
96.34,11,5814,US,0,0,1,59.98,1.61,0,0,0,0
58.25,9,5912,US,0,2,5,130.14,0.45,0,0,0,0
53.29,21,5411,US,0,0,0,147.84,0.36,0,0,0,0
22.52,14,5411,US,0,0,1,132.36,0.17,0,0,0,0
202.02,9,5411,US,0,0,0,118.62,1.7,0,0,0,0
38.54,16,5541,US,0,2,3,73.43,0.52,0,0,0,0
675.98,17,5732,US,0,0,0,89.06,7.59,0,0,1,0
33.32,13,5814,US,0,1,5,68.0,0.49,0,0,0,0
23.27,13,5732,US,0,1,5,149.83,0.16,0,0,1,0
67.15,9,5912,US,1,2,5,60.09,1.12,0,0,0,0
728.11,5,6051,RO,6,16,30,77.7,9.37,1,1,1,1
73.77,15,5411,US,0,1,3,133.76,0.55,0,0,0,0
23.44,10,5812,US,0,0,2,123.59,0.19,0,0,0,0
16.52,9,5732,US,0,0,2,76.35,0.22,0,0,1,0
17.01,8,4121,US,0,0,3,92.77,0.18,0,0,0,0
18.79,12,5812,US,1,1,3,144.05,0.13,0,0,0,0
2.94,0,5311,US,7,28,22,50.33,0.06,0,1,0,1
13.69,7,5912,US,0,1,5,133.68,0.1,0,0,0,0
115.77,19,5732,US,0,1,3,104.11,1.11,0,0,1,0
2.23,2,5311,NG,7,18,31,96.39,0.02,1,1,0,1
128.6,17,5912,US,1,1,5,126.3,1.02,0,0,0,0
32.46,19,5732,US,0,0,5,117.75,0.28,0,0,1,0
94.42,18,5912,US,0,0,3,72.02,1.31,0,0,0,0
41.94,14,5311,US,0,1,6,71.76,0.58,0,0,0,0
13.72,7,4121,US,0,1,3,132.8,0.1,0,0,0,0
127.21,10,5411,US,0,1,5,128.9,0.99,0,0,0,0
13.51,20,5541,US,0,0,1,131.71,0.1,0,0,0,0
49.62,16,4121,US,0,1,2,139.97,0.35,0,0,0,0
91.93,7,5541,US,0,0,3,110.97,0.83,0,0,0,0
22.7,11,4121,US,0,1,4,81.43,0.28,0,0,0,0
14.82,16,5814,US,2,4,6,148.83,0.1,0,0,0,0
60.67,16,5732,US,0,0,5,144.43,0.42,0,0,1,0
82.34,8,5912,US,0,0,2,100.93,0.82,0,0,0,0
2.31,13,5311,US,7,17,30,96.16,0.02,0,0,0,1
99.72,14,5541,US,0,0,5,117.64,0.85,0,0,0,0
320.74,3,7995,RO,7,15,36,50.1,6.4,1,1,1,1
108.43,13,5541,DE,2,2,5,133.64,0.81,1,0,0,0
66.18,10,5912,US,0,0,1,134.15,0.49,0,0,0,0
50.73,12,5311,JP,0,0,1,105.2,0.48,1,0,0,0
17.07,11,5311,US,0,4,7,124.37,0.14,0,0,0,0
45.43,10,5814,US,0,0,2,126.66,0.36,0,0,0,0
30.58,15,5311,US,0,1,4,82.13,0.37,0,0,0,0
11.39,19,5411,US,1,3,3,77.33,0.15,0,0,0,0
1.18,21,5311,NG,14,23,45,40.46,0.03,1,0,0,1
30.91,21,5541,US,0,0,3,54.43,0.57,0,0,0,0
53.91,10,5732,US,1,1,5,64.31,0.84,0,0,1,0
49.02,17,4121,US,0,0,1,133.79,0.37,0,0,0,0
77.32,19,5541,US,0,2,5,98.38,0.79,0,0,0,0
75.06,15,5411,CA,0,0,3,50.91,1.47,1,0,0,0
90.07,17,5411,US,0,2,6,143.29,0.63,0,0,0,0
118.08,12,5814,US,0,1,5,144.93,0.81,0,0,0,0
43.19,12,5812,GB,0,3,6,123.73,0.35,1,0,0,0
91.54,12,5541,US,0,0,2,54.45,1.68,0,0,0,0
26.82,16,4121,US,1,2,4,107.8,0.25,0,0,0,0
76.32,11,5812,CA,0,0,1,148.55,0.51,1,0,0,0
57.5,11,5912,US,0,1,2,59.62,0.96,0,0,0,0
29.6,7,5311,US,0,2,8,113.56,0.26,0,0,0,0
59.25,18,5912,US,0,1,4,132.7,0.45,0,0,0,0
14.73,17,5812,US,0,1,1,118.22,0.12,0,0,0,0
45.82,17,5311,US,1,1,4,147.06,0.31,0,0,0,0
57.54,11,5411,US,0,2,3,127.6,0.45,0,0,0,0
132.6,14,5912,US,1,2,5,111.67,1.19,0,0,0,0
43.12,23,5311,US,0,0,1,133.84,0.32,0,0,0,0
2958.09,7,7995,CY,2,5,7,61.19,48.34,1,0,1,1
14.4,15,5311,US,0,1,5,83.79,0.17,0,0,0,0
33.19,12,5912,US,0,1,4,80.21,0.41,0,0,0,0
63.06,9,5411,DE,0,0,6,136.28,0.46,1,0,0,0
67.95,9,5411,US,0,1,6,138.52,0.49,0,0,0,0
101.0,8,5311,US,1,1,4,147.24,0.69,0,0,0,0
20.1,12,5411,US,1,1,5,87.13,0.23,0,0,0,0
44.42,12,5541,US,0,1,6,94.13,0.47,0,0,0,0
25.42,17,5732,US,0,1,1,108.51,0.23,0,0,1,0
88.35,9,5812,US,0,1,4,148.45,0.6,0,0,0,0
273.1,13,5541,US,0,1,2,91.45,2.99,0,0,0,0
55.47,13,5411,US,0,0,4,65.55,0.85,0,0,0,0
56.59,14,5732,US,0,2,5,75.56,0.75,0,0,1,0
13.8,10,4121,US,1,4,5,74.79,0.18,0,0,0,0
8105.8,5,5944,RO,3,4,9,61.45,131.91,1,1,1,1
61.39,15,5541,US,0,2,6,137.89,0.45,0,0,0,0
41.89,14,5411,US,0,1,6,79.45,0.53,0,0,0,0
49.73,14,5311,US,0,2,3,85.78,0.58,0,0,0,0
78.73,8,5311,US,0,1,2,107.94,0.73,0,0,0,0
104.97,19,4121,US,0,2,5,131.11,0.8,0,0,0,0
102.67,10,5541,US,0,1,4,141.06,0.73,0,0,0,0
6.72,15,5812,US,0,2,3,84.85,0.08,0,0,0,0
11.51,13,5912,US,0,0,0,119.82,0.1,0,0,0,0
9.0,12,4121,US,0,1,3,57.22,0.16,0,0,0,0
90.13,9,5814,US,1,3,5,50.32,1.79,0,0,0,0
250.89,17,5411,US,1,2,3,114.06,2.2,0,0,0,0
82.0,18,4121,US,0,3,4,86.1,0.95,0,0,0,0
27.05,13,4121,DE,0,0,4,84.72,0.32,1,0,0,0
61.54,16,5541,US,0,0,2,62.35,0.99,0,0,0,0
82.11,11,5912,US,0,1,3,120.06,0.68,0,0,0,0
34.46,14,4121,US,0,0,1,145.86,0.24,0,0,0,0
101.24,14,5812,US,1,1,2,142.57,0.71,0,0,0,0
13.37,14,5732,US,0,1,4,125.01,0.11,0,0,1,0
107.74,11,5912,US,1,2,3,122.73,0.88,0,0,0,0
426.62,12,5732,US,1,1,4,98.54,4.33,0,0,1,0
21.09,15,5732,US,0,0,3,143.36,0.15,0,0,1,0
7.75,10,5411,US,0,0,6,92.67,0.08,0,0,0,0
9.54,12,5541,US,0,0,3,92.46,0.1,0,0,0,0
1778.66,2,6051,RU,4,4,10,92.24,19.28,1,1,1,1
57.48,19,4121,US,0,0,3,83.04,0.69,0,0,0,0
51.75,10,5812,CA,0,1,4,103.42,0.5,1,0,0,0
38.31,12,5541,US,1,3,6,100.5,0.38,0,0,0,0
25.68,15,5411,US,0,0,0,73.25,0.35,0,0,0,0
27.41,14,5732,US,1,2,4,140.05,0.2,0,0,1,0
36.37,21,5411,US,0,3,5,111.53,0.33,0,0,0,0
60.3,15,5814,US,0,0,0,120.62,0.5,0,0,0,0
31.55,15,5812,US,0,0,2,52.18,0.6,0,0,0,0
378.81,8,5912,US,0,1,3,121.71,3.11,0,0,0,0
39.14,15,5411,US,0,1,3,133.68,0.29,0,0,0,0
42.07,17,5912,US,0,0,2,141.57,0.3,0,0,0,0
1.53,3,5311,UA,9,21,50,91.35,0.02,1,1,0,1
30.73,9,5732,US,0,2,7,65.19,0.47,0,0,1,0
120.3,6,5541,US,0,1,3,125.88,0.96,0,0,0,0
25.06,13,5541,CA,0,2,7,139.71,0.18,1,0,0,0
1750.71,7,5944,RU,2,7,9,89.59,19.54,1,0,1,1
32.35,21,4121,US,0,0,2,96.74,0.33,0,0,0,0
8.53,20,4121,US,0,0,1,110.32,0.08,0,0,0,0
153.85,17,4121,US,1,1,4,118.91,1.29,0,0,0,0
35.45,16,4121,US,1,1,3,111.13,0.32,0,0,0,0
78.05,14,4121,FR,0,1,3,69.54,1.12,1,0,0,0
142.95,19,5411,US,0,1,3,124.39,1.15,0,0,0,0
115.99,16,5912,US,0,1,2,57.71,2.01,0,0,0,0
87.14,18,5541,US,0,2,6,93.45,0.93,0,0,0,0
139.24,16,5814,US,0,1,4,88.96,1.57,0,0,0,0
57.97,17,5411,US,0,0,4,53.38,1.09,0,0,0,0
188.88,9,5411,US,0,0,2,103.06,1.83,0,0,0,0
87.46,9,5912,US,0,0,3,82.73,1.06,0,0,0,0
30.34,16,4121,US,0,1,4,110.4,0.27,0,0,0,0
42.06,13,5311,US,0,1,3,111.64,0.38,0,0,0,0
95.06,10,5812,US,0,0,1,92.63,1.03,0,0,0,0
839.03,0,4829,RO,7,16,34,52.13,16.09,1,1,1,1
17.26,13,5541,US,1,2,4,98.74,0.17,0,0,0,0
495.0,6,5944,US,6,11,18,69.36,7.14,0,0,1,1
199.18,10,5912,US,0,0,4,120.79,1.65,0,0,0,0
33.15,17,5812,US,0,0,0,119.88,0.28,0,0,0,0
219.82,8,4121,US,0,2,4,136.86,1.61,0,0,0,0
18.43,13,4121,US,0,1,4,107.0,0.17,0,0,0,0
1.34,0,5311,UA,6,17,48,98.06,0.01,1,1,0,1
24.5,15,5541,US,0,0,0,71.53,0.34,0,0,0,0
10.3,18,5814,US,0,1,2,120.53,0.09,0,0,0,0
44.98,23,4121,US,0,2,5,132.51,0.34,0,0,0,0
489.84,8,6051,US,5,24,33,68.71,7.13,0,0,1,1
37.43,9,5912,US,0,4,6,63.51,0.59,0,0,0,0
47.79,9,5912,US,1,2,4,111.63,0.43,0,0,0,0
108.56,17,4121,US,0,0,6,76.53,1.42,0,0,0,0
42.94,16,5912,US,0,1,4,66.7,0.64,0,0,0,0
30.42,17,5812,US,0,2,6,117.55,0.26,0,0,0,0
12.7,18,5541,US,0,1,3,145.82,0.09,0,0,0,0
13.08,7,5812,US,0,1,4,104.01,0.13,0,0,0,0
52.23,9,4121,US,0,0,3,112.14,0.47,0,0,0,0
83.21,19,5812,US,0,0,1,107.13,0.78,0,0,0,0
79.82,11,4121,US,0,3,5,79.77,1.0,0,0,0,0
25.31,10,4121,US,1,2,3,77.68,0.33,0,0,0,0
75.01,18,5814,US,1,2,5,101.83,0.74,0,0,0,0
11.65,17,5411,US,1,1,1,99.95,0.12,0,0,0,0
59.82,21,4121,US,0,1,6,87.22,0.69,0,0,0,0
26.27,16,5541,US,1,1,7,118.57,0.22,0,0,0,0
75.32,15,5311,US,0,0,6,149.44,0.5,0,0,0,0
20.26,9,5541,US,0,0,4,145.02,0.14,0,0,0,0
136.39,16,5912,US,0,1,7,61.69,2.21,0,0,0,0
77.65,11,5912,US,0,0,2,89.13,0.87,0,0,0,0
18.51,13,5732,US,0,0,1,119.41,0.16,0,0,1,0
156.27,20,5812,US,1,1,3,93.38,1.67,0,0,0,0
81.32,10,5311,US,0,2,6,50.23,1.62,0,0,0,0
49.59,9,5541,US,0,0,3,83.46,0.59,0,0,0,0
67.84,14,5912,US,0,0,1,79.31,0.86,0,0,0,0
10.44,19,5732,US,0,0,1,77.31,0.14,0,0,1,0
54.81,11,5541,US,0,4,7,102.28,0.54,0,0,0,0
61.44,16,5541,US,0,0,0,145.3,0.42,0,0,0,0
90.44,6,5814,US,0,1,3,100.36,0.9,0,0,0,0
2.32,20,5311,US,13,29,39,58.06,0.04,0,0,0,1
81.55,10,5812,US,0,2,6,124.42,0.66,0,0,0,0
150.24,18,5912,JP,1,1,3,52.0,2.89,1,0,0,0
6109.81,5,5944,US,3,6,6,79.84,76.53,0,1,1,1
7.92,14,5814,US,1,2,5,145.54,0.05,0,0,0,0
15.21,14,4121,US,0,2,2,118.92,0.13,0,0,0,0
85.35,12,4121,US,0,1,3,132.05,0.65,0,0,0,0
41.65,15,5912,US,0,0,3,94.7,0.44,0,0,0,0
73.27,14,5311,US,0,0,1,50.51,1.45,0,0,0,0
105.47,10,4121,US,0,2,5,78.38,1.35,0,0,0,0
28.17,16,5912,US,0,1,3,90.31,0.31,0,0,0,0
62.31,12,5814,US,0,1,4,108.9,0.57,0,0,0,0
23.04,13,5812,US,0,0,4,110.24,0.21,0,0,0,0
26.21,13,5311,US,0,2,6,60.9,0.43,0,0,0,0
533.9,14,4829,GB,7,25,26,65.11,8.2,1,0,1,1
57.24,14,5732,US,0,0,5,135.38,0.42,0,0,1,0
10.17,6,5912,US,0,1,3,69.81,0.15,0,0,0,0
12.7,4,5732,US,0,0,2,111.48,0.11,0,1,1,0
103.93,13,5912,US,1,1,6,66.12,1.57,0,0,0,0
40.29,11,5732,US,0,0,5,145.79,0.28,0,0,1,0
180.55,17,5541,US,1,5,6,61.03,2.96,0,0,0,0
38.04,14,5311,US,0,0,1,132.76,0.29,0,0,0,0
22.48,15,5541,US,1,2,3,82.3,0.27,0,0,0,0
22.8,15,5541,US,0,1,2,106.82,0.21,0,0,0,0
921.45,22,5732,GB,7,11,30,59.25,15.55,1,0,1,1
70.16,12,5912,US,0,0,2,134.82,0.52,0,0,0,0
95.0,16,5411,US,0,1,4,140.31,0.68,0,0,0,0
18.58,11,5732,US,0,1,2,95.9,0.19,0,0,1,0
68.86,14,5812,US,0,1,2,107.13,0.64,0,0,0,0
109.93,14,5812,US,0,1,3,78.16,1.41,0,0,0,0
220.3,14,4121,US,0,0,3,83.69,2.63,0,0,0,0
19.58,6,5912,US,1,1,3,130.22,0.15,0,0,0,0
70.65,10,5732,US,1,1,4,118.85,0.59,0,0,1,0
87.54,9,5411,US,1,2,4,135.94,0.64,0,0,0,0
50.68,18,5541,US,2,2,5,113.05,0.45,0,0,0,0
124.0,13,5411,US,0,1,6,76.04,1.63,0,0,0,0
66.41,6,5814,US,0,0,5,131.87,0.5,0,0,0,0
21.73,11,5311,US,0,0,1,51.15,0.42,0,0,0,0
59.36,16,5541,US,0,0,1,62.55,0.95,0,0,0,0
2791.15,1,6051,NG,3,4,6,50.7,55.05,1,1,1,1
27.3,13,5732,US,0,0,2,86.58,0.32,0,0,1,0
29.53,13,5311,US,0,1,4,54.78,0.54,0,0,0,0
16.18,16,5812,US,1,2,3,88.33,0.18,0,0,0,0
89.4,14,4121,US,0,0,3,59.07,1.51,0,0,0,0
18.15,14,5411,US,0,3,3,124.75,0.15,0,0,0,0
47.27,6,5812,US,1,1,4,77.89,0.61,0,0,0,0
50.58,19,5912,US,0,2,5,130.12,0.39,0,0,0,0
42.64,15,5541,US,0,1,3,91.83,0.46,0,0,0,0
119.57,13,5912,US,0,0,1,108.02,1.11,0,0,0,0
33.44,6,4121,US,0,0,3,105.61,0.32,0,0,0,0
13.35,15,4121,US,0,1,3,122.22,0.11,0,0,0,0
15.97,13,5541,JP,0,0,5,102.47,0.16,1,0,0,0
51.41,12,5912,US,0,1,5,114.02,0.45,0,0,0,0
10.64,11,5912,US,0,0,1,141.82,0.08,0,0,0,0
3.34,14,5411,US,0,2,5,142.47,0.02,0,0,0,0
328.68,19,5311,US,0,0,0,55.66,5.91,0,0,0,0
26.38,22,5814,US,0,3,3,93.63,0.28,0,0,0,0
21.21,16,5812,US,0,1,9,72.94,0.29,0,0,0,0
1602.18,19,5944,RU,2,8,7,67.99,23.56,1,0,1,1
90.5,11,4121,US,0,1,2,71.5,1.27,0,0,0,0
29.77,8,4121,US,1,2,4,145.41,0.2,0,0,0,0
306.97,17,5541,JP,0,4,5,68.07,4.51,1,0,0,0
47.0,16,5732,US,0,1,2,54.82,0.86,0,0,1,0
81.97,7,5812,US,0,1,3,92.28,0.89,0,0,0,0
27.18,9,5732,US,1,1,2,53.18,0.51,0,0,1,0
15.94,10,5912,JP,0,0,3,117.59,0.14,1,0,0,0
99.35,12,5812,GB,0,1,2,90.75,1.09,1,0,0,0
358.03,19,5541,US,0,0,2,74.65,4.8,0,0,0,0
107.62,17,5912,US,0,2,3,136.18,0.79,0,0,0,0
42.22,8,5912,US,1,1,3,105.98,0.4,0,0,0,0
152.1,13,5541,US,0,1,6,97.45,1.56,0,0,0,0
72.27,23,5812,US,0,1,1,76.13,0.95,0,0,0,0
170.92,15,4829,RO,6,12,27,94.51,1.81,1,0,1,1
34.1,18,5812,US,1,1,6,82.09,0.42,0,0,0,0
5.34,15,4121,DE,0,2,5,110.32,0.05,1,0,0,0
271.09,13,5812,US,0,0,1,65.52,4.14,0,0,0,0
74.29,9,4121,US,0,3,4,118.66,0.63,0,0,0,0
28.96,10,5812,US,0,1,4,79.51,0.36,0,0,0,0
52.46,8,5541,US,1,1,3,66.31,0.79,0,0,0,0
19.37,10,5311,US,0,1,8,118.85,0.16,0,0,0,0
2.95,10,5311,US,13,19,45,40.06,0.07,0,0,0,1
34.6,14,5411,US,0,3,3,145.16,0.24,0,0,0,0
26.83,9,5732,US,0,1,6,126.1,0.21,0,0,1,0
29.86,17,5311,US,1,2,3,127.85,0.23,0,0,0,0
26.71,11,5912,US,0,1,1,71.75,0.37,0,0,0,0
54.44,17,5311,US,0,1,4,53.3,1.02,0,0,0,0
31.12,17,5732,US,0,1,4,141.19,0.22,0,0,1,0
243.94,13,5541,US,0,0,0,103.57,2.36,0,0,0,0
305.36,16,4121,US,2,3,6,51.37,5.94,0,0,0,0
24.77,16,5311,US,0,0,5,70.81,0.35,0,0,0,0
82.09,11,5912,US,0,2,6,81.72,1.0,0,0,0,0
66.76,13,5812,US,0,1,3,121.9,0.55,0,0,0,0
109.88,13,5912,US,0,1,2,128.4,0.86,0,0,0,0
130.65,14,5311,US,2,5,7,66.91,1.95,0,0,0,0
44.24,23,5732,US,1,3,4,102.76,0.43,0,0,1,0
40.15,7,5311,US,0,0,3,97.72,0.41,0,0,0,0
3.03,8,5311,US,15,24,37,63.84,0.05,0,0,0,1
44.38,15,5812,US,0,2,5,85.6,0.52,0,0,0,0
22.4,13,5812,US,0,3,6,64.61,0.35,0,0,0,0
35.85,15,5411,US,0,2,3,60.31,0.59,0,0,0,0
169.14,17,5541,US,0,2,3,57.91,2.92,0,0,0,0
72.59,16,5912,US,0,0,1,113.17,0.64,0,0,0,0
27.31,13,5814,US,0,0,3,90.5,0.3,0,0,0,0
16.67,12,5311,US,1,3,4,132.95,0.13,0,0,0,0
303.03,17,5411,US,0,0,3,131.49,2.3,0,0,0,0
825.74,14,5944,US,9,18,15,94.27,8.76,0,0,1,1
70.29,14,4121,US,0,2,3,136.75,0.51,0,0,0,0
60.83,8,5812,US,0,2,6,108.58,0.56,0,0,0,0
59.7,20,5812,US,0,0,0,140.57,0.42,0,0,0,0
15.83,15,5541,US,0,1,5,145.18,0.11,0,0,0,0
77.75,17,5411,US,1,2,4,143.12,0.54,0,0,0,0
55.13,12,5732,US,0,1,6,65.31,0.84,0,0,1,0
68.02,11,5912,US,0,2,3,130.74,0.52,0,0,0,0
23.91,21,5311,US,0,0,4,70.12,0.34,0,0,0,0
56.51,15,5912,US,1,1,5,90.81,0.62,0,0,0,0
25.26,11,5732,US,1,2,4,133.06,0.19,0,0,1,0
17.08,13,5411,US,0,0,2,111.01,0.15,0,0,0,0
3212.05,22,4829,CY,2,4,6,53.66,59.86,1,0,1,1
174.7,17,5732,US,0,0,3,88.22,1.98,0,0,1,0
29.6,9,5812,US,0,0,4,81.46,0.36,0,0,0,0
133.84,21,5732,US,0,1,6,72.65,1.84,0,0,1,0
116.82,17,5732,US,0,1,2,103.71,1.13,0,0,1,0
74.39,15,5732,US,0,0,6,143.63,0.52,0,0,1,0
38.56,18,5732,US,0,0,4,52.05,0.74,0,0,1,0
54.67,9,5732,US,1,1,6,124.23,0.44,0,0,1,0
13.03,16,5812,JP,1,2,6,96.47,0.14,1,0,0,0
56.98,9,5814,US,0,1,4,134.52,0.42,0,0,0,0
51.42,10,4121,US,0,1,2,106.38,0.48,0,0,0,0
59.66,8,5311,US,0,0,6,119.68,0.5,0,0,0,0
90.96,17,5311,US,1,2,3,144.17,0.63,0,0,0,0
21.44,20,5812,US,0,1,4,113.03,0.19,0,0,0,0
146.23,13,4121,US,1,2,5,58.09,2.52,0,0,0,0
42.68,18,5814,US,0,2,8,86.67,0.49,0,0,0,0
21.61,13,5411,US,0,0,3,60.35,0.36,0,0,0,0
120.07,6,4121,US,0,2,3,71.03,1.69,0,0,0,0
34.04,19,5912,US,0,0,2,109.11,0.31,0,0,0,0
18.94,12,5411,US,0,1,4,56.42,0.34,0,0,0,0
25.28,10,5814,US,0,1,4,59.52,0.42,0,0,0,0
64.25,14,5812,US,0,2,5,130.2,0.49,0,0,0,0
332.46,5,4121,US,0,2,4,55.62,5.98,0,1,0,0
22.41,7,5541,FR,0,2,3,51.93,0.43,1,0,0,0
42.25,9,5912,US,0,1,4,110.19,0.38,0,0,0,0
6.67,12,5812,US,0,1,4,123.93,0.05,0,0,0,0
41.83,14,5311,US,1,1,2,79.43,0.53,0,0,0,0
113.3,10,5812,US,0,1,4,89.92,1.26,0,0,0,0
90.42,6,5912,US,1,3,6,107.95,0.84,0,0,0,0
666.35,12,5812,US,0,0,3,82.68,8.06,0,0,0,0
32.6,18,4121,US,0,2,5,55.63,0.59,0,0,0,0
10.36,11,5814,US,1,1,2,133.42,0.08,0,0,0,0
4.82,19,5541,US,0,0,5,114.45,0.04,0,0,0,0
28.76,14,5411,FR,0,2,3,142.41,0.2,1,0,0,0
28.04,16,5912,FR,0,0,3,70.34,0.4,1,0,0,0
39.14,11,4121,US,0,1,3,95.49,0.41,0,0,0,0
54.1,13,5812,US,1,1,2,94.07,0.58,0,0,0,0
16.3,15,5912,US,0,2,8,65.31,0.25,0,0,0,0
82.57,9,5912,US,0,0,4,120.19,0.69,0,0,0,0
54.64,12,4121,US,0,3,5,56.39,0.97,0,0,0,0
26.38,12,5912,US,0,0,3,149.5,0.18,0,0,0,0
118.16,6,5912,US,0,0,2,98.84,1.2,0,0,0,0
122.54,11,4121,US,0,1,5,139.23,0.88,0,0,0,0
19.67,4,5732,US,0,1,3,83.92,0.23,0,1,1,0
2384.57,4,7995,CY,3,7,9,74.1,32.18,1,1,1,1
9.09,10,5311,US,1,2,4,93.82,0.1,0,0,0,0
24.22,10,5814,US,0,1,4,75.98,0.32,0,0,0,0
31.8,12,5812,US,0,0,3,112.15,0.28,0,0,0,0
57.65,12,5311,US,0,1,4,67.81,0.85,0,0,0,0
64.88,10,5812,US,0,0,4,133.12,0.49,0,0,0,0
15.84,11,5541,US,0,0,4,73.12,0.22,0,0,0,0
891.05,10,6051,US,7,22,21,92.89,9.59,0,0,1,1
184.73,16,5814,US,0,1,4,56.59,3.26,0,0,0,0
122.99,17,5812,US,0,0,0,143.97,0.85,0,0,0,0
42.23,17,5411,US,0,0,4,83.26,0.51,0,0,0,0
13.03,9,5411,US,0,0,4,94.38,0.14,0,0,0,0
56.05,18,5732,US,1,3,5,97.59,0.57,0,0,1,0
12.14,14,5311,US,1,2,3,64.3,0.19,0,0,0,0
127.88,11,5311,US,0,0,4,50.81,2.52,0,0,0,0
63.08,12,5732,US,1,1,4,137.06,0.46,0,0,1,0
7.86,13,4121,US,0,0,2,79.35,0.1,0,0,0,0
106.19,12,5411,US,1,3,5,107.65,0.99,0,0,0,0
26.65,16,5814,US,0,1,5,93.59,0.28,0,0,0,0
67.81,19,5311,US,1,2,6,102.07,0.66,0,0,0,0
58.53,15,5732,US,0,1,3,69.54,0.84,0,0,1,0
80.68,15,5814,US,0,1,7,93.39,0.86,0,0,0,0
142.58,11,5311,US,0,2,8,128.57,1.11,0,0,0,0
3378.42,0,5944,RU,1,4,9,71.68,47.13,1,1,1,1
76.64,8,4121,US,1,1,5,53.74,1.43,0,0,0,0
153.39,18,5411,US,0,0,6,59.28,2.59,0,0,0,0
14.22,11,5541,US,0,1,5,72.87,0.2,0,0,0,0
44.23,16,5411,GB,0,1,5,60.93,0.73,1,0,0,0
33.84,17,4121,US,0,0,3,105.4,0.32,0,0,0,0
38.15,16,5812,US,0,0,3,64.16,0.59,0,0,0,0
19.76,18,5814,US,2,2,4,101.91,0.19,0,0,0,0
146.41,16,5812,US,0,1,1,76.26,1.92,0,0,0,0
147.31,18,5541,US,0,0,2,66.14,2.23,0,0,0,0
1.82,15,5311,NG,12,12,32,95.37,0.02,1,0,0,1
101.93,12,5541,US,0,1,3,141.88,0.72,0,0,0,0
20.3,15,5732,US,0,0,2,87.58,0.23,0,0,1,0
12.42,14,5814,JP,0,1,3,90.63,0.14,1,0,0,0
94.45,8,4121,US,0,0,6,63.5,1.49,0,0,0,0
2779.58,7,4829,CN,2,4,5,92.79,29.96,1,0,1,1
72.61,19,5732,US,1,2,4,53.8,1.35,0,0,1,0
66.45,10,5411,US,0,0,1,76.45,0.87,0,0,0,0
100.35,14,5814,US,0,2,4,128.03,0.78,0,0,0,0
92.37,14,5812,US,0,0,3,125.02,0.74,0,0,0,0
56.38,20,5311,US,1,2,5,65.92,0.86,0,0,0,0
34.69,10,4121,US,0,1,4,119.7,0.29,0,0,0,0
6041.54,5,5944,US,2,6,9,80.31,75.23,0,1,1,1
4881.38,3,6051,RU,1,3,5,40.69,119.97,1,1,1,1
14.25,17,5411,US,0,2,2,117.36,0.12,0,0,0,0
15.5,18,5411,US,0,0,2,145.7,0.11,0,0,0,0
11.73,12,5541,US,1,1,3,145.84,0.08,0,0,0,0
57.47,17,5311,US,0,5,11,70.45,0.82,0,0,0,0
42.44,6,5812,US,1,1,1,120.6,0.35,0,0,0,0
1977.76,1,6051,NG,4,7,11,95.66,20.67,1,1,1,1
9.6,7,5411,US,0,3,4,103.02,0.09,0,0,0,0
222.47,22,4121,US,0,1,9,109.2,2.04,0,0,0,0
55.94,15,5411,DE,0,0,1,73.55,0.76,1,0,0,0
66.72,13,5812,US,1,2,7,63.37,1.05,0,0,0,0
88.65,19,5812,US,1,3,6,134.36,0.66,0,0,0,0
12.38,14,5541,US,0,0,4,108.81,0.11,0,0,0,0
9.96,15,5541,US,0,2,2,133.35,0.07,0,0,0,0
9.84,15,5812,US,0,3,3,83.66,0.12,0,0,0,0
137.63,11,5541,US,0,0,1,69.2,1.99,0,0,0,0
11.31,11,4121,US,1,3,8,117.97,0.1,0,0,0,0
7.28,18,5411,US,0,1,3,59.29,0.12,0,0,0,0
341.08,13,5732,RO,6,22,32,87.3,3.91,1,0,1,1
29.87,14,5912,US,0,0,5,148.96,0.2,0,0,0,0
5.35,8,5732,US,0,1,3,70.0,0.08,0,0,1,0
20.72,7,5814,US,0,0,1,69.3,0.3,0,0,0,0
26.71,15,5812,US,0,1,3,125.3,0.21,0,0,0,0
13.6,19,5812,US,0,2,2,62.62,0.22,0,0,0,0
10.7,19,5912,US,1,1,3,120.7,0.09,0,0,0,0
22.25,8,5311,US,0,1,4,84.25,0.26,0,0,0,0
19.38,15,5411,US,0,0,3,129.41,0.15,0,0,0,0
80.61,15,5812,US,0,1,6,58.74,1.37,0,0,0,0
102.61,13,5912,US,0,1,1,147.36,0.7,0,0,0,0
10.46,12,5912,US,0,2,3,95.81,0.11,0,0,0,0
68.18,8,5311,US,0,0,0,70.71,0.96,0,0,0,0
69.83,14,4121,US,1,2,4,109.26,0.64,0,0,0,0
9.84,13,5311,US,0,0,3,148.79,0.07,0,0,0,0
14.99,8,5732,US,0,2,4,57.12,0.26,0,0,1,0
67.6,14,5411,US,0,2,6,71.01,0.95,0,0,0,0
156.98,14,5732,US,0,0,0,111.7,1.41,0,0,1,0
28.57,19,5814,US,1,2,3,129.53,0.22,0,0,0,0
46.66,11,5311,US,0,2,4,104.16,0.45,0,0,0,0
103.03,7,5814,US,0,2,4,137.82,0.75,0,0,0,0
62.85,12,5311,US,0,0,2,73.14,0.86,0,0,0,0
70.38,11,5912,US,0,0,0,82.69,0.85,0,0,0,0
12.1,9,5912,US,0,1,7,130.58,0.09,0,0,0,0
154.16,13,5411,US,1,1,4,147.72,1.04,0,0,0,0
31.07,13,5812,US,0,0,3,87.88,0.35,0,0,0,0
121.7,11,5541,US,1,3,8,84.55,1.44,0,0,0,0
28.98,11,5812,US,1,1,2,120.51,0.24,0,0,0,0
67.58,12,4121,US,0,1,2,148.91,0.45,0,0,0,0
80.32,16,5732,US,0,0,2,144.64,0.56,0,0,1,0
99.79,13,5812,US,0,0,6,119.78,0.83,0,0,0,0
42.92,17,5311,US,0,1,3,144.18,0.3,0,0,0,0
27.23,11,5812,US,0,2,6,116.38,0.23,0,0,0,0
112.85,13,5814,US,0,0,2,121.94,0.93,0,0,0,0
7.33,22,5912,US,0,2,7,58.37,0.13,0,0,0,0
55.9,9,5912,US,0,1,4,68.45,0.82,0,0,0,0
55.93,19,5541,US,1,3,8,136.96,0.41,0,0,0,0
160.18,9,5541,US,0,2,3,88.66,1.81,0,0,0,0
55.93,18,5812,US,0,0,1,100.97,0.55,0,0,0,0
12.71,13,5311,US,1,2,3,98.32,0.13,0,0,0,0
14.9,5,5541,US,0,0,1,149.4,0.1,0,1,0,0
28.64,14,5814,US,0,1,3,135.79,0.21,0,0,0,0
44.91,20,5732,US,0,1,4,87.14,0.52,0,0,1,0
28.68,11,5311,US,0,1,5,50.89,0.56,0,0,0,0
67.82,9,5411,US,0,2,3,97.67,0.69,0,0,0,0
66.51,13,5732,US,0,5,7,54.54,1.22,0,0,1,0
114.92,15,5311,US,0,1,4,99.87,1.15,0,0,0,0
6.94,16,5732,FR,0,0,4,115.88,0.06,1,0,1,0
35.81,11,5912,US,0,2,4,97.27,0.37,0,0,0,0
45.83,12,5411,US,0,0,2,72.4,0.63,0,0,0,0
1759.74,18,5732,NG,3,7,12,59.23,29.71,1,0,1,1
28.64,12,5311,US,1,2,2,137.54,0.21,0,0,0,0
9.34,13,5541,US,0,2,2,114.41,0.08,0,0,0,0
81.67,14,5311,US,1,2,4,65.02,1.26,0,0,0,0
268.65,18,5912,US,0,1,1,80.08,3.35,0,0,0,0
1765.57,22,6051,RU,4,4,12,68.72,25.69,1,0,1,1
21.08,21,5732,US,1,3,5,129.34,0.16,0,0,1,0
90.75,8,5814,US,0,0,3,144.89,0.63,0,0,0,0
44.67,11,5812,GB,0,1,5,143.31,0.31,1,0,0,0
18.27,21,5541,US,1,4,6,125.29,0.15,0,0,0,0
134.79,10,4121,US,0,0,3,51.46,2.62,0,0,0,0
33.63,10,5814,US,0,1,1,116.3,0.29,0,0,0,0
60.15,17,4121,US,0,0,4,136.46,0.44,0,0,0,0
10.2,15,5812,US,0,0,2,123.51,0.08,0,0,0,0
106.16,11,5541,US,0,0,3,131.24,0.81,0,0,0,0
80.1,10,5732,US,0,0,1,74.66,1.07,0,0,1,0
73.91,4,4121,US,0,0,3,84.44,0.88,0,1,0,0
34.59,16,5541,US,0,2,4,89.23,0.39,0,0,0,0
18.58,11,5814,US,0,3,5,58.85,0.32,0,0,0,0
33.98,19,5912,US,0,0,2,140.01,0.24,0,0,0,0
71.64,15,5912,US,0,1,4,118.99,0.6,0,0,0,0
44.06,9,5812,US,0,0,4,123.03,0.36,0,0,0,0
10.07,10,5912,US,0,0,2,101.07,0.1,0,0,0,0
24.51,11,5912,US,0,0,0,92.87,0.26,0,0,0,0
51.71,16,5411,US,1,2,3,52.86,0.98,0,0,0,0
2526.68,22,5732,RU,3,2,10,75.03,33.68,1,0,1,1
16.9,7,5732,US,0,1,1,69.48,0.24,0,0,1,0
71.97,10,5812,US,0,0,4,77.02,0.93,0,0,0,0
10.12,14,5541,US,0,0,2,144.11,0.07,0,0,0,0
17.84,13,5814,US,1,1,8,144.13,0.12,0,0,0,0
67.32,17,5814,US,0,0,4,114.2,0.59,0,0,0,0
2807.65,0,6051,US,2,3,9,86.93,32.3,0,1,1,1
23.43,9,5541,US,0,2,5,90.69,0.26,0,0,0,0
17.11,13,5814,US,0,0,0,103.16,0.17,0,0,0,0
63.75,10,5541,US,1,1,3,89.63,0.71,0,0,0,0
76.64,20,5814,US,0,0,3,137.99,0.56,0,0,0,0
63.25,5,5411,US,0,0,2,142.27,0.44,0,1,0,0
3122.53,15,5944,CN,2,2,12,78.5,39.78,1,0,1,1
18.8,12,5311,US,0,0,0,129.32,0.15,0,0,0,0
48.77,14,5541,US,0,0,3,61.86,0.79,0,0,0,0
22.42,13,5411,US,1,2,4,56.85,0.39,0,0,0,0
57.56,17,5311,CA,0,0,3,96.89,0.59,1,0,0,0
92.8,12,5812,US,0,1,4,122.53,0.76,0,0,0,0
25.33,20,5311,US,0,0,2,105.63,0.24,0,0,0,0
50.11,15,5311,US,0,0,3,99.52,0.5,0,0,0,0
24.29,12,5732,US,2,2,5,146.45,0.17,0,0,1,0
24.61,13,5732,US,0,0,1,135.15,0.18,0,0,1,0
195.71,8,5311,US,0,0,2,107.94,1.81,0,0,0,0
71.12,16,5812,US,0,2,6,92.57,0.77,0,0,0,0
138.26,11,5311,US,0,2,4,64.65,2.14,0,0,0,0
124.27,17,5812,US,1,1,1,136.89,0.91,0,0,0,0
24.99,18,5311,US,0,0,3,131.03,0.19,0,0,0,0
138.58,7,5732,US,1,1,3,63.05,2.2,0,0,1,0
2.87,11,5812,US,0,0,2,50.87,0.06,0,0,0,0
37.22,10,5812,US,0,3,7,74.6,0.5,0,0,0,0
83.09,11,5541,US,0,1,5,79.02,1.05,0,0,0,0
18.2,15,5541,US,0,1,2,57.2,0.32,0,0,0,0
69.14,17,5541,US,2,2,4,73.2,0.94,0,0,0,0
17.29,18,5812,US,0,1,3,135.44,0.13,0,0,0,0
28.46,9,5912,US,0,2,5,112.08,0.25,0,0,0,0
286.03,12,5812,US,0,0,6,73.27,3.9,0,0,0,0
35.81,20,5912,US,0,0,5,80.49,0.44,0,0,0,0
24.05,15,5912,US,0,1,6,140.98,0.17,0,0,0,0
13.99,11,5311,US,0,0,3,70.58,0.2,0,0,0,0
595.42,23,5732,RO,4,13,38,74.32,8.01,1,0,1,1
30.64,11,5311,US,0,1,1,53.49,0.57,0,0,0,0
53.77,15,5411,US,0,1,4,80.25,0.67,0,0,0,0
30.93,20,5541,US,0,3,5,90.71,0.34,0,0,0,0
23.35,16,4121,US,0,1,3,81.7,0.29,0,0,0,0
3264.55,2,5732,RU,1,2,11,98.38,33.18,1,1,1,1
60.7,10,5541,US,0,1,4,96.84,0.63,0,0,0,0
44.28,15,5411,US,0,2,6,80.41,0.55,0,0,0,0
25.11,16,4121,US,1,3,9,110.17,0.23,0,0,0,0
69.02,13,5912,US,0,0,3,115.41,0.6,0,0,0,0
22.2,18,5311,US,0,0,3,88.78,0.25,0,0,0,0
6269.39,5,5944,NG,3,3,10,48.56,129.11,1,1,1,1
77.01,20,5912,US,0,1,4,99.7,0.77,0,0,0,0
94.38,13,5541,US,0,0,0,70.99,1.33,0,0,0,0
15.49,23,5912,US,0,1,3,84.8,0.18,0,0,0,0
5.69,17,5814,US,0,2,6,53.85,0.11,0,0,0,0
101.46,12,4121,US,0,0,6,110.24,0.92,0,0,0,0
22.29,15,5311,US,0,0,6,60.99,0.37,0,0,0,0
41.66,11,5311,US,0,0,2,79.77,0.52,0,0,0,0
28.95,13,5732,US,0,0,2,50.29,0.58,0,0,1,0
69.23,14,5812,US,0,0,2,62.71,1.1,0,0,0,0
12.67,13,5812,US,1,2,4,116.32,0.11,0,0,0,0
88.44,8,4121,US,0,3,6,51.8,1.71,0,0,0,0
35.44,10,5411,US,0,1,2,53.58,0.66,0,0,0,0
53.86,12,5411,US,1,1,5,144.18,0.37,0,0,0,0
46.96,18,5411,US,0,2,9,75.14,0.62,0,0,0,0
35.94,15,5912,US,0,1,1,81.67,0.44,0,0,0,0
21.33,14,5732,US,0,0,0,87.1,0.24,0,0,1,0
65.92,13,5311,US,0,1,4,108.89,0.61,0,0,0,0
134.89,15,5411,US,0,2,3,84.83,1.59,0,0,0,0
23.43,13,5732,US,0,0,6,80.41,0.29,0,0,1,0
202.21,13,5541,US,0,2,5,74.36,2.72,0,0,0,0
22.07,10,5541,US,0,0,5,53.08,0.42,0,0,0,0
35.93,17,5541,US,1,1,1,125.17,0.29,0,0,0,0
6.21,16,5812,US,0,1,4,114.08,0.05,0,0,0,0
125.56,11,5541,US,0,1,1,148.85,0.84,0,0,0,0
15.1,14,5732,US,0,1,4,105.25,0.14,0,0,1,0
66.26,12,5732,US,0,0,1,100.49,0.66,0,0,1,0
15.41,12,5912,US,0,0,4,112.86,0.14,0,0,0,0
19.45,16,5411,US,0,0,1,107.23,0.18,0,0,0,0
53.4,16,5814,US,1,3,11,58.76,0.91,0,0,0,0
8221.93,5,5944,CY,1,3,10,41.08,200.14,1,1,1,1
38.71,14,5912,US,0,1,4,101.82,0.38,0,0,0,0
45.16,19,4121,US,0,1,2,144.32,0.31,0,0,0,0
161.97,21,5732,US,0,3,5,149.13,1.09,0,0,1,0
71.4,11,5541,US,0,2,4,81.63,0.87,0,0,0,0
24.79,15,5912,US,0,0,2,94.02,0.26,0,0,0,0
37.29,18,4121,US,0,1,2,137.5,0.27,0,0,0,0
35.28,10,5311,US,0,1,5,83.62,0.42,0,0,0,0
22.29,18,5814,US,0,1,6,87.07,0.26,0,0,0,0
45.45,10,5812,US,0,0,2,66.01,0.69,0,0,0,0
51.26,12,5311,US,0,1,2,64.74,0.79,0,0,0,0
115.95,8,4121,US,0,3,8,66.78,1.74,0,0,0,0
54.37,15,5732,US,0,1,5,104.34,0.52,0,0,1,0
162.61,8,5814,US,0,2,9,94.7,1.72,0,0,0,0
273.35,12,5732,FR,0,2,4,121.48,2.25,1,0,1,0
66.36,11,5912,US,0,0,2,83.85,0.79,0,0,0,0
6.85,8,5812,US,0,4,7,88.07,0.08,0,0,0,0
44.51,11,5411,US,1,1,2,105.35,0.42,0,0,0,0
34.19,12,5912,US,0,0,1,57.14,0.6,0,0,0,0
641.85,7,5732,RO,7,12,36,86.11,7.45,1,0,1,1
77.69,11,5732,US,0,1,3,80.75,0.96,0,0,1,0
75.21,14,5411,US,0,0,2,125.16,0.6,0,0,0,0
3.02,4,5311,NG,5,14,15,51.4,0.06,1,1,0,1
12.92,18,5814,US,0,0,2,88.67,0.15,0,0,0,0
22.52,13,5541,US,0,0,4,95.65,0.24,0,0,0,0
34.58,18,5814,US,0,0,5,101.6,0.34,0,0,0,0
123.34,17,5732,US,1,3,7,59.33,2.08,0,0,1,0
88.83,19,5912,US,0,0,4,124.88,0.71,0,0,0,0
198.92,12,5311,US,0,2,3,52.85,3.76,0,0,0,0
82.49,21,4121,US,0,2,5,57.19,1.44,0,0,0,0
130.6,14,5411,US,0,0,1,83.04,1.57,0,0,0,0
66.74,13,5411,US,1,3,8,128.61,0.52,0,0,0,0
7379.21,1,5732,CN,2,4,5,41.52,177.73,1,1,1,1
72.62,23,5814,US,0,1,2,87.62,0.83,0,0,0,0
23.42,17,5814,US,0,0,5,68.45,0.34,0,0,0,0
3375.65,21,4829,CN,1,6,12,47.45,71.14,1,0,1,1
52.33,12,5912,US,0,1,3,109.82,0.48,0,0,0,0
16.88,9,5814,US,0,0,3,141.62,0.12,0,0,0,0
17.32,17,5812,FR,0,3,5,76.64,0.23,1,0,0,0
41.32,20,4121,US,0,4,6,64.94,0.64,0,0,0,0
134.71,22,5541,US,2,4,5,50.2,2.68,0,0,0,0
26.27,16,5411,US,0,1,6,66.76,0.39,0,0,0,0
25.13,13,5912,US,0,0,3,116.7,0.22,0,0,0,0
242.44,13,5311,US,0,1,5,58.24,4.16,0,0,0,0
326.9,22,7995,US,4,18,36,60.57,5.4,0,0,1,1
253.2,6,4121,US,0,1,2,87.81,2.88,0,0,0,0
22.96,13,5812,US,0,3,5,88.2,0.26,0,0,0,0
435.94,11,4121,US,0,1,3,125.36,3.48,0,0,0,0
15.11,16,5541,US,0,0,3,82.61,0.18,0,0,0,0
23.84,9,5732,US,1,4,6,56.07,0.43,0,0,1,0
32.87,15,4121,US,0,2,3,70.19,0.47,0,0,0,0
188.87,4,4121,US,0,0,4,53.11,3.56,0,1,0,0
33.32,18,5541,US,0,2,4,115.67,0.29,0,0,0,0
397.63,10,5812,US,0,0,5,139.5,2.85,0,0,0,0
49.5,19,5814,US,0,2,3,117.52,0.42,0,0,0,0
260.52,11,4121,US,1,2,3,129.58,2.01,0,0,0,0
154.81,18,5541,US,0,0,8,128.93,1.2,0,0,0,0
76.23,17,5732,US,0,0,4,148.83,0.51,0,0,1,0
81.83,23,5311,US,0,3,5,90.65,0.9,0,0,0,0
129.74,18,5311,US,1,2,7,103.21,1.26,0,0,0,0
1153.2,23,5944,NG,1,5,7,69.12,16.68,1,0,1,1
33.09,13,5311,US,0,5,7,116.2,0.28,0,0,0,0
144.08,17,4121,US,0,1,3,53.26,2.71,0,0,0,0
47.84,9,5411,US,0,0,1,103.74,0.46,0,0,0,0
8.9,20,5812,US,0,0,8,53.98,0.16,0,0,0,0
33.39,10,5732,US,0,0,3,78.73,0.42,0,0,1,0
145.49,16,5912,US,0,0,2,80.09,1.82,0,0,0,0
75.25,8,5812,US,0,1,2,148.57,0.51,0,0,0,0
16.75,16,5411,US,1,2,8,92.94,0.18,0,0,0,0
103.35,16,5812,US,0,0,2,91.76,1.13,0,0,0,0
41.91,16,4121,US,0,3,5,55.55,0.75,0,0,0,0
34.13,19,5912,US,0,0,2,97.57,0.35,0,0,0,0
514.57,20,4121,US,0,1,4,66.65,7.72,0,0,0,0
7.01,12,5541,US,2,3,3,54.05,0.13,0,0,0,0
19.16,2,5411,US,0,0,4,139.65,0.14,0,1,0,0
59.3,15,5812,US,1,1,3,96.39,0.62,0,0,0,0
30.34,15,5311,US,1,2,8,102.72,0.3,0,0,0,0
14.83,11,5411,US,0,0,2,73.1,0.2,0,0,0,0
57.9,17,5732,US,0,1,1,57.46,1.01,0,0,1,0
41.06,13,5812,US,1,2,7,148.89,0.28,0,0,0,0
3264.27,4,5732,CY,3,4,8,79.33,41.15,1,1,1,1
8.07,17,5411,US,0,0,2,88.31,0.09,0,0,0,0
39.84,5,5814,US,0,0,4,110.68,0.36,0,1,0,0
24.99,10,5814,US,0,1,4,93.79,0.27,0,0,0,0
12.36,16,5311,US,1,3,4,121.4,0.1,0,0,0,0
56.42,19,5732,US,0,0,3,123.66,0.46,0,0,1,0
60.91,8,5411,US,0,0,1,144.72,0.42,0,0,0,0
30.42,13,5411,US,0,0,7,121.08,0.25,0,0,0,0
89.46,10,4121,US,0,0,4,89.42,1.0,0,0,0,0
205.45,12,5814,US,0,1,3,127.45,1.61,0,0,0,0
43.13,15,5812,US,0,1,5,55.25,0.78,0,0,0,0
59.49,9,5541,US,0,2,2,135.47,0.44,0,0,0,0
756.36,9,5944,RO,4,17,37,52.46,14.42,1,0,1,1
58.53,11,5812,US,1,2,4,124.61,0.47,0,0,0,0
13.72,5,4121,US,0,0,2,83.46,0.16,0,1,0,0
98.16,14,4121,US,0,0,6,146.22,0.67,0,0,0,0
68.89,13,5541,US,0,0,4,64.9,1.06,0,0,0,0
39.54,13,5814,US,0,0,6,138.66,0.29,0,0,0,0
36.95,16,5732,US,0,0,1,136.17,0.27,0,0,1,0
644.68,22,4829,RU,2,8,6,89.61,7.19,1,0,1,1
68.65,14,4121,US,0,0,1,58.91,1.17,0,0,0,0
7.12,19,5732,US,0,1,3,56.57,0.13,0,0,1,0
458.9,0,5732,RO,5,24,17,66.2,6.93,1,1,1,1
49.6,11,4121,US,0,1,2,110.4,0.45,0,0,0,0
55.02,16,5541,US,1,1,3,136.67,0.4,0,0,0,0
9.78,19,5814,US,0,1,2,135.36,0.07,0,0,0,0
616.04,15,5814,US,0,2,4,74.65,8.25,0,0,0,0
40.19,14,5912,US,0,0,2,73.58,0.55,0,0,0,0
63.18,11,4121,US,0,0,1,127.05,0.5,0,0,0,0
9010.77,3,5732,RU,1,5,5,79.57,113.24,1,1,1,1
35.41,12,5812,US,0,1,3,83.28,0.43,0,0,0,0
23.62,21,5814,US,1,1,4,108.34,0.22,0,0,0,0
76.58,16,5912,US,0,1,3,98.55,0.78,0,0,0,0
112.32,13,5411,US,0,0,1,73.66,1.52,0,0,0,0
624.04,18,5944,RO,10,9,27,44.59,14.0,1,0,1,1
35.71,14,4121,US,0,1,3,104.56,0.34,0,0,0,0
21.55,9,5814,US,0,0,1,107.73,0.2,0,0,0,0
15.8,12,5311,US,0,2,2,138.99,0.11,0,0,0,0
177.45,12,4121,US,0,0,1,126.4,1.4,0,0,0,0
21.13,12,5541,US,0,1,3,101.26,0.21,0,0,0,0
24.64,16,5912,US,0,0,3,135.77,0.18,0,0,0,0
54.44,18,5732,US,1,1,3,91.68,0.59,0,0,1,0
36.22,14,5411,US,0,1,3,57.51,0.63,0,0,0,0
47.89,9,5411,US,0,1,4,89.66,0.53,0,0,0,0
31.18,14,4121,US,0,1,3,130.97,0.24,0,0,0,0
17.28,15,5814,US,0,1,4,131.21,0.13,0,0,0,0
87.47,20,5311,US,0,1,2,122.03,0.72,0,0,0,0
6.94,20,5541,US,0,3,7,83.04,0.08,0,0,0,0
83.97,14,5311,US,0,0,4,51.48,1.63,0,0,0,0
14.81,10,5912,US,0,1,1,59.36,0.25,0,0,0,0
2932.2,2,5732,US,2,6,9,60.6,48.39,0,1,1,1
118.79,12,5912,US,0,4,4,137.15,0.87,0,0,0,0
40.5,7,5812,US,0,0,0,126.17,0.32,0,0,0,0
2749.76,5,6051,CY,2,6,8,42.92,64.07,1,1,1,1
74.41,16,5732,US,0,1,2,107.04,0.7,0,0,1,0
0.75,1,5311,US,14,23,23,94.69,0.01,0,1,0,1
2.92,23,5311,NG,14,23,42,95.08,0.03,1,0,0,1
55.02,15,5311,US,0,0,8,57.62,0.95,0,0,0,0
32.43,16,5411,DE,1,1,4,74.53,0.44,1,0,0,0
72.72,8,5812,US,0,1,4,53.28,1.36,0,0,0,0
78.09,10,5311,US,0,0,4,104.48,0.75,0,0,0,0
367.68,12,5814,US,0,0,1,56.15,6.55,0,0,0,0
24.32,9,5732,US,0,0,4,139.29,0.17,0,0,1,0
80.49,8,5411,JP,0,2,6,92.54,0.87,1,0,0,0
37.33,17,5411,US,0,1,3,129.88,0.29,0,0,0,0
84.14,18,5812,US,0,0,1,117.71,0.71,0,0,0,0
477.02,15,5912,US,0,2,4,113.81,4.19,0,0,0,0
25.75,20,5411,US,1,1,3,91.65,0.28,0,0,0,0
20.05,9,5732,US,0,0,2,105.64,0.19,0,0,1,0
34.71,12,5311,US,0,0,3,145.31,0.24,0,0,0,0
53.27,14,4121,US,0,3,4,125.81,0.42,0,0,0,0
23.17,13,4121,US,0,0,2,98.94,0.23,0,0,0,0
65.19,16,5541,US,0,0,4,108.4,0.6,0,0,0,0
14.58,16,5311,US,1,2,6,90.36,0.16,0,0,0,0
74.32,6,5814,US,0,1,4,74.92,0.99,0,0,0,0
36.23,7,5411,US,0,0,4,133.72,0.27,0,0,0,0
537.62,13,5812,US,0,2,4,99.51,5.4,0,0,0,0
765.23,11,5912,US,0,1,2,101.34,7.55,0,0,0,0
66.05,15,5812,US,0,0,3,86.61,0.76,0,0,0,0
20.32,8,5311,US,0,1,2,58.29,0.35,0,0,0,0
22.89,11,5812,US,0,0,3,133.45,0.17,0,0,0,0
628.22,13,7995,US,10,25,20,59.78,10.51,0,0,1,1
43.83,13,5311,US,0,0,1,50.16,0.87,0,0,0,0
32.29,22,4121,US,1,1,2,85.19,0.38,0,0,0,0
120.35,15,5814,US,0,1,3,98.64,1.22,0,0,0,0
18.41,12,5732,US,2,2,2,120.94,0.15,0,0,1,0
45.39,19,5912,US,0,1,1,76.75,0.59,0,0,0,0
85.21,12,5411,US,0,0,1,104.3,0.82,0,0,0,0
28.53,4,5812,US,0,2,3,80.75,0.35,0,1,0,0
21.67,10,5311,US,0,1,7,127.87,0.17,0,0,0,0
79.93,16,5732,US,0,1,2,54.29,1.47,0,0,1,0
96.38,12,4121,US,0,0,4,110.54,0.87,0,0,0,0
37.7,11,4121,US,0,0,2,69.04,0.55,0,0,0,0
31.2,17,5814,US,0,1,5,75.95,0.41,0,0,0,0
2996.23,12,5944,RU,3,3,8,57.57,52.04,1,0,1,1
33.26,19,5541,US,1,1,2,73.48,0.45,0,0,0,0
19.7,16,5812,US,1,1,3,144.84,0.14,0,0,0,0
114.69,16,5912,US,0,0,1,68.84,1.67,0,0,0,0
77.57,14,5732,US,0,2,5,63.04,1.23,0,0,1,0
81.03,19,5311,US,0,1,3,101.86,0.8,0,0,0,0
116.05,19,5812,US,0,0,5,126.29,0.92,0,0,0,0
49.7,11,5732,US,0,1,3,104.25,0.48,0,0,1,0
8.54,10,5814,US,0,0,4,65.23,0.13,0,0,0,0
648.44,1,6051,NG,4,3,10,96.37,6.73,1,1,1,1
157.84,17,5912,US,1,2,3,63.9,2.47,0,0,0,0
42.35,13,4121,GB,0,0,3,132.92,0.32,1,0,0,0
157.44,8,5912,US,0,0,2,123.41,1.28,0,0,0,0
195.42,18,5812,US,0,1,7,98.85,1.98,0,0,0,0
16.93,14,5814,US,0,2,4,117.32,0.14,0,0,0,0
43.04,16,5311,US,0,1,3,70.51,0.61,0,0,0,0
26.34,12,5814,US,0,1,6,123.39,0.21,0,0,0,0
21.15,9,5732,US,0,1,4,137.56,0.15,0,0,1,0
131.68,11,5912,US,0,0,5,141.26,0.93,0,0,0,0
81.54,21,5912,US,0,1,3,146.87,0.56,0,0,0,0
29.67,17,5541,US,0,0,2,144.39,0.21,0,0,0,0
18.97,8,5732,US,1,1,4,134.22,0.14,0,0,1,0
19.88,11,5541,US,0,0,5,67.99,0.29,0,0,0,0
50.77,11,5812,US,0,0,4,131.15,0.39,0,0,0,0
22.93,12,5311,US,0,1,6,121.41,0.19,0,0,0,0
85.27,22,5732,US,0,1,5,82.43,1.03,0,0,1,0
45.36,15,4121,US,0,1,4,67.95,0.67,0,0,0,0
23.45,15,5732,US,0,2,4,98.62,0.24,0,0,1,0
47.23,14,5732,US,0,1,2,111.33,0.42,0,0,1,0
281.58,11,5812,US,0,0,2,86.51,3.25,0,0,0,0
626.22,12,5732,US,10,16,29,66.66,9.39,0,0,1,1
98.43,16,5812,US,0,1,4,133.59,0.74,0,0,0,0
37.9,17,5732,US,0,0,4,119.3,0.32,0,0,1,0
75.09,19,5812,US,0,0,2,120.08,0.63,0,0,0,0
37.35,18,5814,US,0,0,1,137.68,0.27,0,0,0,0
211.65,4,5732,US,0,1,5,110.83,1.91,0,1,1,0
300.01,11,5411,US,0,1,7,102.93,2.91,0,0,0,0
45.56,13,5814,US,0,1,3,68.18,0.67,0,0,0,0
350.67,19,4829,US,8,15,32,50.63,6.93,0,0,1,1
172.48,22,5411,US,0,0,3,93.9,1.84,0,0,0,0
39.18,15,4121,US,0,1,2,145.8,0.27,0,0,0,0
65.71,11,5411,US,0,0,2,64.38,1.02,0,0,0,0
48.13,13,5732,US,0,2,3,106.23,0.45,0,0,1,0
43.58,12,5411,US,0,1,3,53.33,0.82,0,0,0,0
35.84,15,5541,US,0,1,5,132.75,0.27,0,0,0,0
89.34,12,5912,US,0,2,6,99.42,0.9,0,0,0,0
17.61,10,5411,US,0,0,2,138.18,0.13,0,0,0,0
68.61,14,5311,US,0,3,4,92.68,0.74,0,0,0,0
42.29,7,5812,US,0,2,3,73.46,0.58,0,0,0,0
7.91,16,5541,US,0,1,2,60.51,0.13,0,0,0,0
209.65,15,5732,US,0,0,5,71.43,2.94,0,0,1,0
76.82,8,5411,US,1,1,3,98.9,0.78,0,0,0,0
101.51,12,5311,US,0,0,0,147.16,0.69,0,0,0,0
48.03,10,5912,US,0,0,1,133.85,0.36,0,0,0,0
41.09,5,5814,US,0,0,1,106.21,0.39,0,1,0,0
55.77,17,5912,US,0,1,2,68.96,0.81,0,0,0,0
63.6,4,5732,US,0,0,6,55.92,1.14,0,1,1,0
17.31,13,5912,US,0,1,3,52.55,0.33,0,0,0,0
24.94,18,5912,US,0,0,3,63.78,0.39,0,0,0,0
20.93,15,5812,US,0,0,4,126.71,0.17,0,0,0,0
31.22,7,4121,US,0,2,3,55.98,0.56,0,0,0,0
31.29,15,5812,US,0,0,2,133.54,0.23,0,0,0,0
111.8,14,4121,US,0,0,6,106.08,1.05,0,0,0,0
3951.95,3,6051,UA,1,4,8,94.24,41.93,1,1,1,1
43.99,17,5812,US,0,1,2,102.18,0.43,0,0,0,0
12.28,16,4121,US,0,1,3,88.19,0.14,0,0,0,0
81.67,17,5411,US,0,0,0,137.79,0.59,0,0,0,0
207.7,17,5411,US,0,1,6,93.22,2.23,0,0,0,0
182.62,16,5541,US,0,1,1,76.89,2.38,0,0,0,0
340.05,15,5812,US,0,0,1,84.8,4.01,0,0,0,0
34.29,19,5812,US,0,2,4,145.25,0.24,0,0,0,0
182.2,11,5912,US,0,1,1,81.54,2.23,0,0,0,0
74.58,22,5812,US,0,1,5,129.65,0.58,0,0,0,0
32.7,14,5411,US,0,0,1,77.37,0.42,0,0,0,0
41.65,21,5541,US,1,3,4,78.28,0.53,0,0,0,0
50.0,15,4121,US,0,0,1,104.87,0.48,0,0,0,0
121.46,8,4121,US,0,0,2,148.05,0.82,0,0,0,0
97.03,18,4121,US,0,1,3,92.26,1.05,0,0,0,0
16.1,11,4121,US,0,0,7,78.59,0.2,0,0,0,0
31.82,13,5311,US,0,0,4,119.93,0.27,0,0,0,0
187.14,12,5814,US,0,3,3,136.34,1.37,0,0,0,0
15.49,9,5812,US,1,3,5,62.65,0.25,0,0,0,0
36.6,6,5814,US,0,1,3,148.72,0.25,0,0,0,0
21.49,17,5541,US,0,0,4,86.57,0.25,0,0,0,0
764.39,2,5732,RO,8,15,33,58.43,13.08,1,1,1,1
11.41,14,5814,US,0,0,3,135.95,0.08,0,0,0,0
42.57,13,5541,US,0,4,6,110.71,0.38,0,0,0,0
38.65,6,5812,US,0,0,2,69.72,0.55,0,0,0,0
212.85,12,5732,US,0,1,3,137.39,1.55,0,0,1,0
7280.31,2,6051,CY,2,2,4,54.01,134.8,1,1,1,1
37.65,11,5411,US,0,1,4,136.48,0.28,0,0,0,0
77.8,18,5411,US,1,1,2,85.45,0.91,0,0,0,0
64.02,10,4121,US,0,0,0,141.91,0.45,0,0,0,0
26.71,12,5812,US,0,1,6,69.21,0.39,0,0,0,0
30.32,13,5912,US,1,3,5,140.3,0.22,0,0,0,0
17.05,8,5912,US,0,1,5,120.73,0.14,0,0,0,0
38.38,9,5411,US,1,2,3,99.44,0.39,0,0,0,0
89.37,15,5411,FR,0,2,4,116.54,0.77,1,0,0,0
17.23,18,5814,US,0,2,5,143.47,0.12,0,0,0,0
16.17,15,5732,US,0,0,4,52.65,0.31,0,0,1,0
23.31,14,5732,US,0,1,2,88.57,0.26,0,0,1,0
33.36,10,5912,US,0,1,6,107.57,0.31,0,0,0,0
22.92,12,5541,US,1,2,8,112.01,0.2,0,0,0,0
57.39,7,5732,US,2,2,5,134.28,0.43,0,0,1,0
82.59,12,5732,US,1,2,3,135.46,0.61,0,0,1,0
54.21,15,5812,US,0,0,2,79.86,0.68,0,0,0,0
51.58,8,5411,US,0,1,3,114.23,0.45,0,0,0,0
39.38,17,5541,US,0,0,4,123.15,0.32,0,0,0,0
12.88,11,5411,US,0,1,6,60.73,0.21,0,0,0,0
42.51,7,5814,US,1,4,5,58.91,0.72,0,0,0,0
34.54,18,5732,US,0,0,2,138.2,0.25,0,0,1,0
117.01,21,5411,US,0,0,3,100.31,1.17,0,0,0,0
28.19,13,5541,US,0,1,3,141.31,0.2,0,0,0,0
23.17,12,5812,US,0,1,2,103.37,0.22,0,0,0,0
22.06,18,5732,US,1,1,6,69.23,0.32,0,0,1,0
32.88,8,5411,US,0,6,8,106.85,0.31,0,0,0,0
199.2,15,5814,US,0,0,0,148.79,1.34,0,0,0,0
58.53,12,5541,GB,0,2,4,123.43,0.47,1,0,0,0
71.46,18,5541,US,0,0,3,117.75,0.61,0,0,0,0
11.85,20,5311,US,0,1,3,57.83,0.2,0,0,0,0
35.84,9,5814,US,0,0,3,77.34,0.46,0,0,0,0
66.92,12,5311,US,0,2,7,94.84,0.71,0,0,0,0
16.42,8,5912,JP,0,0,3,140.32,0.12,1,0,0,0
2967.01,15,5944,RU,3,7,11,66.48,44.63,1,0,1,1
153.55,14,5814,US,0,2,2,94.82,1.62,0,0,0,0
59.87,16,5411,US,0,0,4,87.81,0.68,0,0,0,0
25.22,18,4121,US,0,1,4,66.82,0.38,0,0,0,0
199.64,16,5812,US,0,0,2,122.28,1.63,0,0,0,0
175.33,21,5732,US,0,2,3,77.54,2.26,0,0,1,0
510.93,16,5814,US,0,1,4,50.29,10.16,0,0,0,0
1194.76,4,7995,CN,1,5,6,52.73,22.66,1,1,1,1
50.68,13,5411,US,0,1,5,98.62,0.51,0,0,0,0
13.8,14,5311,US,0,3,3,126.91,0.11,0,0,0,0
34.62,23,5311,US,0,2,4,98.72,0.35,0,0,0,0
189.45,14,5812,US,0,1,4,50.67,3.74,0,0,0,0
230.66,15,5812,US,0,1,6,52.18,4.42,0,0,0,0
8.91,16,4121,US,0,2,6,53.01,0.17,0,0,0,0
140.77,4,5812,US,0,1,6,52.48,2.68,0,1,0,0
19.08,13,5732,US,0,0,1,124.44,0.15,0,0,1,0
17.59,21,5732,US,0,1,5,146.87,0.12,0,0,1,0
7.34,14,5814,US,0,1,4,83.98,0.09,0,0,0,0
15.26,8,5411,US,0,1,1,77.68,0.2,0,0,0,0
78.04,13,5411,US,0,1,1,58.44,1.34,0,0,0,0
87.58,9,5411,JP,0,1,1,124.35,0.7,1,0,0,0
150.21,13,5541,US,0,1,5,112.11,1.34,0,0,0,0
165.29,10,5814,US,0,0,1,100.52,1.64,0,0,0,0
21.25,19,5912,US,0,3,5,120.78,0.18,0,0,0,0
485.9,21,7995,RO,6,17,38,91.4,5.32,1,0,1,1
181.54,13,4121,US,0,1,3,145.62,1.25,0,0,0,0
1091.78,13,5912,US,1,1,7,142.81,7.64,0,0,0,0
249.5,11,5541,US,0,2,3,85.27,2.93,0,0,0,0
69.17,12,5814,GB,0,0,3,149.43,0.46,1,0,0,0
36.61,19,5311,US,0,0,2,129.42,0.28,0,0,0,0
45.93,8,4121,US,0,2,5,141.05,0.33,0,0,0,0
92.65,19,5812,US,0,1,2,70.57,1.31,0,0,0,0
34.51,14,5311,US,0,1,4,112.21,0.31,0,0,0,0
339.17,14,4121,US,1,3,7,53.38,6.35,0,0,0,0
10.33,13,5814,US,0,0,1,94.56,0.11,0,0,0,0
76.86,16,5311,GB,0,0,2,79.61,0.97,1,0,0,0
66.14,20,4121,US,0,1,3,143.26,0.46,0,0,0,0
43.44,11,5411,US,0,0,1,138.01,0.31,0,0,0,0
69.21,16,5814,US,0,0,2,96.91,0.71,0,0,0,0
83.8,19,5912,JP,0,0,4,51.79,1.62,1,0,0,0
99.73,15,4121,GB,0,0,2,50.51,1.97,1,0,0,0
203.96,17,5411,US,0,3,8,87.27,2.34,0,0,0,0
387.85,16,4829,RO,5,18,23,54.96,7.06,1,0,1,1
39.32,10,5411,US,0,1,3,123.07,0.32,0,0,0,0
164.39,14,5912,US,1,2,2,54.42,3.02,0,0,0,0
80.46,18,5311,US,0,1,4,140.1,0.57,0,0,0,0
88.99,20,5814,US,1,2,3,141.92,0.63,0,0,0,0
64.31,8,4121,US,0,0,5,118.73,0.54,0,0,0,0
146.09,10,4121,US,0,1,4,51.4,2.84,0,0,0,0
42.16,8,5411,US,0,2,4,116.55,0.36,0,0,0,0
70.54,10,5541,US,0,1,1,93.51,0.75,0,0,0,0
31.05,9,5732,US,0,1,5,86.68,0.36,0,0,1,0
36.84,22,5814,US,0,3,3,59.38,0.62,0,0,0,0
35.31,2,5812,US,0,1,3,64.37,0.55,0,1,0,0
79.65,10,4121,US,1,1,3,104.92,0.76,0,0,0,0
47.55,9,5541,US,0,0,4,103.34,0.46,0,0,0,0
23.33,20,5411,US,0,0,2,136.82,0.17,0,0,0,0
117.11,14,5814,US,1,2,4,108.26,1.08,0,0,0,0
27.15,19,5812,US,0,0,1,122.65,0.22,0,0,0,0
52.31,16,5311,US,0,0,4,92.79,0.56,0,0,0,0
63.94,8,5541,US,0,2,3,111.46,0.57,0,0,0,0
64.75,18,4121,US,0,2,8,58.3,1.11,0,0,0,0
2702.22,14,5732,NG,1,5,5,65.66,41.15,1,0,1,1
23.21,14,5411,US,0,1,1,104.77,0.22,0,0,0,0
14.28,7,5732,US,0,3,6,125.16,0.11,0,0,1,0
78.88,9,5541,US,0,0,0,85.75,0.92,0,0,0,0
20.75,11,5912,US,1,2,5,50.85,0.41,0,0,0,0
83.5,7,5732,US,0,2,3,101.0,0.83,0,0,1,0
57.1,17,5311,JP,0,1,3,53.39,1.07,1,0,0,0
29.59,14,4121,US,0,0,2,140.76,0.21,0,0,0,0
64.11,15,5311,US,0,2,5,132.54,0.48,0,0,0,0
37.72,10,5732,US,1,1,1,105.34,0.36,0,0,1,0
302.19,23,5912,US,0,0,1,144.09,2.1,0,0,0,0
49.59,11,5411,US,0,1,3,146.56,0.34,0,0,0,0
30.49,18,5814,US,0,1,2,118.86,0.26,0,0,0,0
46.82,13,5541,FR,0,0,0,99.37,0.47,1,0,0,0
36.22,8,5812,US,0,0,2,82.48,0.44,0,0,0,0
116.91,20,4121,US,0,1,6,67.06,1.74,0,0,0,0
1770.04,15,7995,NG,1,3,8,88.72,19.95,1,0,1,1
110.74,16,5732,US,1,1,3,103.97,1.07,0,0,1,0
17.03,10,5814,US,0,0,1,70.09,0.24,0,0,0,0
14.32,15,5732,US,0,2,6,57.81,0.25,0,0,1,0
20.15,14,5812,US,1,2,3,70.31,0.29,0,0,0,0
76.8,9,5912,US,0,0,1,54.68,1.4,0,0,0,0
64.3,14,5311,US,1,2,3,109.72,0.59,0,0,0,0
349.2,12,5912,US,0,1,5,96.82,3.61,0,0,0,0
98.63,23,5311,US,0,2,6,100.42,0.98,0,0,0,0
75.06,16,5541,US,1,2,4,57.52,1.3,0,0,0,0
113.35,12,5912,US,1,2,5,113.01,1.0,0,0,0,0
31.14,13,5732,US,0,2,2,131.27,0.24,0,0,1,0
171.2,17,5411,US,0,0,1,89.91,1.9,0,0,0,0
71.72,6,5812,US,0,2,4,143.78,0.5,0,0,0,0
114.51,13,5311,US,0,0,2,91.99,1.24,0,0,0,0
287.11,15,5814,JP,0,0,5,146.17,1.96,1,0,0,0
24.19,18,5912,US,1,1,1,96.46,0.25,0,0,0,0
1281.71,8,5812,US,0,5,6,65.69,19.51,0,0,0,0
96.49,20,5912,US,0,2,4,64.84,1.49,0,0,0,0
45.03,15,5311,GB,0,0,2,58.91,0.76,1,0,0,0
23.24,13,5912,US,0,1,4,133.16,0.17,0,0,0,0
39.43,15,5411,US,0,1,3,95.66,0.41,0,0,0,0
7.14,16,5311,US,0,0,3,114.62,0.06,0,0,0,0
412.6,9,5411,US,0,1,1,104.12,3.96,0,0,0,0
32.6,15,5814,US,0,2,4,120.49,0.27,0,0,0,0
92.01,16,5812,US,0,1,1,75.85,1.21,0,0,0,0
374.71,12,5732,US,0,1,3,145.36,2.58,0,0,1,0
109.7,13,5732,US,0,0,4,59.77,1.84,0,0,1,0
65.89,16,5912,US,0,1,4,52.62,1.25,0,0,0,0
16.53,16,5814,US,0,0,1,52.84,0.31,0,0,0,0
18.14,19,4121,US,1,2,4,54.19,0.33,0,0,0,0
31.74,10,5912,US,0,1,2,81.99,0.39,0,0,0,0
45.01,8,4121,US,0,1,4,91.5,0.49,0,0,0,0
20.42,16,5541,US,0,1,6,93.83,0.22,0,0,0,0
30.33,17,5732,US,1,2,6,112.8,0.27,0,0,1,0
30.43,12,5912,US,1,4,7,128.91,0.24,0,0,0,0
134.41,16,5311,US,0,0,2,106.0,1.27,0,0,0,0
34.84,14,5732,DE,0,0,2,110.12,0.32,1,0,1,0
101.62,15,5732,US,0,2,2,105.93,0.96,0,0,1,0
97.83,6,4121,US,0,1,2,104.1,0.94,0,0,0,0
57.68,9,5541,US,1,3,6,141.41,0.41,0,0,0,0
68.26,3,4121,US,0,2,5,64.86,1.05,0,1,0,0
21.26,13,5812,US,0,0,1,60.15,0.35,0,0,0,0
17.32,15,5812,US,0,1,3,52.2,0.33,0,0,0,0
79.31,9,5411,US,0,2,5,129.53,0.61,0,0,0,0
233.11,12,5732,US,0,1,2,112.13,2.08,0,0,1,0
10.34,17,5541,US,0,0,2,120.6,0.09,0,0,0,0
0.98,12,5311,NG,8,12,20,98.52,0.01,1,0,0,1
22.43,15,5732,US,0,1,4,61.16,0.37,0,0,1,0
19.58,17,5814,US,0,0,3,132.42,0.15,0,0,0,0
40.57,12,5311,US,0,2,6,65.38,0.62,0,0,0,0
101.36,16,5411,US,0,1,3,126.98,0.8,0,0,0,0
116.28,10,5541,US,0,0,1,123.56,0.94,0,0,0,0
11.76,11,5732,US,0,1,3,128.37,0.09,0,0,1,0
26.13,16,5541,US,1,2,2,87.85,0.3,0,0,0,0
57.29,11,5541,US,1,1,7,124.86,0.46,0,0,0,0
118.29,15,5814,US,0,0,3,53.81,2.2,0,0,0,0
10.04,12,4121,US,1,2,6,86.0,0.12,0,0,0,0
34.65,15,4121,US,0,2,8,142.53,0.24,0,0,0,0
10.0,9,5411,US,0,1,3,149.11,0.07,0,0,0,0
245.54,21,7995,US,7,9,30,50.63,4.85,0,0,1,1
90.59,16,5814,US,0,1,1,51.12,1.77,0,0,0,0
72.05,18,5912,US,0,3,10,105.09,0.69,0,0,0,0
11.74,11,5732,US,0,0,3,92.17,0.13,0,0,1,0
9.23,16,5311,US,1,3,6,119.76,0.08,0,0,0,0
148.91,14,5732,US,0,0,3,95.99,1.55,0,0,1,0
12.41,15,4121,US,0,0,1,111.41,0.11,0,0,0,0
32.44,10,5912,US,0,0,1,107.11,0.3,0,0,0,0
45.72,13,5812,US,0,1,4,141.72,0.32,0,0,0,0
18.77,19,4121,US,0,0,2,126.94,0.15,0,0,0,0
8.04,13,5812,US,0,0,6,136.57,0.06,0,0,0,0
25.99,7,5814,US,0,1,7,50.66,0.51,0,0,0,0
38.58,11,5732,US,0,0,2,50.22,0.77,0,0,1,0
131.37,19,5812,US,0,1,4,104.69,1.25,0,0,0,0
166.1,18,5814,US,0,0,3,64.94,2.56,0,0,0,0
120.15,11,5411,US,0,0,2,148.3,0.81,0,0,0,0
18.25,14,5814,US,0,1,3,92.03,0.2,0,0,0,0
36.59,5,5732,US,0,2,6,105.31,0.35,0,1,1,0
193.75,18,5311,US,0,1,7,149.71,1.29,0,0,0,0
76.1,15,5814,US,0,1,3,139.5,0.55,0,0,0,0
132.46,22,5812,US,0,1,1,123.46,1.07,0,0,0,0
153.79,16,5311,US,1,4,7,148.41,1.04,0,0,0,0
128.58,13,5411,US,0,0,1,104.03,1.24,0,0,0,0
72.12,16,5411,US,0,2,6,122.86,0.59,0,0,0,0
67.49,22,5311,US,0,1,4,68.0,0.99,0,0,0,0
265.07,13,5732,US,0,1,4,71.24,3.72,0,0,1,0
117.03,21,4121,US,0,0,3,99.55,1.18,0,0,0,0
240.93,7,5912,US,0,1,2,143.54,1.68,0,0,0,0
35.94,12,5732,US,0,2,6,124.72,0.29,0,0,1,0
135.97,7,5311,US,1,2,7,86.11,1.58,0,0,0,0
18.01,14,5814,US,2,4,7,107.89,0.17,0,0,0,0
2881.43,15,4829,RU,4,8,9,43.71,65.92,1,0,1,1
156.35,14,4121,US,1,3,3,66.19,2.36,0,0,0,0
21.81,13,5541,US,0,1,4,72.75,0.3,0,0,0,0
66.64,17,5814,US,0,0,0,104.2,0.64,0,0,0,0
179.59,16,5814,GB,0,0,3,57.3,3.13,1,0,0,0
25.28,11,5814,US,0,1,3,143.83,0.18,0,0,0,0
270.15,13,5912,US,0,1,2,69.89,3.87,0,0,0,0
14.95,5,5812,US,0,2,6,115.27,0.13,0,1,0,0
36.37,11,5311,US,0,0,2,144.67,0.25,0,0,0,0
17.53,13,5311,US,0,0,6,71.84,0.24,0,0,0,0
22.29,16,5814,US,0,3,12,112.65,0.2,0,0,0,0
31.22,13,5812,US,0,2,4,113.78,0.27,0,0,0,0
174.62,12,5814,US,0,0,3,100.09,1.74,0,0,0,0
66.99,15,5411,US,0,0,3,92.42,0.72,0,0,0,0
10.75,11,5812,US,0,1,3,114.46,0.09,0,0,0,0
18.06,11,4121,US,1,2,2,96.86,0.19,0,0,0,0
35.4,19,5732,US,1,1,7,80.61,0.44,0,0,1,0
13.11,8,5732,GB,0,0,2,86.41,0.15,1,0,1,0
22.21,14,5732,US,0,3,3,62.14,0.36,0,0,1,0
9.19,16,5311,US,0,3,3,58.02,0.16,0,0,0,0
69.73,16,5411,US,0,1,3,94.12,0.74,0,0,0,0
59.38,10,5732,US,0,3,5,123.96,0.48,0,0,1,0
70.76,10,5541,US,0,0,5,120.43,0.59,0,0,0,0
226.33,15,5812,US,0,0,3,79.12,2.86,0,0,0,0
44.0,18,5411,US,1,1,3,66.8,0.66,0,0,0,0
90.29,15,5912,US,0,0,2,80.24,1.13,0,0,0,0
2278.01,8,5944,NG,3,4,11,87.51,26.03,1,0,1,1
33.43,8,5311,US,0,0,1,144.56,0.23,0,0,0,0
18.55,10,5541,US,0,1,4,54.06,0.34,0,0,0,0
17.55,9,4121,US,1,1,5,122.15,0.14,0,0,0,0
42.41,15,5541,US,0,2,3,110.59,0.38,0,0,0,0
796.17,10,6051,NG,1,8,6,73.57,10.82,1,0,1,1
53.02,12,5411,US,0,2,4,66.88,0.79,0,0,0,0
80.0,15,5812,US,0,2,2,116.74,0.69,0,0,0,0
74.03,18,5541,US,0,2,6,83.97,0.88,0,0,0,0
17.63,13,5812,US,1,2,5,56.43,0.31,0,0,0,0
115.21,20,4121,US,0,0,4,143.19,0.8,0,0,0,0
19.91,15,5311,US,0,0,2,126.69,0.16,0,0,0,0
33.15,16,5912,US,0,0,1,147.22,0.23,0,0,0,0
46.71,13,4121,GB,1,1,7,103.09,0.45,1,0,0,0
24.79,13,5411,US,0,1,2,95.78,0.26,0,0,0,0
83.5,18,5812,US,0,0,0,50.65,1.65,0,0,0,0
19.51,12,5732,US,0,0,1,137.69,0.14,0,0,1,0
51.84,13,5732,US,0,0,2,72.62,0.71,0,0,1,0
41.92,13,4121,FR,0,3,5,118.82,0.35,1,0,0,0
45.53,4,5812,US,0,1,3,118.27,0.38,0,1,0,0
38.28,23,5812,US,0,0,4,60.48,0.63,0,0,0,0
26.06,15,5541,US,0,0,4,141.43,0.18,0,0,0,0
15.02,17,5814,US,0,0,1,105.36,0.14,0,0,0,0
35.17,10,5812,US,0,1,6,130.75,0.27,0,0,0,0
61.9,13,5912,US,0,1,3,115.43,0.54,0,0,0,0
196.0,10,5912,US,1,1,3,96.13,2.04,0,0,0,0
409.66,22,5944,RO,9,11,34,58.29,7.03,1,0,1,1
59.09,13,4121,US,1,2,5,63.51,0.93,0,0,0,0
8.1,13,5311,US,0,0,4,64.02,0.13,0,0,0,0
28.22,10,5814,US,0,2,4,142.23,0.2,0,0,0,0
24.21,23,5411,US,0,1,2,146.24,0.17,0,0,0,0
41.2,14,5541,US,1,2,4,64.87,0.64,0,0,0,0
53.53,7,5311,US,0,2,3,131.27,0.41,0,0,0,0
111.23,14,5912,US,0,1,1,93.2,1.19,0,0,0,0
38.45,12,5732,US,1,1,5,88.14,0.44,0,0,1,0
17.08,14,5812,US,0,2,4,67.87,0.25,0,0,0,0
46.52,23,5814,US,0,0,2,106.46,0.44,0,0,0,0
40.23,16,5912,US,0,0,3,90.67,0.44,0,0,0,0
29.03,19,5912,FR,0,2,6,141.13,0.21,1,0,0,0
13.18,17,5732,US,0,1,4,97.9,0.13,0,0,1,0
39.13,18,5814,US,0,0,3,134.86,0.29,0,0,0,0
17.49,14,5812,US,0,0,3,119.29,0.15,0,0,0,0
193.23,4,5912,US,0,1,4,50.12,3.86,0,1,0,0
13.08,18,5814,US,0,0,1,70.78,0.18,0,0,0,0
70.24,10,5912,US,0,1,1,98.07,0.72,0,0,0,0
143.15,10,5541,US,0,0,2,121.26,1.18,0,0,0,0
21.93,15,5311,US,0,0,3,72.14,0.3,0,0,0,0
62.9,14,5411,US,0,0,5,121.44,0.52,0,0,0,0
21.8,7,5411,US,0,0,1,56.32,0.39,0,0,0,0
19.61,11,4121,US,0,1,4,72.95,0.27,0,0,0,0
10.17,11,5541,US,0,2,3,53.4,0.19,0,0,0,0
149.04,12,5812,US,0,0,2,131.25,1.14,0,0,0,0
93.79,11,5541,US,0,1,4,118.49,0.79,0,0,0,0
40.76,18,5411,JP,0,2,5,125.37,0.33,1,0,0,0
9.32,21,4121,US,0,3,4,57.25,0.16,0,0,0,0
4.65,11,5732,US,1,2,4,104.14,0.04,0,0,1,0
125.17,14,5541,US,1,3,9,146.6,0.85,0,0,0,0
66.42,13,4121,US,0,1,4,140.53,0.47,0,0,0,0
112.47,16,5814,US,1,2,6,126.8,0.89,0,0,0,0
18.77,13,5732,US,0,0,2,89.93,0.21,0,0,1,0
28.75,13,5912,US,0,4,8,90.59,0.32,0,0,0,0
11.9,22,5541,US,1,1,5,50.54,0.24,0,0,0,0
28.15,11,5912,US,0,0,0,122.41,0.23,0,0,0,0
48.07,8,4121,US,0,0,3,129.06,0.37,0,0,0,0
71.0,13,5411,US,0,0,2,103.62,0.69,0,0,0,0
161.82,15,5541,US,0,0,4,118.24,1.37,0,0,0,0
54.8,18,5812,US,0,1,6,103.64,0.53,0,0,0,0
50.65,16,5912,US,1,1,1,134.98,0.38,0,0,0,0
26.93,19,5812,US,1,1,2,135.7,0.2,0,0,0,0
9.18,18,5411,US,1,3,4,81.75,0.11,0,0,0,0
20.66,8,5912,JP,1,1,4,96.29,0.21,1,0,0,0
61.91,12,5732,US,0,2,5,147.29,0.42,0,0,1,0
33.82,12,5411,US,0,0,3,62.34,0.54,0,0,0,0
37.68,11,5541,US,0,0,3,88.73,0.42,0,0,0,0
162.59,19,5912,US,0,1,3,149.69,1.09,0,0,0,0
27.12,7,5411,US,0,0,4,146.9,0.18,0,0,0,0
242.1,15,5411,US,0,0,4,70.5,3.43,0,0,0,0
76.17,14,5814,US,0,2,3,113.83,0.67,0,0,0,0
39.15,19,5814,US,0,1,2,133.76,0.29,0,0,0,0
74.77,16,5912,US,1,2,5,72.15,1.04,0,0,0,0
125.22,15,5411,US,0,0,5,76.38,1.64,0,0,0,0
90.65,13,5732,US,0,0,1,117.45,0.77,0,0,1,0
113.35,17,5814,US,0,0,2,56.24,2.02,0,0,0,0
33.97,7,5411,US,0,0,1,59.7,0.57,0,0,0,0
49.18,8,5311,US,0,1,3,125.82,0.39,0,0,0,0
184.43,19,5812,US,0,1,3,75.75,2.43,0,0,0,0
18.58,16,5311,US,0,0,1,127.82,0.15,0,0,0,0
81.75,13,5812,FR,0,2,8,76.66,1.07,1,0,0,0
19.28,16,4121,US,0,1,2,52.8,0.37,0,0,0,0
29.28,10,5812,US,0,1,4,98.15,0.3,0,0,0,0
262.32,16,4121,US,0,1,1,70.53,3.72,0,0,0,0
7.88,11,5814,US,1,2,6,101.79,0.08,0,0,0,0
60.49,12,4121,US,0,0,1,109.38,0.55,0,0,0,0
31.56,21,5541,US,0,2,4,86.46,0.37,0,0,0,0
18.01,15,5311,US,0,0,4,119.48,0.15,0,0,0,0
17.23,4,4121,US,1,1,3,133.71,0.13,0,1,0,0
65.81,8,5541,US,0,4,7,67.96,0.97,0,0,0,0
19.16,16,5812,US,0,1,3,100.64,0.19,0,0,0,0
82.59,12,5541,US,0,1,3,52.29,1.58,0,0,0,0
32.08,18,5732,US,0,0,3,130.86,0.25,0,0,1,0
26.91,9,5541,US,0,6,8,130.86,0.21,0,0,0,0
46.38,15,5912,US,0,1,4,52.44,0.88,0,0,0,0
74.85,22,5814,US,0,2,6,87.21,0.86,0,0,0,0
18.44,19,4121,US,0,0,0,96.65,0.19,0,0,0,0
35.14,11,5814,US,0,0,2,108.26,0.32,0,0,0,0
85.99,11,5541,US,0,2,4,110.85,0.78,0,0,0,0
70.0,17,5541,US,0,1,3,121.57,0.58,0,0,0,0
178.5,11,5814,US,0,0,3,149.52,1.19,0,0,0,0
74.76,19,5732,US,0,3,7,110.28,0.68,0,0,1,0
12.89,8,4121,US,1,1,2,65.37,0.2,0,0,0,0
127.1,21,5812,US,0,0,1,123.57,1.03,0,0,0,0
59.06,12,4121,US,0,0,1,135.64,0.44,0,0,0,0
10.29,16,5732,US,0,1,4,116.61,0.09,0,0,1,0
86.57,16,5812,US,0,1,3,140.9,0.61,0,0,0,0
13.57,23,5732,US,0,0,2,72.9,0.19,0,0,1,0
21.73,15,5732,US,0,1,5,86.93,0.25,0,0,1,0
870.03,21,5944,GB,7,21,38,58.67,14.83,1,0,1,1
1241.56,8,7995,RU,2,7,6,64.03,19.39,1,0,1,1
13.97,15,5311,US,0,1,1,69.74,0.2,0,0,0,0
47.7,17,5912,US,0,1,3,104.1,0.46,0,0,0,0
29.32,16,5311,US,0,0,1,112.26,0.26,0,0,0,0
24.06,16,5411,US,0,1,6,93.1,0.26,0,0,0,0
39.48,9,5814,US,0,0,1,147.55,0.27,0,0,0,0
67.7,6,5814,US,0,0,2,104.97,0.64,0,0,0,0
117.46,14,5814,US,1,2,6,125.25,0.94,0,0,0,0
60.2,22,5912,US,0,1,3,126.14,0.48,0,0,0,0
156.98,12,5541,US,0,0,7,93.92,1.67,0,0,0,0
106.17,15,5814,US,0,0,3,80.24,1.32,0,0,0,0
4902.63,0,5944,UA,2,3,4,50.33,97.41,1,1,1,1
96.47,13,5411,US,1,1,6,94.16,1.02,0,0,0,0
98.69,7,5541,US,0,1,4,124.97,0.79,0,0,0,0
78.46,15,4121,US,0,0,0,132.27,0.59,0,0,0,0
13.58,19,5814,US,0,0,0,85.07,0.16,0,0,0,0
71.74,20,4121,US,0,3,4,56.29,1.27,0,0,0,0
175.06,15,5732,US,1,2,6,129.97,1.35,0,0,1,0
62.27,11,5541,US,0,0,2,132.43,0.47,0,0,0,0
49.82,15,5814,US,0,2,8,106.62,0.47,0,0,0,0
34.0,14,5541,US,0,3,3,110.09,0.31,0,0,0,0
15.59,14,4121,US,0,1,7,56.09,0.28,0,0,0,0
32.86,15,5541,US,0,1,2,126.53,0.26,0,0,0,0
17.93,13,5812,US,0,0,3,91.16,0.2,0,0,0,0
32.44,12,5411,US,0,0,6,117.67,0.28,0,0,0,0
67.91,19,5912,US,0,2,6,134.47,0.51,0,0,0,0
12.88,22,5311,US,0,0,2,111.39,0.12,0,0,0,0
67.47,8,5814,US,1,2,6,121.08,0.56,0,0,0,0
9.97,14,5311,US,0,0,2,86.86,0.11,0,0,0,0
335.72,14,5411,US,0,0,3,89.44,3.75,0,0,0,0
29.4,13,5732,US,0,0,1,84.73,0.35,0,0,1,0
34.23,13,5541,US,0,2,4,82.05,0.42,0,0,0,0
44.48,13,5812,US,0,3,6,53.82,0.83,0,0,0,0
30.01,22,5814,US,0,0,4,74.17,0.4,0,0,0,0
66.64,6,5411,US,0,0,3,65.15,1.02,0,0,0,0
19.82,19,4121,US,1,2,2,86.27,0.23,0,0,0,0
142.54,17,5812,US,0,1,3,76.97,1.85,0,0,0,0
87.61,12,5912,US,0,0,2,74.62,1.17,0,0,0,0
55.99,15,5814,US,1,1,3,76.12,0.74,0,0,0,0
84.38,16,4121,US,0,1,1,88.25,0.96,0,0,0,0
34.95,14,4121,DE,0,0,4,107.35,0.33,1,0,0,0
65.58,9,5311,US,0,0,4,148.99,0.44,0,0,0,0
12.45,19,5311,US,0,2,4,80.64,0.15,0,0,0,0
4.53,7,5541,US,0,0,3,51.67,0.09,0,0,0,0
125.39,9,5411,US,1,2,2,140.38,0.89,0,0,0,0
15.27,19,5411,US,0,1,5,69.73,0.22,0,0,0,0
21.91,8,5812,US,0,2,3,91.22,0.24,0,0,0,0
1.97,13,5311,NG,7,30,49,95.01,0.02,1,0,0,1
53.67,19,5814,US,0,1,2,97.06,0.55,0,0,0,0
31.02,14,5311,US,0,0,5,78.06,0.4,0,0,0,0
1859.75,4,6051,CN,3,5,9,98.54,18.87,1,1,1,1
64.1,18,5814,US,0,1,5,130.89,0.49,0,0,0,0
112.4,15,4121,US,3,3,8,62.03,1.81,0,0,0,0
52.68,9,5812,US,0,0,1,94.15,0.56,0,0,0,0
51.5,7,5411,US,0,1,4,98.28,0.52,0,0,0,0
55.14,14,5912,US,0,1,1,71.23,0.77,0,0,0,0
76.02,17,5541,US,0,0,1,105.37,0.72,0,0,0,0
65.35,13,5311,US,0,1,3,95.65,0.68,0,0,0,0
25.65,20,5411,US,0,2,4,122.58,0.21,0,0,0,0
18.18,8,5912,US,1,3,5,108.78,0.17,0,0,0,0
21.35,17,5411,US,0,0,3,102.89,0.21,0,0,0,0
10.56,9,5411,US,0,0,1,82.19,0.13,0,0,0,0
109.11,10,4121,US,0,1,1,51.59,2.11,0,0,0,0
62.67,13,5812,US,1,1,5,114.82,0.55,0,0,0,0
22.95,8,5912,US,0,1,2,142.03,0.16,0,0,0,0
21.31,7,5814,US,0,0,2,58.35,0.37,0,0,0,0
18.62,15,5411,US,0,0,2,60.29,0.31,0,0,0,0
27.05,10,5814,US,0,0,4,143.75,0.19,0,0,0,0
186.26,14,5541,US,0,1,7,97.08,1.92,0,0,0,0
24.76,11,5732,US,0,0,2,97.97,0.25,0,0,1,0
110.72,15,5732,US,0,1,4,82.37,1.34,0,0,1,0
51.22,18,4121,US,0,1,5,102.93,0.5,0,0,0,0
26.01,14,4121,US,0,0,3,117.07,0.22,0,0,0,0
14.89,17,5541,US,0,0,3,148.32,0.1,0,0,0,0
80.18,16,5814,US,0,1,1,64.83,1.24,0,0,0,0
101.99,13,5311,US,0,1,1,73.49,1.39,0,0,0,0
52.27,18,5812,US,0,0,1,115.98,0.45,0,0,0,0
25.3,16,5812,US,0,0,5,149.15,0.17,0,0,0,0
8.26,20,5814,US,0,1,3,86.56,0.1,0,0,0,0
75.1,16,5814,US,0,1,4,75.58,0.99,0,0,0,0
97.85,15,4121,US,0,1,3,97.23,1.01,0,0,0,0
32.12,7,4121,US,0,1,3,76.76,0.42,0,0,0,0
17.74,18,5411,US,0,1,4,133.76,0.13,0,0,0,0
13.85,16,5812,US,0,1,5,110.54,0.13,0,0,0,0
65.54,11,5311,US,0,2,8,96.42,0.68,0,0,0,0
55.79,16,5732,US,1,1,4,116.3,0.48,0,0,1,0
37.25,16,5814,US,0,2,3,85.55,0.44,0,0,0,0
392.49,16,5812,US,0,2,5,84.29,4.66,0,0,0,0
40.03,13,5912,US,0,0,2,76.94,0.52,0,0,0,0
65.01,13,5912,US,0,0,1,112.11,0.58,0,0,0,0
153.66,3,7995,GB,6,14,25,99.31,1.55,1,1,1,1
44.41,14,5732,US,0,1,5,81.64,0.54,0,0,1,0
6172.36,4,5732,RO,2,5,5,89.29,69.13,1,1,1,1
30.26,6,5311,US,0,0,4,128.58,0.24,0,0,0,0
5004.27,0,5732,US,2,6,10,59.56,84.02,0,1,1,1
17.56,20,5732,US,0,0,1,70.54,0.25,0,0,1,0
38.23,12,5912,US,0,0,3,65.34,0.59,0,0,0,0
4475.04,2,5944,CY,3,6,4,53.81,83.16,1,1,1,1
21.52,14,5411,US,0,1,4,112.89,0.19,0,0,0,0
5.79,11,5732,US,0,1,5,111.88,0.05,0,0,1,0
33.87,14,5311,US,0,0,3,120.44,0.28,0,0,0,0
6743.81,5,5944,CN,2,2,9,52.37,128.77,1,1,1,1
25.37,12,4121,US,0,0,0,127.67,0.2,0,0,0,0
44.81,14,5814,US,0,2,5,106.98,0.42,0,0,0,0
37.33,11,5732,US,0,1,4,85.42,0.44,0,0,1,0
23.94,15,5311,US,1,1,1,119.34,0.2,0,0,0,0
13.98,17,5814,US,0,1,7,121.54,0.12,0,0,0,0
37.66,13,5541,US,0,2,2,92.64,0.41,0,0,0,0
12.46,15,4121,US,0,0,1,139.58,0.09,0,0,0,0
165.12,16,4121,US,0,1,2,65.86,2.51,0,0,0,0
16.42,14,5812,US,1,2,4,127.48,0.13,0,0,0,0
19.78,9,5912,US,0,0,5,71.38,0.28,0,0,0,0
19.29,10,5411,US,0,1,2,139.24,0.14,0,0,0,0
94.71,11,5732,US,0,1,4,125.16,0.76,0,0,1,0
79.78,14,5812,US,1,1,3,130.12,0.61,0,0,0,0
27.42,11,5812,US,0,1,3,131.68,0.21,0,0,0,0
75.35,9,4121,US,0,1,5,85.2,0.88,0,0,0,0
19.82,18,5912,US,0,0,1,125.7,0.16,0,0,0,0
56.9,22,5732,US,0,2,3,142.98,0.4,0,0,1,0
15.57,10,4121,US,0,1,4,144.78,0.11,0,0,0,0
122.87,10,5311,US,0,2,3,116.45,1.06,0,0,0,0
85.95,20,4121,US,0,0,3,109.53,0.78,0,0,0,0
92.81,17,5912,US,0,1,5,56.07,1.66,0,0,0,0
13.78,22,5411,US,0,0,2,92.16,0.15,0,0,0,0
21.19,13,5812,US,0,1,2,135.95,0.16,0,0,0,0
11.16,11,5912,US,1,3,5,138.53,0.08,0,0,0,0
13.46,17,4121,US,0,0,1,141.8,0.09,0,0,0,0
82.9,17,5812,US,0,0,3,125.97,0.66,0,0,0,0
38.27,19,5812,US,0,2,5,69.12,0.55,0,0,0,0
43.98,9,5541,US,1,3,6,103.19,0.43,0,0,0,0
178.96,14,5912,US,0,2,8,120.37,1.49,0,0,0,0
47.08,10,5541,US,0,1,3,73.59,0.64,0,0,0,0
63.91,15,5411,US,0,1,1,52.59,1.22,0,0,0,0
32.0,8,5311,US,0,0,4,144.82,0.22,0,0,0,0
2.8,23,5311,US,8,20,45,79.68,0.04,0,0,0,1
171.25,5,4121,US,0,0,3,69.45,2.47,0,1,0,0
16.93,7,5732,US,0,0,7,58.57,0.29,0,0,1,0
30.84,15,5411,US,0,0,3,130.88,0.24,0,0,0,0
335.34,16,5814,US,0,0,4,54.4,6.16,0,0,0,0
37.4,8,5732,US,1,2,4,80.92,0.46,0,0,1,0
2102.56,5,6051,RU,1,5,5,81.04,25.94,1,1,1,1
59.23,12,5411,US,0,1,3,72.4,0.82,0,0,0,0
51.04,9,5732,US,0,0,2,50.1,1.02,0,0,1,0
50.61,11,5541,US,1,2,4,79.32,0.64,0,0,0,0
74.85,14,5814,US,0,2,5,112.38,0.67,0,0,0,0
9239.15,2,6051,NG,2,4,5,87.79,105.24,1,1,1,1
842.27,9,4829,GB,7,19,36,73.6,11.44,1,0,1,1
7.29,7,5541,US,2,6,9,149.65,0.05,0,0,0,0
13.08,10,4121,US,0,1,1,94.7,0.14,0,0,0,0
75.38,12,5411,US,0,1,3,147.81,0.51,0,0,0,0
101.77,11,5732,US,0,0,4,138.54,0.73,0,0,1,0
58.78,16,5732,US,0,1,4,64.1,0.92,0,0,1,0
37.36,10,5912,US,0,0,1,51.47,0.73,0,0,0,0
30.87,10,5411,US,0,0,1,95.62,0.32,0,0,0,0
20.56,20,5812,US,0,0,6,118.61,0.17,0,0,0,0
38.62,9,5732,US,0,1,4,63.33,0.61,0,0,1,0
39.4,19,5411,US,1,2,3,116.78,0.34,0,0,0,0
145.24,7,5814,US,0,1,3,53.23,2.73,0,0,0,0
17.12,14,5541,US,0,0,8,149.7,0.11,0,0,0,0
86.11,18,5814,US,0,0,1,110.51,0.78,0,0,0,0
14.63,23,5912,US,0,0,1,106.53,0.14,0,0,0,0
12.46,10,5411,US,0,0,0,108.63,0.11,0,0,0,0
2908.6,20,6051,RU,2,2,6,72.64,40.04,1,0,1,1
15.05,14,5732,CA,0,0,1,98.59,0.15,1,0,1,0
27.92,8,5411,US,0,0,1,125.96,0.22,0,0,0,0
39.15,12,5812,US,0,1,6,120.91,0.32,0,0,0,0
22.63,15,4121,US,0,1,3,121.54,0.19,0,0,0,0
246.24,15,5311,US,0,2,5,135.4,1.82,0,0,0,0
12.68,10,5814,US,0,1,1,89.88,0.14,0,0,0,0
2773.28,1,5732,RU,2,5,12,69.29,40.02,1,1,1,1
31.55,10,5912,US,1,2,9,145.16,0.22,0,0,0,0
39.14,18,5912,US,0,0,3,128.11,0.31,0,0,0,0
46.53,10,5912,US,0,0,2,135.44,0.34,0,0,0,0
17.16,14,5311,CA,1,1,2,129.12,0.13,1,0,0,0
108.95,10,4121,US,0,1,2,82.38,1.32,0,0,0,0
53.25,12,5311,US,0,3,4,50.55,1.05,0,0,0,0
259.01,14,7995,US,5,20,27,46.25,5.6,0,0,1,1
25.78,16,5541,US,1,2,5,52.79,0.49,0,0,0,0
58.57,8,5912,US,0,1,2,89.78,0.65,0,0,0,0
44.83,22,5411,US,0,1,3,131.15,0.34,0,0,0,0
45.24,18,5812,US,1,1,1,137.37,0.33,0,0,0,0
51.23,13,5814,US,0,0,2,122.12,0.42,0,0,0,0
45.72,17,4121,US,0,1,5,126.56,0.36,0,0,0,0
180.09,19,5814,US,0,0,5,147.42,1.22,0,0,0,0
61.33,11,4121,US,0,3,5,129.08,0.48,0,0,0,0
97.41,14,5541,US,0,0,2,91.47,1.06,0,0,0,0
18.45,7,5311,US,0,1,3,139.51,0.13,0,0,0,0
199.56,11,5732,US,0,2,5,53.01,3.76,0,0,1,0
9.87,11,5912,US,1,2,5,92.73,0.11,0,0,0,0
77.0,18,5732,US,0,1,5,122.72,0.63,0,0,1,0
75.87,14,4121,US,0,1,6,75.08,1.01,0,0,0,0
128.02,10,5541,GB,0,1,5,146.6,0.87,1,0,0,0
110.3,20,5814,US,2,2,5,84.82,1.3,0,0,0,0
9.16,18,5311,US,1,1,2,116.45,0.08,0,0,0,0
90.91,15,5732,GB,0,0,2,102.02,0.89,1,0,1,0
45.72,10,5541,US,0,1,5,72.66,0.63,0,0,0,0
34.19,5,5814,US,0,0,6,75.83,0.45,0,1,0,0
40.16,16,4121,US,1,3,5,130.0,0.31,0,0,0,0
22.9,10,5411,US,0,0,1,82.02,0.28,0,0,0,0
23.15,22,5812,US,0,1,4,76.52,0.3,0,0,0,0
38.16,23,5541,US,1,1,1,148.21,0.26,0,0,0,0
81.01,17,5541,US,0,2,4,141.21,0.57,0,0,0,0
46.75,10,5311,US,0,1,3,59.29,0.79,0,0,0,0
136.06,10,5812,US,0,0,0,73.51,1.85,0,0,0,0
34.9,10,5912,US,0,0,2,113.0,0.31,0,0,0,0
83.51,16,5812,US,0,1,3,116.26,0.72,0,0,0,0
31.25,20,5812,US,0,0,3,111.2,0.28,0,0,0,0
33.98,13,4121,US,1,1,2,80.76,0.42,0,0,0,0
107.98,16,5732,CA,0,1,5,118.86,0.91,1,0,1,0
105.2,13,5541,US,0,0,3,82.27,1.28,0,0,0,0
16.41,21,5411,GB,0,2,6,64.36,0.25,1,0,0,0
44.87,6,5812,US,1,1,5,96.92,0.46,0,0,0,0
82.42,11,5541,US,0,0,3,77.57,1.06,0,0,0,0
59.77,18,5732,US,0,2,6,87.04,0.69,0,0,1,0
92.75,20,5541,US,0,1,5,85.58,1.08,0,0,0,0
253.43,18,5541,US,0,1,2,79.41,3.19,0,0,0,0
158.75,7,7995,US,5,13,21,68.78,2.31,0,0,1,1
88.06,9,4121,US,0,0,4,130.24,0.68,0,0,0,0
52.08,15,5732,US,0,0,5,58.19,0.89,0,0,1,0
165.91,11,5814,US,0,2,4,80.92,2.05,0,0,0,0
38.39,16,5732,US,0,2,4,69.94,0.55,0,0,1,0
9.83,11,5912,US,0,0,7,70.55,0.14,0,0,0,0
86.33,11,5411,US,0,0,3,122.46,0.7,0,0,0,0
16.7,15,5541,US,1,3,7,99.7,0.17,0,0,0,0
58.03,13,5912,US,0,1,7,69.21,0.84,0,0,0,0
15.54,16,5732,US,0,0,1,147.85,0.11,0,0,1,0
190.46,17,4121,US,0,1,4,99.52,1.91,0,0,0,0
51.65,10,5912,US,0,0,6,93.79,0.55,0,0,0,0
26.57,21,5812,US,0,0,2,92.01,0.29,0,0,0,0
66.6,15,5732,US,1,2,3,123.87,0.54,0,0,1,0
49.96,14,5411,US,0,2,6,89.56,0.56,0,0,0,0
152.77,11,5814,US,1,2,2,95.82,1.59,0,0,0,0
35.86,16,5732,US,1,1,5,122.2,0.29,0,0,1,0
166.8,10,5311,US,0,0,1,137.65,1.21,0,0,0,0
41.3,13,5812,US,0,1,6,126.9,0.33,0,0,0,0
139.48,11,4121,US,0,0,2,65.19,2.14,0,0,0,0
42.07,15,5311,US,1,2,5,81.12,0.52,0,0,0,0
9.9,17,5814,US,1,3,7,101.7,0.1,0,0,0,0
315.85,13,5814,US,1,1,2,123.84,2.55,0,0,0,0
43.36,17,5812,US,0,1,3,140.89,0.31,0,0,0,0
41.23,13,5541,US,1,1,3,100.89,0.41,0,0,0,0
108.91,12,5732,US,0,0,0,105.51,1.03,0,0,1,0
276.18,18,5912,US,0,0,2,108.4,2.55,0,0,0,0
28.07,14,5814,US,1,1,4,72.66,0.39,0,0,0,0
6.12,10,5912,US,0,0,3,89.05,0.07,0,0,0,0
24.98,23,5541,US,0,0,0,124.16,0.2,0,0,0,0
8.05,16,4121,US,0,1,5,135.22,0.06,0,0,0,0
14.8,18,5912,US,0,1,3,55.19,0.27,0,0,0,0
244.65,18,5912,US,0,0,5,147.19,1.66,0,0,0,0
27.64,4,5814,US,0,1,2,149.97,0.18,0,1,0,0
131.29,13,5812,US,0,0,2,91.63,1.43,0,0,0,0
27.74,15,5411,US,0,2,4,78.6,0.35,0,0,0,0
100.82,5,5912,US,0,3,3,78.81,1.28,0,1,0,0
91.37,16,5411,US,0,0,0,121.35,0.75,0,0,0,0
154.51,9,4121,US,0,1,3,146.07,1.06,0,0,0,0
146.89,13,5411,US,0,3,7,101.96,1.44,0,0,0,0
8.46,14,4121,US,0,0,4,66.09,0.13,0,0,0,0
2.98,16,5311,US,6,18,17,94.67,0.03,0,0,0,1
9.9,9,5812,US,0,0,3,129.4,0.08,0,0,0,0
52.68,16,5311,US,0,1,3,134.16,0.39,0,0,0,0
51.71,23,5732,GB,0,1,3,93.25,0.55,1,0,1,0
629.6,21,4829,GB,6,24,28,64.37,9.78,1,0,1,1
65.29,16,5812,US,0,1,1,115.55,0.57,0,0,0,0
96.83,10,5814,US,0,0,3,68.48,1.41,0,0,0,0
102.99,14,5812,US,1,2,4,54.56,1.89,0,0,0,0
7.23,13,5814,US,1,2,8,79.24,0.09,0,0,0,0
10.36,8,5732,US,0,1,5,104.09,0.1,0,0,1,0
59.91,11,5912,US,0,1,5,85.28,0.7,0,0,0,0
96.29,16,5732,US,0,2,4,81.55,1.18,0,0,1,0
2333.18,0,6051,RU,2,4,12,53.73,43.42,1,1,1,1
9.44,13,5912,US,0,0,0,64.12,0.15,0,0,0,0
84.35,6,5541,US,0,1,4,83.04,1.02,0,0,0,0
15.83,18,5732,US,0,2,5,90.88,0.17,0,0,1,0
53.27,8,4121,US,0,1,2,77.01,0.69,0,0,0,0
52.9,12,5812,US,1,1,2,67.21,0.79,0,0,0,0
14.59,12,5411,US,0,0,1,145.0,0.1,0,0,0,0
27.37,9,5541,US,0,2,4,65.35,0.42,0,0,0,0
29.57,13,5814,US,0,1,5,141.5,0.21,0,0,0,0
42.02,15,5732,US,0,1,6,76.6,0.55,0,0,1,0
49.25,16,5814,US,0,2,6,58.22,0.85,0,0,0,0
17.35,13,5411,US,0,0,3,129.33,0.13,0,0,0,0
73.58,17,5732,US,0,0,1,115.99,0.63,0,0,1,0
139.75,3,5812,US,0,1,3,102.17,1.37,0,1,0,0
120.48,14,5311,US,0,0,1,73.87,1.63,0,0,0,0
16.81,12,5311,US,0,0,0,61.49,0.27,0,0,0,0
58.31,14,5732,US,0,0,1,123.15,0.47,0,0,1,0
28.12,13,4121,US,0,2,4,66.93,0.42,0,0,0,0
164.0,10,5812,US,0,0,5,122.25,1.34,0,0,0,0
181.91,12,5812,US,0,1,5,117.1,1.55,0,0,0,0
39.9,17,5311,US,0,0,4,63.03,0.63,0,0,0,0
19.14,20,5541,US,0,2,4,142.05,0.13,0,0,0,0
69.5,16,5814,US,0,1,2,88.25,0.79,0,0,0,0
47.28,15,5814,US,0,1,1,140.64,0.34,0,0,0,0
139.07,11,5311,US,0,0,3,61.79,2.25,0,0,0,0
30.37,15,5411,US,0,1,4,130.1,0.23,0,0,0,0
17.46,16,5541,US,0,0,0,138.73,0.13,0,0,0,0
202.27,12,5912,US,0,1,3,134.13,1.51,0,0,0,0
40.97,12,5732,US,1,2,8,142.74,0.29,0,0,1,0
199.54,14,5311,US,0,1,3,97.91,2.04,0,0,0,0
131.51,13,5411,US,0,1,4,104.21,1.26,0,0,0,0
129.94,11,5912,US,0,1,4,74.96,1.73,0,0,0,0
38.58,10,5814,US,0,0,2,99.73,0.39,0,0,0,0
41.48,16,4121,US,1,2,7,75.09,0.55,0,0,0,0
1.55,14,5311,UA,7,24,24,81.85,0.02,1,0,0,1
117.73,15,5812,US,1,3,4,76.54,1.54,0,0,0,0
46.21,14,5411,US,1,1,7,133.2,0.35,0,0,0,0
41.24,13,5732,US,0,0,1,130.21,0.32,0,0,1,0
1988.67,20,5944,CY,1,8,12,72.94,27.26,1,0,1,1
36.32,11,5541,US,0,1,5,124.73,0.29,0,0,0,0
30.37,19,5541,US,0,1,2,100.02,0.3,0,0,0,0
135.11,10,5541,US,0,1,5,78.85,1.71,0,0,0,0
78.91,15,5912,US,0,0,2,109.73,0.72,0,0,0,0
44.04,13,5814,US,0,0,1,118.66,0.37,0,0,0,0
13.41,13,5732,US,0,3,7,94.64,0.14,0,0,1,0
31.94,17,5912,US,0,1,1,120.05,0.27,0,0,0,0
27.92,12,5812,US,1,1,3,147.71,0.19,0,0,0,0
73.41,8,5814,US,0,1,3,148.87,0.49,0,0,0,0
58.99,18,5912,US,0,0,1,77.56,0.76,0,0,0,0
21.44,5,5812,US,0,0,1,134.98,0.16,0,1,0,0
18.01,9,5732,JP,0,0,6,94.17,0.19,1,0,1,0
33.67,22,4121,US,0,1,4,147.02,0.23,0,0,0,0
15.68,13,5812,US,0,1,2,111.31,0.14,0,0,0,0
43.78,13,5912,US,0,1,2,127.42,0.34,0,0,0,0
48.3,11,5812,US,1,3,7,99.41,0.49,0,0,0,0
25.64,21,5912,US,0,1,4,140.55,0.18,0,0,0,0
65.16,10,5732,US,0,0,1,93.34,0.7,0,0,1,0
940.12,21,5732,GB,5,11,26,43.31,21.71,1,0,1,1
6.33,18,5912,US,0,1,2,111.12,0.06,0,0,0,0
10.47,17,5411,US,0,0,1,117.01,0.09,0,0,0,0
77.31,11,5732,US,0,0,4,87.27,0.89,0,0,1,0
43.96,16,5732,US,0,1,2,101.67,0.43,0,0,1,0
215.01,8,5541,US,0,0,1,99.92,2.15,0,0,0,0
11.91,16,5732,US,0,0,7,87.07,0.14,0,0,1,0
46.49,15,5541,US,0,0,5,121.51,0.38,0,0,0,0
45.87,18,5912,US,1,2,5,96.81,0.47,0,0,0,0
29.65,10,5541,US,0,0,2,133.8,0.22,0,0,0,0
87.91,17,5912,JP,0,0,2,89.32,0.98,1,0,0,0
72.39,14,5912,US,0,2,4,135.87,0.53,0,0,0,0
61.86,12,5541,US,0,1,1,96.47,0.64,0,0,0,0
16.37,12,5311,FR,1,2,2,124.31,0.13,1,0,0,0
185.05,19,5311,US,0,1,6,79.21,2.34,0,0,0,0
31.93,12,5812,US,0,1,4,101.92,0.31,0,0,0,0
35.73,12,5912,US,0,0,2,62.5,0.57,0,0,0,0
35.46,12,5311,US,0,1,5,142.74,0.25,0,0,0,0
40.85,10,5411,US,0,0,3,119.36,0.34,0,0,0,0
6.3,12,5541,US,0,0,3,56.7,0.11,0,0,0,0
7982.73,1,6051,NG,2,3,7,95.73,83.39,1,1,1,1
14.42,12,4121,US,1,2,5,66.45,0.22,0,0,0,0
56.58,12,5541,US,0,0,2,118.12,0.48,0,0,0,0
23.4,12,5541,US,0,2,5,109.79,0.21,0,0,0,0
42.55,17,5814,US,0,1,6,129.12,0.33,0,0,0,0
146.23,12,5311,US,0,0,1,75.78,1.93,0,0,0,0
30.76,17,5812,US,0,0,2,115.31,0.27,0,0,0,0
142.04,16,5912,US,0,2,5,143.83,0.99,0,0,0,0
34.0,14,5812,US,1,1,4,86.01,0.4,0,0,0,0
54.64,8,5732,US,0,2,4,117.19,0.47,0,0,1,0
17.51,10,5814,US,1,2,7,100.92,0.17,0,0,0,0
80.06,12,5814,US,0,2,3,60.49,1.32,0,0,0,0
64.36,18,5732,US,1,1,3,112.15,0.57,0,0,1,0
37.46,12,4121,US,0,1,5,114.84,0.33,0,0,0,0
43.24,15,4121,US,0,3,8,107.95,0.4,0,0,0,0
24.99,16,5311,US,0,0,4,90.26,0.28,0,0,0,0
2.05,0,5311,UA,8,22,33,40.4,0.05,1,1,0,1
95.25,12,5411,US,0,2,4,95.18,1.0,0,0,0,0
33.11,18,5541,US,0,3,7,88.84,0.37,0,0,0,0
31.41,19,5912,US,0,2,7,69.08,0.45,0,0,0,0
5.52,15,5411,US,0,0,5,91.32,0.06,0,0,0,0
80.21,16,5311,US,0,0,0,55.57,1.44,0,0,0,0
34.85,12,4121,US,0,2,3,145.51,0.24,0,0,0,0
24.42,17,5311,US,1,2,3,92.06,0.27,0,0,0,0
229.25,13,5541,US,0,0,3,145.92,1.57,0,0,0,0
20.48,15,5411,US,0,1,3,54.73,0.37,0,0,0,0
6.64,15,5912,US,0,0,4,93.9,0.07,0,0,0,0
40.67,17,5732,US,1,3,7,52.71,0.77,0,0,1,0
10.21,9,5541,US,0,0,2,75.94,0.13,0,0,0,0
33.13,9,5732,US,0,0,2,75.29,0.44,0,0,1,0
26.11,19,5732,US,0,0,5,148.04,0.18,0,0,1,0
30.97,19,5812,GB,0,2,4,85.68,0.36,1,0,0,0
17.51,22,5912,US,1,1,6,79.65,0.22,0,0,0,0
22.87,12,5812,US,0,2,5,105.73,0.22,0,0,0,0
64.93,16,5812,US,0,1,4,137.6,0.47,0,0,0,0
27.2,9,5541,US,0,1,2,118.98,0.23,0,0,0,0
13.76,16,5541,US,1,1,5,81.09,0.17,0,0,0,0
10.89,16,5812,US,0,0,1,101.15,0.11,0,0,0,0
15.4,16,5912,US,0,0,2,134.02,0.11,0,0,0,0
1862.74,3,5732,US,2,4,9,43.38,42.94,0,1,1,1
73.33,15,5732,GB,0,2,4,129.64,0.57,1,0,1,0
25.24,16,5541,US,0,1,2,116.23,0.22,0,0,0,0
55.65,15,5311,US,0,0,2,94.17,0.59,0,0,0,0
44.6,3,4121,US,1,1,3,106.83,0.42,0,1,0,0
32.67,17,5411,US,0,0,3,131.67,0.25,0,0,0,0
35.45,13,5541,US,0,0,4,120.2,0.29,0,0,0,0
81.31,14,5411,US,0,1,3,118.52,0.69,0,0,0,0
25.37,13,5814,US,0,1,5,120.41,0.21,0,0,0,0
44.91,12,5814,US,0,2,2,138.99,0.32,0,0,0,0
51.33,9,5311,US,0,0,8,75.14,0.68,0,0,0,0
67.23,11,4121,US,0,1,3,95.21,0.71,0,0,0,0
26.08,12,5732,US,0,0,0,147.27,0.18,0,0,1,0
29.44,11,5814,US,0,0,3,107.95,0.27,0,0,0,0
42.82,12,5311,US,0,0,0,102.08,0.42,0,0,0,0
1.49,18,5311,US,11,15,25,82.05,0.02,0,0,0,1
27.71,16,5411,US,1,2,4,54.03,0.51,0,0,0,0
482.28,17,5812,US,0,0,6,106.06,4.55,0,0,0,0
18.76,12,5732,US,0,0,6,81.76,0.23,0,0,1,0
99.51,3,5311,US,0,1,4,50.69,1.96,0,1,0,0
36.99,11,5814,US,0,0,3,76.93,0.48,0,0,0,0
21.68,19,5311,US,0,1,3,110.59,0.2,0,0,0,0
60.93,14,5912,US,1,1,7,120.39,0.51,0,0,0,0
91.53,12,5912,US,0,2,4,73.61,1.24,0,0,0,0
31.81,14,5912,US,0,1,3,100.29,0.32,0,0,0,0
54.86,11,5541,US,0,1,3,146.04,0.38,0,0,0,0
26.47,20,5812,US,0,0,6,117.39,0.23,0,0,0,0
47.06,13,5411,US,0,0,2,87.22,0.54,0,0,0,0
8.29,19,4121,US,0,1,3,100.76,0.08,0,0,0,0
23.8,14,5814,US,0,0,4,96.61,0.25,0,0,0,0
97.07,8,5541,US,0,1,2,149.51,0.65,0,0,0,0
152.35,18,5912,US,0,2,4,72.8,2.09,0,0,0,0
19.75,7,5411,US,0,0,2,78.4,0.25,0,0,0,0
21.59,12,5814,US,0,1,3,80.45,0.27,0,0,0,0
54.75,17,5812,US,0,2,2,108.83,0.5,0,0,0,0
33.69,15,5411,US,0,0,3,149.91,0.22,0,0,0,0
49.69,22,5812,US,0,0,3,137.99,0.36,0,0,0,0
196.2,14,4121,US,0,0,3,90.78,2.16,0,0,0,0
76.88,16,5411,US,0,0,2,68.07,1.13,0,0,0,0
24.64,12,5411,US,0,0,6,91.98,0.27,0,0,0,0
38.3,13,5912,US,0,1,2,131.81,0.29,0,0,0,0
124.21,14,5814,US,0,2,4,98.15,1.27,0,0,0,0
89.68,11,5814,US,0,1,7,66.03,1.36,0,0,0,0
50.62,11,5541,US,0,0,1,143.15,0.35,0,0,0,0
60.85,11,5912,US,0,1,2,145.35,0.42,0,0,0,0
21.95,15,5311,CA,1,1,2,112.76,0.19,1,0,0,0
90.35,8,5411,US,0,1,5,124.09,0.73,0,0,0,0
29.24,16,5912,US,0,0,3,68.6,0.43,0,0,0,0
86.97,17,5411,US,0,2,7,145.7,0.6,0,0,0,0
34.93,16,5912,FR,0,1,6,85.54,0.41,1,0,0,0
43.81,14,4121,US,1,2,2,96.59,0.45,0,0,0,0
67.37,18,5912,US,0,0,1,97.66,0.69,0,0,0,0
40.34,8,5732,JP,0,0,5,123.94,0.33,1,0,1,0
31.17,11,5541,US,0,1,4,115.26,0.27,0,0,0,0
33.98,13,5732,US,1,2,5,70.78,0.48,0,0,1,0
37.6,13,5912,FR,2,3,7,119.48,0.31,1,0,0,0
35.74,13,4121,US,0,1,2,125.3,0.29,0,0,0,0
167.4,19,4121,US,1,1,4,93.3,1.79,0,0,0,0
61.14,14,5311,US,0,2,5,77.29,0.79,0,0,0,0
41.1,14,4121,US,0,1,3,123.52,0.33,0,0,0,0
117.17,23,5814,US,0,0,1,144.02,0.81,0,0,0,0
45.24,10,5814,US,0,2,3,124.55,0.36,0,0,0,0
26.44,20,4121,US,0,1,5,102.19,0.26,0,0,0,0
29.43,15,5732,US,1,2,5,141.02,0.21,0,0,1,0
26.86,14,5912,US,0,1,5,52.88,0.51,0,0,0,0
36.07,10,5732,US,0,2,3,84.78,0.43,0,0,1,0
84.23,11,5311,US,0,1,5,71.56,1.18,0,0,0,0
48.18,7,5411,US,0,3,5,89.41,0.54,0,0,0,0
34.43,9,5541,US,0,0,0,69.17,0.5,0,0,0,0
31.6,13,5311,US,0,3,4,99.84,0.32,0,0,0,0
36.31,9,5732,US,0,0,1,117.97,0.31,0,0,1,0
20.96,12,5814,US,0,2,4,106.82,0.2,0,0,0,0
31.47,11,5541,US,1,4,6,90.17,0.35,0,0,0,0
70.24,16,5812,US,0,2,5,91.47,0.77,0,0,0,0
112.56,15,5912,US,0,1,3,138.32,0.81,0,0,0,0
2453.31,6,6051,CN,1,7,9,84.73,28.95,1,0,1,1
120.17,9,5541,US,0,0,4,130.61,0.92,0,0,0,0
36.79,13,5912,US,0,0,3,144.41,0.25,0,0,0,0
22.98,17,5732,US,0,0,1,98.94,0.23,0,0,1,0
10.08,16,5814,US,0,0,1,83.81,0.12,0,0,0,0
41.53,16,5814,US,0,0,3,132.68,0.31,0,0,0,0
32.5,19,5541,US,0,0,2,106.37,0.31,0,0,0,0
24.5,20,5812,US,0,1,2,91.78,0.27,0,0,0,0
5.45,17,5732,US,0,0,2,106.72,0.05,0,0,1,0
28.97,16,5311,US,0,1,3,70.09,0.41,0,0,0,0
12.87,13,5812,US,0,2,2,71.67,0.18,0,0,0,0
13.86,15,5411,US,0,2,4,61.91,0.22,0,0,0,0
25.75,11,5732,US,0,0,3,74.3,0.35,0,0,1,0
109.18,7,5814,US,0,0,1,65.57,1.67,0,0,0,0
47.13,12,5411,US,1,1,2,130.98,0.36,0,0,0,0
26.91,18,5814,US,1,3,4,117.61,0.23,0,0,0,0
74.01,15,5912,US,0,1,4,126.93,0.58,0,0,0,0
44.26,14,4121,US,0,2,3,101.31,0.44,0,0,0,0
74.21,16,5912,US,0,1,3,117.31,0.63,0,0,0,0
49.63,20,4121,US,1,1,4,117.16,0.42,0,0,0,0
108.62,15,5311,US,0,4,7,58.14,1.87,0,0,0,0
43.44,9,5812,US,0,1,6,135.57,0.32,0,0,0,0
41.45,5,5732,US,0,0,2,131.24,0.32,0,1,1,0
133.99,17,4121,US,0,1,1,87.64,1.53,0,0,0,0
8983.96,2,5944,CN,1,2,5,85.74,104.78,1,1,1,1
58.16,15,5812,US,0,0,2,86.84,0.67,0,0,0,0
40.21,17,4121,US,0,2,4,134.27,0.3,0,0,0,0
213.57,14,5541,US,0,1,6,60.95,3.5,0,0,0,0
31.01,12,5812,US,0,0,1,50.58,0.61,0,0,0,0
137.06,14,4121,US,0,2,7,138.14,0.99,0,0,0,0
50.18,12,5814,US,0,0,0,148.98,0.34,0,0,0,0
219.64,10,5912,US,0,1,2,90.97,2.41,0,0,0,0
48.39,18,5912,US,0,0,3,127.69,0.38,0,0,0,0
13.96,7,5311,US,0,2,6,148.12,0.09,0,0,0,0
15.41,14,4121,US,0,1,4,109.0,0.14,0,0,0,0
29.02,10,5732,US,0,3,5,70.01,0.41,0,0,1,0
31.78,16,5411,US,0,1,2,59.18,0.54,0,0,0,0
59.1,8,5541,US,0,1,5,148.01,0.4,0,0,0,0
86.48,13,5912,US,0,0,1,53.63,1.61,0,0,0,0
23.44,13,5732,US,0,0,2,73.46,0.32,0,0,1,0
61.5,18,5812,US,0,1,4,73.12,0.84,0,0,0,0
26.59,8,5541,US,0,0,1,104.5,0.25,0,0,0,0
26.51,20,5814,US,0,0,2,137.72,0.19,0,0,0,0
29.84,10,5812,US,0,0,2,132.19,0.23,0,0,0,0
131.9,13,5311,US,0,1,3,94.57,1.39,0,0,0,0
32.89,21,5814,US,0,0,1,78.35,0.42,0,0,0,0
92.55,9,5411,US,1,4,5,58.28,1.59,0,0,0,0
211.93,12,4121,US,0,1,6,94.48,2.24,0,0,0,0
124.18,23,5311,US,1,3,3,87.18,1.42,0,0,0,0
30.63,7,5732,US,0,0,0,131.07,0.23,0,0,1,0
39.47,7,5912,US,0,2,5,103.86,0.38,0,0,0,0
74.64,4,5732,US,0,1,3,88.42,0.84,0,1,1,0
50.68,10,5812,US,0,1,6,50.91,1.0,0,0,0,0
244.74,22,5311,US,1,1,4,81.58,3.0,0,0,0,0
58.18,14,5812,US,0,0,4,119.93,0.49,0,0,0,0
25.73,14,4121,US,0,2,3,132.52,0.19,0,0,0,0
124.33,12,5311,US,0,0,1,144.43,0.86,0,0,0,0
42.77,19,5732,US,0,2,5,120.8,0.35,0,0,1,0
41.44,19,5814,US,0,2,4,60.12,0.69,0,0,0,0
52.08,13,4121,US,1,3,7,97.67,0.53,0,0,0,0
108.23,20,5732,US,0,0,1,57.39,1.89,0,0,1,0
114.68,13,4121,US,1,2,3,121.58,0.94,0,0,0,0
21.03,19,5411,US,0,0,10,149.21,0.14,0,0,0,0
70.41,16,5541,US,0,0,4,145.31,0.48,0,0,0,0
13.69,13,5814,US,0,0,3,136.04,0.1,0,0,0,0
44.47,10,5812,US,0,1,4,52.13,0.85,0,0,0,0
18.31,7,5411,US,0,0,0,126.9,0.14,0,0,0,0
63.66,9,4121,US,0,0,1,50.26,1.27,0,0,0,0
52.76,14,4121,US,1,2,5,63.52,0.83,0,0,0,0
94.53,19,5732,US,0,1,3,59.0,1.6,0,0,1,0
84.21,10,5311,US,0,0,1,56.16,1.5,0,0,0,0
52.18,13,5311,US,0,0,2,127.42,0.41,0,0,0,0
36.43,12,5912,US,0,1,3,53.19,0.68,0,0,0,0
12.6,11,4121,US,0,0,1,135.13,0.09,0,0,0,0
173.63,12,5411,US,0,0,2,124.02,1.4,0,0,0,0
25.24,15,5912,US,0,1,1,50.88,0.5,0,0,0,0
13.99,17,5311,US,1,1,2,147.39,0.09,0,0,0,0
64.4,7,5912,US,0,0,2,146.19,0.44,0,0,0,0
28.31,14,4121,US,0,2,4,134.55,0.21,0,0,0,0
2.5,9,5912,US,0,0,2,71.97,0.03,0,0,0,0
63.3,14,5311,US,0,0,3,52.76,1.2,0,0,0,0
77.76,19,5812,US,0,0,3,63.17,1.23,0,0,0,0
34.44,10,5814,US,0,1,3,62.14,0.55,0,0,0,0
53.26,13,5912,US,0,1,3,122.47,0.43,0,0,0,0
864.9,18,5541,US,1,1,4,112.24,7.71,0,0,0,0
28.66,17,4121,US,0,2,4,100.42,0.29,0,0,0,0
24.7,6,5912,US,0,1,2,61.33,0.4,0,0,0,0
17.67,11,5411,US,0,2,2,136.91,0.13,0,0,0,0
13.8,16,5541,US,0,3,8,97.56,0.14,0,0,0,0
2.41,19,5311,NG,15,26,20,46.73,0.05,1,0,0,1
14.11,17,4121,US,0,1,3,100.21,0.14,0,0,0,0
30.75,16,5912,US,0,4,6,118.18,0.26,0,0,0,0
86.05,10,5411,US,0,0,1,74.99,1.15,0,0,0,0
21.3,12,5541,US,0,2,4,109.19,0.2,0,0,0,0
8.09,16,5732,US,0,2,5,138.48,0.06,0,0,1,0
95.79,6,5814,US,0,0,2,99.19,0.97,0,0,0,0
96.16,20,5812,US,0,1,3,67.42,1.43,0,0,0,0
36.69,12,5732,US,0,1,3,97.21,0.38,0,0,1,0
49.85,17,5812,US,0,0,2,117.56,0.42,0,0,0,0
25.16,11,5411,US,0,0,1,66.01,0.38,0,0,0,0
32.99,8,5812,US,0,0,0,63.82,0.52,0,0,0,0
79.58,5,5311,US,0,4,6,55.06,1.45,0,1,0,0
77.88,18,4121,US,2,2,3,77.96,1.0,0,0,0,0
35.87,14,5311,US,0,1,5,116.35,0.31,0,0,0,0
258.24,9,5732,RO,4,11,33,51.58,5.01,1,0,1,1
210.74,12,5812,US,0,1,6,104.53,2.02,0,0,0,0
54.08,13,5411,US,0,0,2,119.61,0.45,0,0,0,0
2.96,4,5311,US,7,13,25,87.39,0.03,0,1,0,1
91.26,15,5912,US,1,3,5,90.93,1.0,0,0,0,0
35.04,17,5814,US,0,0,2,147.16,0.24,0,0,0,0
63.25,14,5411,US,0,1,4,138.57,0.46,0,0,0,0
42.47,16,4121,US,0,1,4,149.89,0.28,0,0,0,0
19.65,13,5541,US,0,0,1,123.83,0.16,0,0,0,0
106.44,14,5732,US,0,0,2,70.66,1.51,0,0,1,0
17.37,18,4121,US,0,2,2,66.58,0.26,0,0,0,0
12.14,21,5814,US,1,1,3,50.19,0.24,0,0,0,0
578.7,12,5812,US,0,1,1,67.83,8.53,0,0,0,0
23.79,16,5411,US,1,2,5,91.14,0.26,0,0,0,0
16.17,9,5812,US,0,0,3,99.94,0.16,0,0,0,0
22.48,15,5814,US,0,0,4,62.12,0.36,0,0,0,0
13.01,11,4121,US,1,1,4,99.74,0.13,0,0,0,0
149.96,13,5541,US,0,1,2,63.84,2.35,0,0,0,0
876.23,1,5732,RO,10,19,28,75.97,11.53,1,1,1,1
26.1,18,5311,DE,0,0,3,66.15,0.39,1,0,0,0
71.86,5,5912,US,0,2,7,125.99,0.57,0,1,0,0
5.98,13,5814,FR,0,0,5,123.5,0.05,1,0,0,0
21.33,17,5812,US,0,0,4,128.66,0.17,0,0,0,0
34.4,10,5732,US,0,2,3,60.05,0.57,0,0,1,0
38.54,6,5732,US,0,0,3,145.51,0.26,0,0,1,0
55.92,9,5311,US,0,0,2,86.44,0.65,0,0,0,0
446.49,22,5812,US,0,0,2,124.54,3.59,0,0,0,0
22.78,18,5814,US,0,0,2,137.13,0.17,0,0,0,0
257.66,13,5541,US,0,0,2,86.49,2.98,0,0,0,0
53.46,8,5311,US,0,0,0,145.21,0.37,0,0,0,0
204.28,16,5812,US,0,0,1,137.2,1.49,0,0,0,0
35.94,16,5311,US,0,1,3,116.76,0.31,0,0,0,0
90.56,13,5311,US,0,0,6,131.4,0.69,0,0,0,0
29.65,13,5812,US,0,0,5,132.33,0.22,0,0,0,0
54.31,12,5311,GB,0,1,1,99.86,0.54,1,0,0,0
94.6,15,5732,US,1,1,4,114.28,0.83,0,0,1,0
19.74,14,5812,US,0,0,2,139.49,0.14,0,0,0,0
100.62,12,5541,US,0,1,4,103.79,0.97,0,0,0,0
5909.67,2,5732,CN,1,4,8,69.29,85.29,1,1,1,1
40.98,15,4121,US,0,1,3,66.28,0.62,0,0,0,0
32.51,14,5812,US,0,0,0,99.53,0.33,0,0,0,0
39.62,12,5814,US,0,2,5,139.05,0.28,0,0,0,0
54.59,13,5912,US,0,1,2,112.27,0.49,0,0,0,0
24.7,13,4121,US,0,0,4,129.79,0.19,0,0,0,0
66.48,11,4121,US,0,0,1,103.75,0.64,0,0,0,0
9.43,14,5541,US,0,1,3,83.3,0.11,0,0,0,0
176.73,10,5541,US,0,0,3,137.45,1.29,0,0,0,0
801.38,16,7995,RU,3,5,10,80.16,10.0,1,0,1,1
68.4,23,5311,US,0,0,4,97.0,0.71,0,0,0,0
154.86,11,5732,US,0,2,4,66.94,2.31,0,0,1,0
34.95,15,5812,US,1,3,5,65.34,0.53,0,0,0,0
33.67,14,5541,US,0,0,5,118.53,0.28,0,0,0,0
15.27,11,5541,US,0,1,3,121.33,0.13,0,0,0,0
19.17,9,5311,US,1,1,4,86.23,0.22,0,0,0,0
59.01,13,5912,US,0,2,5,94.05,0.63,0,0,0,0
292.25,8,5541,US,0,0,3,120.22,2.43,0,0,0,0
51.64,18,4121,US,0,1,1,67.91,0.76,0,0,0,0
120.82,11,5732,US,0,0,2,81.95,1.47,0,0,1,0
9.76,7,5732,US,0,1,4,82.32,0.12,0,0,1,0
42.81,12,5541,US,0,4,6,142.4,0.3,0,0,0,0
36.05,13,5814,US,1,2,5,62.73,0.57,0,0,0,0
94.71,16,5912,US,1,2,4,121.84,0.78,0,0,0,0
9.08,17,5541,US,0,1,3,108.06,0.08,0,0,0,0
2.89,16,5311,US,6,16,34,65.05,0.04,0,0,0,1
44.71,13,5411,US,0,1,5,84.33,0.53,0,0,0,0
31.54,7,4121,US,0,0,5,69.09,0.46,0,0,0,0
78.92,15,5812,US,0,0,3,95.16,0.83,0,0,0,0
3.27,3,5311,NG,12,19,31,94.36,0.03,1,1,0,1
28.15,22,5912,US,0,0,3,149.54,0.19,0,0,0,0
99.33,18,5311,US,0,1,2,56.42,1.76,0,0,0,0
94.02,17,5541,US,0,2,6,135.89,0.69,0,0,0,0
50.39,15,5912,US,0,2,2,135.91,0.37,0,0,0,0
59.77,9,4121,US,0,0,3,112.38,0.53,0,0,0,0
81.33,10,4121,US,0,0,5,62.2,1.31,0,0,0,0
63.84,10,5732,US,1,1,4,128.31,0.5,0,0,1,0
45.58,11,5812,US,0,1,2,108.32,0.42,0,0,0,0
27.31,17,5912,US,0,1,2,142.47,0.19,0,0,0,0
74.78,13,5812,US,0,0,1,54.26,1.38,0,0,0,0
40.88,9,5912,JP,0,0,4,135.44,0.3,1,0,0,0
25.04,16,5812,US,2,2,6,149.09,0.17,0,0,0,0
13.97,9,5541,US,1,1,3,66.69,0.21,0,0,0,0
190.29,13,5411,US,0,1,3,53.1,3.58,0,0,0,0
8.79,19,5411,US,0,0,1,138.35,0.06,0,0,0,0
12.57,19,4121,US,1,2,3,133.06,0.09,0,0,0,0
65.81,3,5311,FR,0,1,6,80.81,0.81,1,1,0,0
86.42,13,5311,US,0,0,4,61.11,1.41,0,0,0,0
183.26,19,5812,US,0,0,1,98.39,1.86,0,0,0,0
2.15,21,5311,US,11,29,48,98.22,0.02,0,0,0,1
108.75,18,5912,US,0,0,0,88.83,1.22,0,0,0,0
8.23,20,5812,US,0,0,2,98.36,0.08,0,0,0,0
25.82,14,5814,US,0,0,3,75.36,0.34,0,0,0,0
898.36,2,6051,NG,1,4,6,94.29,9.53,1,1,1,1
20.7,11,5311,US,0,1,6,60.93,0.34,0,0,0,0
192.97,15,5912,US,0,0,4,139.03,1.39,0,0,0,0
130.01,14,5814,US,0,2,8,106.14,1.22,0,0,0,0
48.27,13,5311,US,1,3,4,128.9,0.37,0,0,0,0
77.26,18,5814,US,0,2,2,103.53,0.75,0,0,0,0
63.03,16,5411,US,0,2,4,111.9,0.56,0,0,0,0
92.68,10,5812,US,0,1,4,77.17,1.2,0,0,0,0
85.9,11,4121,US,0,0,3,133.87,0.64,0,0,0,0
91.83,20,5814,US,0,0,2,93.89,0.98,0,0,0,0
50.83,6,5411,US,0,1,3,86.03,0.59,0,0,0,0
191.79,12,5411,US,0,3,5,91.45,2.1,0,0,0,0
15.97,10,5311,JP,0,0,3,96.85,0.16,1,0,0,0
46.19,15,4121,US,0,1,6,124.05,0.37,0,0,0,0
90.1,11,5912,US,0,0,3,107.95,0.83,0,0,0,0
48.19,9,5814,US,0,2,3,95.64,0.5,0,0,0,0
30.78,14,5814,US,0,0,3,82.89,0.37,0,0,0,0
0.63,6,5311,US,13,19,36,92.89,0.01,0,0,0,1
30.52,10,5411,US,0,0,6,131.23,0.23,0,0,0,0
28.0,19,5732,US,0,0,6,86.8,0.32,0,0,1,0
21.39,16,5411,US,0,1,5,104.46,0.2,0,0,0,0
129.52,12,5411,US,0,0,3,135.23,0.96,0,0,0,0
37.13,8,5812,US,0,1,3,67.91,0.55,0,0,0,0
91.83,15,5411,US,0,0,1,70.36,1.31,0,0,0,0
50.95,19,5311,US,0,0,3,62.32,0.82,0,0,0,0
111.29,13,4121,US,0,2,3,96.31,1.16,0,0,0,0
46.98,12,4121,US,0,0,4,119.33,0.39,0,0,0,0
4126.52,3,5732,RO,1,6,7,75.31,54.79,1,1,1,1
23.97,12,5812,US,1,1,3,93.65,0.26,0,0,0,0
7.55,13,5812,US,0,3,4,76.57,0.1,0,0,0,0
137.11,11,5311,US,0,0,2,80.86,1.7,0,0,0,0
53.54,10,4121,US,0,0,2,101.8,0.53,0,0,0,0
32.52,12,4121,FR,1,2,4,109.91,0.3,1,0,0,0
298.61,13,5912,US,1,2,4,136.98,2.18,0,0,0,0
25.26,9,4121,US,1,2,4,119.11,0.21,0,0,0,0
24.6,20,5812,US,0,1,7,56.65,0.43,0,0,0,0
41.71,15,5541,US,0,1,4,91.36,0.46,0,0,0,0
116.26,14,4121,US,0,1,3,70.08,1.66,0,0,0,0
12.79,12,5311,US,0,0,1,71.39,0.18,0,0,0,0
16.87,7,4121,US,0,1,3,124.43,0.14,0,0,0,0
19.04,18,4121,US,0,0,2,120.42,0.16,0,0,0,0
74.4,13,4121,US,0,1,6,73.98,1.01,0,0,0,0
28.48,11,5814,US,0,0,3,119.48,0.24,0,0,0,0
109.27,9,5311,US,1,1,2,78.62,1.39,0,0,0,0
12.05,5,4121,US,0,2,5,75.2,0.16,0,1,0,0
67.06,22,5732,US,0,0,3,95.52,0.7,0,0,1,0
44.59,10,5541,US,0,1,6,64.29,0.69,0,0,0,0
55.89,12,5732,US,0,0,3,93.35,0.6,0,0,1,0
8.84,14,5912,US,0,1,3,86.63,0.1,0,0,0,0
318.84,16,5541,US,0,0,2,61.81,5.16,0,0,0,0
23.62,11,5814,US,1,2,3,77.08,0.31,0,0,0,0
88.46,18,4121,US,0,1,1,102.82,0.86,0,0,0,0
16.3,13,5912,DE,0,0,1,129.88,0.13,1,0,0,0
107.33,17,5541,US,0,1,2,114.75,0.94,0,0,0,0
35.5,11,5814,US,2,4,7,134.48,0.26,0,0,0,0
46.05,10,5541,US,0,0,1,78.73,0.58,0,0,0,0
13.18,10,5732,US,0,2,2,120.91,0.11,0,0,1,0
74.97,17,5411,US,1,1,2,85.33,0.88,0,0,0,0
11.04,11,5541,US,0,0,2,124.36,0.09,0,0,0,0
12.95,14,5732,US,0,0,5,144.43,0.09,0,0,1,0
17.27,12,5411,US,1,3,8,52.13,0.33,0,0,0,0
107.47,10,5912,US,0,3,5,116.84,0.92,0,0,0,0
22.39,15,5311,US,0,2,3,148.62,0.15,0,0,0,0
321.73,9,5732,US,0,0,2,135.84,2.37,0,0,1,0
81.07,14,5814,US,1,1,2,127.67,0.63,0,0,0,0
31.91,18,5732,US,1,3,5,51.95,0.61,0,0,1,0
19.24,14,5814,US,1,2,5,65.54,0.29,0,0,0,0
166.12,20,5812,US,0,0,0,134.93,1.23,0,0,0,0
32.29,14,5912,US,0,2,5,65.47,0.49,0,0,0,0
32.53,10,5311,GB,0,0,2,124.91,0.26,1,0,0,0
35.94,16,5732,US,0,2,5,110.47,0.33,0,0,1,0
36.0,17,5311,CA,0,2,4,93.96,0.38,1,0,0,0
63.22,19,5912,US,0,2,7,130.48,0.48,0,0,0,0
23.87,8,5812,US,1,3,4,83.55,0.29,0,0,0,0
41.52,16,5814,US,0,0,5,61.93,0.67,0,0,0,0
64.45,17,5541,GB,0,0,3,81.76,0.79,1,0,0,0
57.38,14,5311,US,0,0,0,57.47,1.0,0,0,0,0
14.22,17,5732,US,1,1,3,104.3,0.14,0,0,1,0
45.47,17,5812,US,0,1,3,113.63,0.4,0,0,0,0
79.15,15,5912,US,1,2,2,94.83,0.83,0,0,0,0
61.92,10,5912,US,0,1,2,77.61,0.8,0,0,0,0
5.36,17,5541,US,1,2,5,95.51,0.06,0,0,0,0
31.93,17,5912,US,0,0,1,124.07,0.26,0,0,0,0
13.63,11,4121,US,0,2,9,52.24,0.26,0,0,0,0
59.59,17,5541,US,0,0,1,98.85,0.6,0,0,0,0
6922.16,1,5944,NG,3,2,10,84.37,82.05,1,1,1,1
60.87,7,4121,US,0,0,1,87.96,0.69,0,0,0,0
16.91,20,5812,US,0,0,2,120.97,0.14,0,0,0,0
26.19,18,5814,US,0,0,5,103.77,0.25,0,0,0,0
20.39,12,5732,US,0,1,3,82.35,0.25,0,0,1,0
64.55,17,5311,US,0,0,0,132.52,0.49,0,0,0,0
3470.24,5,5732,CN,2,5,7,74.37,46.66,1,1,1,1
20.47,6,4121,US,0,0,4,102.73,0.2,0,0,0,0
72.91,10,5541,US,0,0,1,67.16,1.09,0,0,0,0
103.0,20,5541,US,0,0,2,140.89,0.73,0,0,0,0
20.07,11,4121,US,1,2,5,77.81,0.26,0,0,0,0
17.33,15,5311,US,0,0,3,61.76,0.28,0,0,0,0
136.46,19,5812,US,0,0,2,144.37,0.95,0,0,0,0
37.03,13,4121,US,0,0,2,69.87,0.53,0,0,0,0
2254.52,22,7995,NG,4,3,5,97.98,23.01,1,0,1,1
108.74,18,4121,GB,0,0,1,97.85,1.11,1,0,0,0
110.12,5,5541,US,1,3,3,144.04,0.76,0,1,0,0
64.1,12,5541,US,1,4,8,147.92,0.43,0,0,0,0
16.93,19,5732,US,1,2,3,97.5,0.17,0,0,1,0
8.45,14,5311,US,1,1,5,101.22,0.08,0,0,0,0
72.23,9,5732,US,1,3,7,138.49,0.52,0,0,1,0
59.14,14,5912,US,0,1,2,82.89,0.71,0,0,0,0
72.89,9,5732,US,0,0,3,147.54,0.49,0,0,1,0
65.8,17,5541,US,0,1,4,71.36,0.92,0,0,0,0
35.64,8,5541,US,0,0,1,101.53,0.35,0,0,0,0
20.93,18,5311,US,0,3,8,69.69,0.3,0,0,0,0
2033.44,13,6051,CN,4,5,8,50.29,40.43,1,0,1,1
51.64,17,5541,US,0,1,1,124.66,0.41,0,0,0,0
44.39,16,5912,US,0,3,6,110.4,0.4,0,0,0,0
11.09,5,4121,US,1,1,2,141.06,0.08,0,1,0,0
73.46,14,5732,US,0,3,5,112.41,0.65,0,0,1,0
11.43,11,5411,US,0,1,2,94.61,0.12,0,0,0,0
5.44,11,5311,US,0,2,2,77.53,0.07,0,0,0,0
24.74,14,5311,US,0,1,3,56.04,0.44,0,0,0,0
78.35,15,5812,US,0,3,4,114.77,0.68,0,0,0,0
207.06,15,5912,US,0,1,4,131.59,1.57,0,0,0,0
2676.94,0,5732,CN,1,5,7,42.94,62.34,1,1,1,1
39.71,11,5541,US,0,2,5,139.03,0.29,0,0,0,0
108.88,6,5814,US,0,0,4,52.86,2.06,0,0,0,0
86.06,12,5732,US,0,2,3,90.15,0.95,0,0,1,0
2.04,2,5311,NG,8,28,16,47.51,0.04,1,1,0,1
83.31,2,5912,US,1,2,2,115.41,0.72,0,1,0,0
37.02,17,5814,US,0,0,3,127.68,0.29,0,0,0,0
73.92,14,5411,US,0,0,4,83.77,0.88,0,0,0,0
137.08,16,5311,US,0,2,4,68.64,2.0,0,0,0,0
8.26,10,5541,US,0,1,8,137.26,0.06,0,0,0,0
46.58,21,5311,US,0,1,3,55.52,0.84,0,0,0,0
141.6,13,5411,US,0,1,3,135.93,1.04,0,0,0,0
16.02,18,5411,US,0,1,3,58.92,0.27,0,0,0,0
24.69,10,5311,US,0,1,3,146.35,0.17,0,0,0,0
66.2,20,5812,US,0,1,5,102.35,0.65,0,0,0,0
59.6,14,5812,US,0,2,2,62.39,0.96,0,0,0,0
118.27,9,5411,JP,0,2,4,93.53,1.26,1,0,0,0
12.47,9,5814,US,0,2,8,54.78,0.23,0,0,0,0
33.66,16,4121,US,0,1,6,73.94,0.46,0,0,0,0
21.82,15,5541,US,0,1,4,64.27,0.34,0,0,0,0
87.35,11,5812,US,0,0,3,134.39,0.65,0,0,0,0
97.74,9,5912,US,0,0,3,76.35,1.28,0,0,0,0
12.1,6,5912,US,0,0,2,138.7,0.09,0,0,0,0
80.51,15,5541,US,0,1,2,126.84,0.63,0,0,0,0
15.04,9,5732,US,0,1,6,129.82,0.12,0,0,1,0
42.12,23,5411,US,0,0,0,74.14,0.57,0,0,0,0
60.16,15,5541,US,0,1,4,140.49,0.43,0,0,0,0
26.2,13,4121,US,0,1,3,68.55,0.38,0,0,0,0
22.12,13,5812,US,0,0,0,52.7,0.42,0,0,0,0
573.3,17,5912,US,0,1,2,82.85,6.92,0,0,0,0
808.23,6,5944,GB,4,19,26,61.52,13.14,1,0,1,1
8.53,15,5311,US,0,1,4,74.45,0.11,0,0,0,0
54.8,14,5311,US,0,0,3,121.49,0.45,0,0,0,0
47.59,13,5814,US,0,1,4,77.58,0.61,0,0,0,0
21.01,8,5541,US,0,1,3,113.11,0.19,0,0,0,0
61.07,19,5411,US,0,2,5,125.93,0.48,0,0,0,0
26.38,9,5311,US,0,1,2,148.67,0.18,0,0,0,0
10.15,15,5411,US,0,1,2,132.48,0.08,0,0,0,0
50.63,12,5732,DE,0,1,1,116.69,0.43,1,0,1,0
78.31,15,4121,US,0,0,2,73.39,1.07,0,0,0,0
17.99,14,5411,US,0,0,3,125.05,0.14,0,0,0,0
22.49,12,5812,US,0,2,6,108.75,0.21,0,0,0,0
36.75,10,5411,US,0,2,4,115.97,0.32,0,0,0,0
7.2,20,5814,US,0,0,4,90.55,0.08,0,0,0,0
209.63,15,5812,US,0,0,0,144.93,1.45,0,0,0,0
203.74,8,5311,US,0,0,3,71.7,2.84,0,0,0,0
6082.92,3,5944,US,2,6,10,78.81,77.18,0,1,1,1
25.19,17,5411,US,0,0,0,54.03,0.47,0,0,0,0
22.42,22,5732,US,0,1,3,91.19,0.25,0,0,1,0
93.82,8,5411,US,0,0,3,134.23,0.7,0,0,0,0
160.5,8,5912,US,0,2,7,148.56,1.08,0,0,0,0
225.08,3,4829,GB,5,24,15,94.1,2.39,1,1,1,1
11.82,11,5912,US,0,0,3,72.67,0.16,0,0,0,0
51.17,13,5814,US,2,2,4,76.78,0.67,0,0,0,0
135.47,14,5812,US,0,2,3,79.59,1.7,0,0,0,0
32.84,13,5814,US,0,0,1,108.89,0.3,0,0,0,0
15.35,12,4121,US,0,1,5,109.36,0.14,0,0,0,0
70.81,17,5311,US,0,0,6,90.62,0.78,0,0,0,0
43.02,22,4121,US,0,1,6,107.81,0.4,0,0,0,0
69.8,11,5541,US,0,0,2,111.06,0.63,0,0,0,0
148.59,12,5732,US,0,0,4,60.14,2.47,0,0,1,0
32.6,12,5812,US,0,0,3,142.2,0.23,0,0,0,0
59.04,10,5732,US,0,2,5,98.84,0.6,0,0,1,0
73.43,16,5812,US,0,0,1,141.4,0.52,0,0,0,0
16.04,16,5541,US,1,2,2,120.82,0.13,0,0,0,0
37.37,12,4121,US,0,0,2,136.23,0.27,0,0,0,0
36.29,13,5732,US,0,1,1,67.07,0.54,0,0,1,0
170.52,3,5944,RO,5,24,31,68.62,2.48,1,1,1,1
70.88,14,5732,US,0,0,2,149.26,0.47,0,0,1,0
13.7,9,5812,US,0,0,3,120.15,0.11,0,0,0,0
115.66,9,5912,US,0,1,2,118.1,0.98,0,0,0,0
38.5,3,5411,US,1,1,5,63.27,0.61,0,1,0,0
25.57,16,5812,US,0,0,0,133.57,0.19,0,0,0,0
15.19,13,5732,US,0,1,5,105.78,0.14,0,0,1,0
8.95,9,5912,US,0,0,5,73.47,0.12,0,0,0,0
14.96,17,5541,US,0,1,5,100.75,0.15,0,0,0,0
140.07,12,5732,US,0,2,6,69.95,2.0,0,0,1,0
13.74,15,5411,US,0,2,5,75.17,0.18,0,0,0,0
206.25,13,5814,US,0,0,4,123.1,1.68,0,0,0,0
55.73,17,5732,US,1,1,2,89.66,0.62,0,0,1,0
22.71,23,5411,US,1,1,3,139.61,0.16,0,0,0,0
21.82,23,5541,CA,1,2,7,73.18,0.3,1,0,0,0
70.94,13,5311,US,0,2,3,77.05,0.92,0,0,0,0
214.44,16,5732,US,1,3,10,94.34,2.27,0,0,1,0
53.84,10,5732,US,1,1,1,56.24,0.96,0,0,1,0
52.57,16,5311,US,0,0,4,133.4,0.39,0,0,0,0
11.67,15,5814,US,0,0,2,72.08,0.16,0,0,0,0
23.86,14,4121,US,0,1,3,133.68,0.18,0,0,0,0
111.32,12,5311,US,0,0,2,145.78,0.76,0,0,0,0
7.54,9,4121,US,0,0,3,80.05,0.09,0,0,0,0
86.41,9,5732,US,0,2,4,115.87,0.75,0,0,1,0
117.3,13,5812,US,1,1,3,147.35,0.8,0,0,0,0
18.98,15,5311,US,0,0,4,133.79,0.14,0,0,0,0
134.85,20,4121,US,0,0,4,62.87,2.14,0,0,0,0
42.62,16,5732,US,0,1,2,119.02,0.36,0,0,1,0
94.87,22,5912,US,0,2,4,64.53,1.47,0,0,0,0
156.84,12,5814,US,0,1,5,109.44,1.43,0,0,0,0
22.55,19,5311,US,0,1,4,86.84,0.26,0,0,0,0
69.95,11,5812,US,0,1,5,143.44,0.49,0,0,0,0
63.62,15,5311,US,0,1,2,64.58,0.99,0,0,0,0
14.84,6,5411,US,0,1,3,123.39,0.12,0,0,0,0
27.05,15,5411,US,0,4,8,131.72,0.21,0,0,0,0
34.29,13,5411,US,1,1,3,86.0,0.4,0,0,0,0
11.23,19,5411,US,0,0,6,70.9,0.16,0,0,0,0
47.27,13,5732,US,0,1,3,114.95,0.41,0,0,1,0
39.93,11,5411,US,2,2,3,129.94,0.31,0,0,0,0
74.11,17,5814,US,0,3,7,119.92,0.62,0,0,0,0
6.76,15,5732,US,1,1,3,122.11,0.06,0,0,1,0
91.59,7,5311,US,0,1,5,132.96,0.69,0,0,0,0
15.85,14,5814,US,0,4,8,88.99,0.18,0,0,0,0
2.5,10,5411,US,1,3,8,87.46,0.03,0,0,0,0
46.29,16,5541,US,0,1,1,143.01,0.32,0,0,0,0
37.34,9,5732,US,0,1,3,144.4,0.26,0,0,1,0
38.63,14,5812,US,0,2,4,111.02,0.35,0,0,0,0
10.5,17,5411,US,0,1,6,106.74,0.1,0,0,0,0
23.34,19,4121,US,0,1,4,134.53,0.17,0,0,0,0
16.51,21,5311,US,0,1,2,99.92,0.17,0,0,0,0
552.1,14,4121,US,1,1,2,101.55,5.44,0,0,0,0
22.1,18,5912,US,0,2,4,64.49,0.34,0,0,0,0
74.55,16,5541,US,0,0,3,64.45,1.16,0,0,0,0
18.1,16,5311,US,0,2,4,60.16,0.3,0,0,0,0
72.85,14,5311,US,0,2,4,125.54,0.58,0,0,0,0
142.39,16,5812,US,0,0,2,77.97,1.83,0,0,0,0
368.28,18,5812,US,0,1,2,97.28,3.79,0,0,0,0
78.82,23,5814,US,0,1,3,121.02,0.65,0,0,0,0
3379.49,4,6051,CY,3,4,4,88.87,38.03,1,1,1,1
1566.35,17,7995,CY,3,2,12,75.46,20.76,1,0,1,1
92.81,17,5311,FR,0,2,4,71.7,1.29,1,0,0,0
217.22,7,4121,US,0,0,4,103.91,2.09,0,0,0,0
16.38,16,5812,US,0,1,4,90.63,0.18,0,0,0,0
8.06,12,5814,US,0,0,1,127.52,0.06,0,0,0,0
98.98,20,5411,US,0,2,7,79.06,1.25,0,0,0,0
46.9,8,5732,US,0,1,4,129.96,0.36,0,0,1,0
38.39,20,4121,US,0,2,6,62.13,0.62,0,0,0,0
22.08,11,5812,US,0,1,4,107.04,0.21,0,0,0,0
1590.53,23,4829,CY,1,4,12,96.64,16.46,1,0,1,1
31.77,10,4121,US,1,1,2,74.84,0.42,0,0,0,0
117.37,17,5411,US,0,0,1,145.6,0.81,0,0,0,0
54.52,19,5311,US,0,0,0,98.29,0.55,0,0,0,0
1.29,20,5311,NG,8,29,45,47.17,0.03,1,0,0,1
29.13,11,5541,US,0,0,1,75.26,0.39,0,0,0,0
22.47,13,4121,US,0,1,2,78.05,0.29,0,0,0,0
128.92,13,5814,US,0,1,1,123.9,1.04,0,0,0,0
94.58,12,5311,US,0,0,2,68.22,1.39,0,0,0,0
56.1,16,5732,US,1,1,2,84.15,0.67,0,0,1,0
24.08,13,5912,US,0,2,5,105.94,0.23,0,0,0,0
112.63,12,5311,US,0,1,3,119.3,0.94,0,0,0,0
9.91,11,5912,US,0,0,0,113.71,0.09,0,0,0,0
10.14,13,5814,US,0,0,1,103.76,0.1,0,0,0,0
117.13,13,4121,US,0,0,2,104.74,1.12,0,0,0,0
15.98,19,5912,US,0,0,1,134.49,0.12,0,0,0,0
6.96,16,4121,US,1,1,6,66.71,0.1,0,0,0,0
788.01,5,5944,RU,2,7,9,91.32,8.63,1,1,1,1
385.58,13,4121,US,0,1,4,56.47,6.83,0,0,0,0
165.42,15,5732,US,0,0,0,128.62,1.29,0,0,1,0
71.21,14,4121,US,1,3,6,135.16,0.53,0,0,0,0
29.39,14,5732,US,0,1,4,130.92,0.22,0,0,1,0
53.63,9,5311,US,0,1,3,95.1,0.56,0,0,0,0
134.78,18,5912,GB,1,2,5,95.62,1.41,1,0,0,0
209.54,10,5812,US,0,1,3,107.92,1.94,0,0,0,0
54.59,10,5541,US,0,0,4,107.23,0.51,0,0,0,0
46.25,10,5812,US,1,2,3,61.25,0.76,0,0,0,0
36.06,17,5411,US,0,1,4,135.16,0.27,0,0,0,0
83.51,11,5311,FR,0,0,1,116.07,0.72,1,0,0,0
515.91,9,4121,US,1,5,5,78.43,6.58,0,0,0,0
65.64,11,5541,US,1,1,4,78.04,0.84,0,0,0,0
32.09,12,4121,US,0,0,2,93.53,0.34,0,0,0,0
93.68,13,5912,US,0,2,4,148.14,0.63,0,0,0,0
28.45,19,5912,US,0,2,3,141.54,0.2,0,0,0,0
30.09,16,5812,US,0,1,3,79.7,0.38,0,0,0,0
128.88,14,5814,US,0,1,2,118.56,1.09,0,0,0,0
55.92,15,5411,US,0,0,2,98.68,0.57,0,0,0,0
4.2,7,5814,US,0,2,4,113.1,0.04,0,0,0,0
39.19,17,5812,US,1,2,4,132.27,0.3,0,0,0,0
31.05,12,5732,US,0,1,4,131.77,0.24,0,0,1,0
15.83,11,5541,US,0,0,3,82.41,0.19,0,0,0,0
74.21,10,5411,US,1,1,6,58.92,1.26,0,0,0,0
2105.35,17,6051,CY,4,7,10,52.82,39.86,1,0,1,1
11.03,12,5812,US,0,2,3,121.42,0.09,0,0,0,0
25.59,12,5912,US,0,1,3,137.21,0.19,0,0,0,0
61.08,13,5311,US,0,1,6,77.84,0.78,0,0,0,0
29.9,18,5912,US,0,2,6,60.23,0.5,0,0,0,0
64.57,16,5812,US,0,0,1,118.04,0.55,0,0,0,0
14.2,10,5812,US,0,1,1,73.35,0.19,0,0,0,0
167.36,12,5732,US,0,1,1,104.52,1.6,0,0,1,0
19.85,16,5541,US,0,2,2,148.12,0.13,0,0,0,0
47.83,7,5812,US,0,0,2,141.13,0.34,0,0,0,0
17.24,17,5311,US,0,1,4,139.51,0.12,0,0,0,0
157.98,11,5311,US,1,1,2,99.8,1.58,0,0,0,0
343.9,8,5732,US,2,3,5,87.62,3.92,0,0,1,0
24.83,17,5814,US,0,0,2,132.79,0.19,0,0,0,0
3770.02,1,5944,CY,1,2,10,96.41,39.1,1,1,1,1
233.69,13,5912,US,0,2,4,107.87,2.17,0,0,0,0
20.77,14,5732,DE,0,0,1,59.63,0.35,1,0,1,0
104.83,16,5311,US,0,0,3,112.97,0.93,0,0,0,0
59.62,13,5912,US,0,0,2,71.44,0.83,0,0,0,0
109.12,13,5311,US,0,1,1,50.75,2.15,0,0,0,0
37.49,18,5814,US,0,1,4,107.08,0.35,0,0,0,0
15.58,7,5812,US,0,0,2,127.01,0.12,0,0,0,0
111.79,13,5411,US,0,2,5,142.59,0.78,0,0,0,0
121.88,16,5732,US,0,1,3,135.83,0.9,0,0,1,0
48.77,15,5814,US,0,1,5,73.19,0.67,0,0,0,0
20.0,23,5912,US,0,0,3,75.54,0.26,0,0,0,0
40.19,14,5814,US,0,0,1,125.94,0.32,0,0,0,0
113.41,15,5912,US,0,0,4,130.29,0.87,0,0,0,0
94.94,13,5541,US,2,3,5,147.23,0.64,0,0,0,0
59.17,18,5732,GB,0,2,4,129.17,0.46,1,0,1,0
30.71,10,4121,US,0,1,3,72.24,0.43,0,0,0,0
129.88,19,5411,US,0,1,2,77.96,1.67,0,0,0,0
10.21,14,4121,US,0,2,3,77.91,0.13,0,0,0,0
53.02,12,5411,US,0,3,6,87.03,0.61,0,0,0,0
5.82,14,5814,US,0,3,6,120.23,0.05,0,0,0,0
39.22,9,5541,US,0,1,4,129.4,0.3,0,0,0,0
22.53,18,5311,US,0,0,1,105.17,0.21,0,0,0,0
3.02,12,5311,UA,14,16,20,68.03,0.04,1,0,0,1
22.93,14,5541,US,1,2,5,85.06,0.27,0,0,0,0
29.99,19,5411,US,0,2,6,96.98,0.31,0,0,0,0
45.35,13,5912,US,1,2,8,69.43,0.65,0,0,0,0
71.01,17,5541,GB,1,1,2,131.48,0.54,1,0,0,0
3001.4,5,5944,CN,3,6,10,58.56,51.25,1,1,1,1
88.86,8,4121,US,0,2,5,117.31,0.76,0,0,0,0
129.06,16,5311,US,0,0,0,52.94,2.44,0,0,0,0
31.68,15,5814,US,0,4,6,88.74,0.36,0,0,0,0
61.38,14,5732,US,1,1,2,64.93,0.95,0,0,1,0
108.6,12,5732,US,0,0,3,148.91,0.73,0,0,1,0
25.46,15,5814,US,1,1,4,70.74,0.36,0,0,0,0
12.43,11,4121,US,0,2,4,60.27,0.21,0,0,0,0
79.5,23,5814,US,0,1,6,65.51,1.21,0,0,0,0
120.56,11,4121,US,0,1,2,119.61,1.01,0,0,0,0
54.85,10,4121,US,0,1,6,53.7,1.02,0,0,0,0
5.92,13,5732,US,0,0,1,68.42,0.09,0,0,1,0
133.26,12,5912,US,0,2,3,54.35,2.45,0,0,0,0
87.52,15,4121,US,0,1,4,108.02,0.81,0,0,0,0
24.23,16,4121,US,0,0,3,127.81,0.19,0,0,0,0
18.23,17,5732,US,1,3,4,145.59,0.13,0,0,1,0
390.54,14,5541,US,1,2,4,51.32,7.61,0,0,0,0
24.0,15,5912,US,0,0,2,144.9,0.17,0,0,0,0
17.94,13,5411,US,1,1,5,107.92,0.17,0,0,0,0
145.89,14,5541,FR,0,2,2,67.46,2.16,1,0,0,0
2317.46,22,5944,NG,2,5,5,76.85,30.16,1,0,1,1
11.23,8,5732,US,0,1,2,55.9,0.2,0,0,1,0
8.61,18,5411,US,0,0,3,137.48,0.06,0,0,0,0
285.39,10,5541,US,0,1,6,134.76,2.12,0,0,0,0
55.17,14,5912,US,0,0,1,108.25,0.51,0,0,0,0
29.26,11,5411,US,0,0,2,76.92,0.38,0,0,0,0
146.83,19,4121,US,0,1,3,50.23,2.92,0,0,0,0
99.8,8,4121,US,0,2,5,83.63,1.19,0,0,0,0
246.98,16,5411,US,0,0,5,135.14,1.83,0,0,0,0
14.65,20,5411,US,1,2,3,139.5,0.11,0,0,0,0
23.77,18,5732,US,0,1,6,139.39,0.17,0,0,1,0
25.18,15,5411,US,0,1,3,139.57,0.18,0,0,0,0
224.2,14,5732,US,0,2,4,64.17,3.49,0,0,1,0
4.06,14,5411,US,0,1,2,138.75,0.03,0,0,0,0
48.45,11,5541,US,0,2,2,115.36,0.42,0,0,0,0
91.29,18,5411,US,1,2,4,103.62,0.88,0,0,0,0
18.52,15,5912,US,0,0,7,78.06,0.24,0,0,0,0
47.21,13,5311,US,0,0,1,71.52,0.66,0,0,0,0
58.91,10,4121,US,0,1,4,71.81,0.82,0,0,0,0
4142.4,3,5732,RU,1,2,6,68.64,60.35,1,1,1,1
15.79,17,5311,US,0,2,5,79.45,0.2,0,0,0,0
3.07,12,4121,US,1,1,3,52.22,0.06,0,0,0,0
26.79,14,5814,US,1,2,3,87.34,0.31,0,0,0,0
78.93,12,5541,GB,0,1,2,71.31,1.11,1,0,0,0
49.87,6,5812,US,1,2,3,89.4,0.56,0,0,0,0
22.9,10,5311,US,0,1,4,128.45,0.18,0,0,0,0
49.02,9,5541,US,0,2,4,138.8,0.35,0,0,0,0
33.52,10,5411,US,1,1,4,59.66,0.56,0,0,0,0
48.33,7,5814,US,0,0,5,76.43,0.63,0,0,0,0
9.82,11,5912,US,1,1,4,129.02,0.08,0,0,0,0
87.36,17,5814,US,1,1,4,93.82,0.93,0,0,0,0
23.97,14,5732,US,0,0,4,86.47,0.28,0,0,1,0
3.31,15,5732,DE,2,2,6,125.95,0.03,1,0,1,0
12.63,15,5311,US,0,0,1,148.92,0.08,0,0,0,0
27.12,23,4121,US,0,1,1,72.79,0.37,0,0,0,0
26.84,14,5541,US,2,3,5,129.5,0.21,0,0,0,0
50.84,14,5411,US,0,1,4,117.29,0.43,0,0,0,0
26.68,15,5814,US,0,0,3,136.81,0.2,0,0,0,0
22.57,12,5814,US,0,0,0,147.36,0.15,0,0,0,0
15.03,16,5411,US,0,1,3,129.51,0.12,0,0,0,0
83.81,15,5812,US,0,1,5,59.62,1.41,0,0,0,0
30.63,10,5912,US,0,0,4,141.91,0.22,0,0,0,0
34.73,16,5541,US,0,2,4,63.59,0.55,0,0,0,0
11.39,15,5814,US,0,0,2,82.76,0.14,0,0,0,0
33.95,12,5541,US,0,0,4,98.62,0.34,0,0,0,0
42.67,21,5812,US,0,0,3,100.23,0.43,0,0,0,0
81.25,10,5912,US,0,1,1,79.54,1.02,0,0,0,0
99.12,9,5814,US,0,2,5,105.67,0.94,0,0,0,0
22.61,14,5541,US,1,2,5,140.11,0.16,0,0,0,0
20.17,23,5912,US,0,1,4,112.96,0.18,0,0,0,0
83.83,14,5411,US,0,0,2,105.48,0.79,0,0,0,0
33.05,14,5814,US,0,2,8,102.19,0.32,0,0,0,0
30.75,14,5411,US,0,0,4,139.99,0.22,0,0,0,0
13.54,9,4121,US,1,2,6,78.04,0.17,0,0,0,0
55.49,15,5411,US,0,0,1,77.1,0.72,0,0,0,0
61.03,16,5812,US,1,1,7,87.04,0.7,0,0,0,0
132.24,11,5732,DE,0,1,1,121.26,1.09,1,0,1,0
62.42,14,5541,US,0,0,3,65.45,0.95,0,0,0,0
45.55,18,4121,US,0,0,2,128.27,0.36,0,0,0,0
90.76,11,5311,US,0,0,1,130.23,0.7,0,0,0,0
18.97,12,5814,US,0,3,4,100.0,0.19,0,0,0,0
80.53,13,5411,US,0,2,7,67.38,1.2,0,0,0,0
167.11,11,4121,US,0,1,1,67.84,2.46,0,0,0,0
246.82,14,5411,US,0,0,2,121.47,2.03,0,0,0,0
11.05,8,4121,US,0,0,2,88.23,0.13,0,0,0,0
70.82,9,5812,US,0,1,5,130.41,0.54,0,0,0,0
30.91,18,5411,US,0,1,5,97.61,0.32,0,0,0,0
40.96,14,5541,US,0,0,7,95.64,0.43,0,0,0,0
18.51,13,5912,US,0,1,2,129.84,0.14,0,0,0,0
35.99,9,4121,US,1,3,7,94.22,0.38,0,0,0,0
9.86,11,5411,US,0,1,2,122.61,0.08,0,0,0,0
11.63,21,5912,US,0,0,3,67.41,0.17,0,0,0,0
26.96,14,5732,US,0,0,2,69.14,0.39,0,0,1,0
82.01,8,5912,US,1,1,1,78.41,1.05,0,0,0,0
37.49,11,5411,US,0,0,2,52.37,0.72,0,0,0,0
54.48,12,5732,US,0,0,1,127.54,0.43,0,0,1,0
80.17,18,5814,US,0,0,1,70.31,1.14,0,0,0,0
49.95,9,5732,US,0,2,6,119.21,0.42,0,0,1,0
19.74,17,5814,US,3,4,6,87.96,0.22,0,0,0,0
43.12,13,5912,US,0,0,1,117.81,0.37,0,0,0,0
20.07,9,5912,US,0,0,1,111.15,0.18,0,0,0,0
13.59,18,5411,US,0,2,4,88.24,0.15,0,0,0,0
51.78,15,5912,US,0,1,5,51.03,1.01,0,0,0,0
51.17,10,4121,US,0,0,2,140.96,0.36,0,0,0,0
12.46,14,5311,US,0,1,5,124.15,0.1,0,0,0,0
102.59,6,5814,US,0,0,3,78.09,1.31,0,0,0,0
51.7,20,5812,US,1,2,6,137.69,0.38,0,0,0,0
24.17,10,5812,US,1,2,3,92.11,0.26,0,0,0,0
57.45,15,4121,US,1,1,4,81.58,0.7,0,0,0,0
68.4,15,5812,US,0,2,2,104.49,0.65,0,0,0,0
384.1,11,5732,US,0,0,5,87.92,4.37,0,0,1,0
96.39,11,5411,US,1,1,2,136.04,0.71,0,0,0,0
196.39,13,5311,US,1,3,5,69.03,2.84,0,0,0,0
52.67,15,5541,US,0,0,2,116.94,0.45,0,0,0,0
224.24,16,4121,US,1,1,3,100.58,2.23,0,0,0,0
13.09,15,5411,US,0,1,4,53.56,0.24,0,0,0,0
27.6,14,5411,US,0,0,1,95.41,0.29,0,0,0,0
134.63,13,5814,US,0,1,1,53.79,2.5,0,0,0,0
133.51,12,5541,US,0,1,4,124.41,1.07,0,0,0,0
7.03,15,5541,US,0,0,0,84.13,0.08,0,0,0,0
15.8,5,5912,US,0,1,4,59.45,0.27,0,1,0,0
429.05,8,4829,US,5,17,21,62.83,6.83,0,0,1,1
21.7,11,5732,US,0,1,4,105.95,0.2,0,0,1,0
47.38,22,4121,US,0,0,3,144.66,0.33,0,0,0,0
87.32,21,5814,US,0,1,8,110.79,0.79,0,0,0,0
9.94,11,5732,GB,0,0,2,97.1,0.1,1,0,1,0
34.01,14,5541,US,0,0,0,129.22,0.26,0,0,0,0
26.23,17,5912,US,0,0,4,92.0,0.29,0,0,0,0
65.77,11,5732,US,2,4,5,143.77,0.46,0,0,1,0
136.44,10,5541,US,2,2,4,107.34,1.27,0,0,0,0
3256.04,21,5732,RU,4,7,10,40.87,79.67,1,0,1,1
201.04,12,5912,US,0,0,0,129.21,1.56,0,0,0,0
70.73,17,5732,US,0,1,3,144.49,0.49,0,0,1,0
65.2,19,5814,US,0,0,4,129.66,0.5,0,0,0,0
25.81,6,5912,US,0,0,5,66.9,0.39,0,0,0,0
256.83,11,5912,US,0,0,7,75.82,3.39,0,0,0,0
42.64,21,5814,US,0,0,1,79.36,0.54,0,0,0,0
35.66,18,5541,US,2,5,5,147.78,0.24,0,0,0,0
65.27,3,5812,US,0,2,3,126.66,0.52,0,1,0,0
19.15,18,5541,US,0,1,5,116.83,0.16,0,0,0,0
62.43,12,5732,US,0,1,3,115.55,0.54,0,0,1,0
475.15,16,5912,US,0,2,5,106.61,4.46,0,0,0,0
56.53,15,5311,US,0,1,2,99.0,0.57,0,0,0,0
68.01,17,5732,US,0,0,0,79.42,0.86,0,0,1,0
1.68,7,5311,US,8,29,39,82.92,0.02,0,0,0,1
60.63,14,4121,US,1,1,4,135.42,0.45,0,0,0,0
24.3,15,5912,US,0,0,3,95.74,0.25,0,0,0,0
22.37,4,5812,US,3,3,6,92.43,0.24,0,1,0,0
131.29,21,4121,US,0,0,2,88.64,1.48,0,0,0,0
57.31,13,5411,US,0,1,6,147.24,0.39,0,0,0,0
70.49,5,5732,US,0,0,1,136.19,0.52,0,1,1,0
14.74,12,5912,US,1,1,2,99.53,0.15,0,0,0,0
69.14,20,5311,US,1,1,3,141.2,0.49,0,0,0,0
66.69,13,5732,US,1,4,6,100.99,0.66,0,0,1,0
61.51,12,4121,US,0,0,4,104.76,0.59,0,0,0,0
124.21,15,5912,US,0,0,1,52.84,2.35,0,0,0,0
37.31,23,5812,US,0,2,6,94.08,0.4,0,0,0,0
45.79,14,5311,US,0,1,1,142.44,0.32,0,0,0,0
47.34,13,5732,US,0,0,6,57.27,0.83,0,0,1,0
43.79,15,5814,US,0,2,4,116.48,0.38,0,0,0,0
35.01,17,5814,US,0,0,0,67.18,0.52,0,0,0,0
23.42,16,5311,US,0,0,1,84.53,0.28,0,0,0,0
31.25,6,5541,US,0,1,4,121.68,0.26,0,0,0,0
16.43,8,4121,US,0,0,2,78.25,0.21,0,0,0,0
20.12,9,5812,US,0,0,2,60.39,0.33,0,0,0,0
47.61,12,5311,US,0,0,4,85.47,0.56,0,0,0,0
3.05,10,5311,NG,6,14,47,79.94,0.04,1,0,0,1
108.24,14,4121,US,0,1,4,144.79,0.75,0,0,0,0
11.69,9,5311,US,0,0,0,117.91,0.1,0,0,0,0
130.96,17,5814,US,0,1,3,123.88,1.06,0,0,0,0
87.34,21,5732,US,0,1,5,123.52,0.71,0,0,1,0
58.73,8,5732,US,1,2,4,127.83,0.46,0,0,1,0
402.04,10,5814,US,0,0,1,120.03,3.35,0,0,0,0
139.68,19,4121,US,0,0,1,90.62,1.54,0,0,0,0
46.91,17,5541,US,0,2,7,143.17,0.33,0,0,0,0
26.68,7,5814,US,0,0,3,122.95,0.22,0,0,0,0
9237.99,1,5732,RO,1,5,8,69.58,132.77,1,1,1,1
12.29,8,5411,US,0,2,7,98.92,0.12,0,0,0,0
332.17,18,4121,US,0,4,7,65.31,5.09,0,0,0,0
16.09,11,5311,US,0,2,3,80.99,0.2,0,0,0,0
8.77,14,5311,US,0,0,5,128.18,0.07,0,0,0,0
136.1,16,5311,FR,0,0,0,140.34,0.97,1,0,0,0
706.16,20,7995,CY,4,3,6,52.9,13.35,1,0,1,1
23.13,4,5812,US,0,1,3,85.03,0.27,0,1,0,0
12.7,11,5541,US,0,0,4,81.77,0.16,0,0,0,0
22.92,16,5541,US,2,3,5,75.92,0.3,0,0,0,0
14.9,14,5311,US,0,1,2,81.95,0.18,0,0,0,0
57.16,15,5814,US,0,1,4,104.27,0.55,0,0,0,0
17.71,16,4121,US,0,1,8,77.98,0.23,0,0,0,0
92.69,13,5814,US,0,0,1,139.19,0.67,0,0,0,0
176.74,14,5814,US,0,2,6,90.05,1.96,0,0,0,0
143.76,17,5812,US,1,2,5,75.92,1.89,0,0,0,0
128.85,10,5912,US,1,1,3,51.43,2.51,0,0,0,0
156.35,14,5814,US,0,0,2,68.16,2.29,0,0,0,0
2509.64,5,5944,UA,2,6,9,41.9,59.9,1,1,1,1
9.12,11,5541,JP,1,2,3,60.04,0.15,1,0,0,0
183.43,7,5411,US,0,3,5,133.6,1.37,0,0,0,0
148.95,9,5814,US,0,0,2,140.83,1.06,0,0,0,0
18.33,13,5814,DE,0,0,5,53.45,0.34,1,0,0,0
42.99,9,5311,US,0,1,3,88.15,0.49,0,0,0,0
21.59,7,5812,US,0,0,2,121.59,0.18,0,0,0,0
12.49,20,5912,US,2,2,5,58.56,0.21,0,0,0,0
75.4,22,5814,US,0,1,3,139.57,0.54,0,0,0,0
20.15,6,5541,US,0,1,5,51.26,0.39,0,0,0,0
28.97,18,5732,CA,1,2,4,128.59,0.23,1,0,1,0
34.65,12,5732,US,0,0,4,93.18,0.37,0,0,1,0
665.56,15,5311,US,0,2,4,51.46,12.93,0,0,0,0
276.3,20,5812,US,0,0,6,109.48,2.52,0,0,0,0
141.62,15,5912,US,0,2,4,82.09,1.73,0,0,0,0
18.97,3,4121,US,0,2,4,97.89,0.19,0,1,0,0
1.68,2,5311,US,8,26,49,75.23,0.02,0,1,0,1
46.08,9,5732,US,0,0,2,83.16,0.55,0,0,1,0
121.56,11,5732,US,0,0,1,53.87,2.26,0,0,1,0
29.44,19,5411,US,0,0,0,147.16,0.2,0,0,0,0
948.38,13,5944,US,9,22,16,66.24,14.32,0,0,1,1
10.32,12,5732,US,0,1,3,139.61,0.07,0,0,1,0
23.83,20,5411,US,0,0,4,113.04,0.21,0,0,0,0
13.63,13,5912,US,0,0,3,129.65,0.11,0,0,0,0
187.43,12,5732,US,0,0,3,110.55,1.7,0,0,1,0
68.72,12,4121,US,0,2,8,139.71,0.49,0,0,0,0
42.98,19,5732,US,0,0,0,89.92,0.48,0,0,1,0
10.26,15,5812,US,0,0,2,130.71,0.08,0,0,0,0
87.05,9,5732,US,1,2,2,68.34,1.27,0,0,1,0
41.32,11,5411,CA,0,0,4,65.86,0.63,1,0,0,0
44.34,19,5411,US,0,0,1,125.43,0.35,0,0,0,0
100.99,15,5541,US,0,0,1,88.34,1.14,0,0,0,0
60.72,15,5812,US,1,1,1,97.94,0.62,0,0,0,0
18.3,15,4121,US,0,2,5,123.55,0.15,0,0,0,0
82.19,8,5411,US,0,2,3,82.31,1.0,0,0,0,0
28.62,12,5814,US,0,0,4,72.78,0.39,0,0,0,0
8.22,11,5411,US,0,1,4,146.85,0.06,0,0,0,0
85.74,16,4121,US,0,0,1,73.73,1.16,0,0,0,0
68.29,21,5311,US,0,0,2,94.7,0.72,0,0,0,0
42.93,13,5541,US,1,2,4,149.8,0.29,0,0,0,0
32.21,15,5411,US,0,1,5,56.18,0.57,0,0,0,0
52.39,9,5812,US,0,1,3,77.87,0.67,0,0,0,0
21.21,5,5814,US,1,2,6,88.36,0.24,0,1,0,0
29.18,8,5411,US,1,1,4,111.0,0.26,0,0,0,0
36.4,15,5814,US,0,0,1,86.51,0.42,0,0,0,0
183.68,12,5814,US,0,1,3,86.36,2.13,0,0,0,0
67.99,17,5311,US,0,1,5,98.65,0.69,0,0,0,0
20.29,16,4121,US,1,2,3,50.74,0.4,0,0,0,0
35.26,7,5814,US,0,2,4,142.0,0.25,0,0,0,0
30.88,10,5812,US,0,1,4,97.22,0.32,0,0,0,0
122.29,6,5812,US,0,2,3,135.75,0.9,0,0,0,0
92.99,16,5812,US,0,0,1,65.32,1.42,0,0,0,0
14.9,18,5732,US,1,3,5,82.36,0.18,0,0,1,0
7.38,21,5411,US,0,1,4,104.81,0.07,0,0,0,0
27.79,9,5814,US,1,3,7,147.68,0.19,0,0,0,0
10.13,19,5311,US,0,1,2,103.74,0.1,0,0,0,0
39.9,16,5411,US,0,2,8,92.03,0.43,0,0,0,0
59.43,12,4121,US,0,0,1,123.8,0.48,0,0,0,0
1870.02,13,6051,RU,2,6,11,92.33,20.25,1,0,1,1
21.05,15,4121,US,0,0,2,145.46,0.14,0,0,0,0
35.05,14,5814,US,0,0,0,121.19,0.29,0,0,0,0
13.66,10,4121,US,1,2,4,118.92,0.11,0,0,0,0
14.55,18,5812,US,0,2,6,111.97,0.13,0,0,0,0
21.39,12,5812,US,0,1,4,130.01,0.16,0,0,0,0
14.79,15,5311,US,0,1,2,135.58,0.11,0,0,0,0
26.51,13,5812,US,1,4,8,102.16,0.26,0,0,0,0
173.46,17,5814,FR,0,1,6,148.06,1.17,1,0,0,0
79.16,20,5812,US,0,0,3,55.96,1.41,0,0,0,0
20.88,20,5541,US,0,1,3,99.05,0.21,0,0,0,0
38.87,22,5541,US,0,1,2,55.49,0.7,0,0,0,0
26.14,23,4121,US,0,1,3,126.55,0.21,0,0,0,0
26.87,7,5912,US,0,2,4,63.1,0.43,0,0,0,0
15.47,15,5311,US,0,0,0,64.89,0.24,0,0,0,0
102.92,12,5814,US,0,2,6,95.35,1.08,0,0,0,0
26.1,14,5814,US,0,1,2,95.76,0.27,0,0,0,0
20.8,9,4121,US,0,3,5,144.23,0.14,0,0,0,0
247.04,8,5812,US,0,0,1,71.49,3.46,0,0,0,0
81.23,13,5732,US,0,2,5,126.17,0.64,0,0,1,0
95.8,17,4121,US,1,1,5,69.58,1.38,0,0,0,0
39.43,5,4121,US,0,0,3,142.2,0.28,0,1,0,0
7.98,10,5311,US,0,0,4,70.39,0.11,0,0,0,0
42.06,14,4121,US,0,0,4,138.71,0.3,0,0,0,0
68.0,11,5311,US,0,0,1,69.11,0.98,0,0,0,0
79.55,14,4121,US,0,0,5,73.91,1.08,0,0,0,0
120.74,22,4121,US,0,0,3,64.64,1.87,0,0,0,0
21.55,14,5311,US,1,2,5,109.68,0.2,0,0,0,0
12.12,15,5732,US,0,1,5,147.99,0.08,0,0,1,0
97.1,17,5311,US,0,1,4,82.28,1.18,0,0,0,0
50.88,13,5541,US,0,1,4,110.84,0.46,0,0,0,0
19.05,16,5732,US,0,1,7,117.67,0.16,0,0,1,0
143.59,11,5812,US,1,2,3,83.02,1.73,0,0,0,0
131.59,8,5411,US,0,4,6,135.42,0.97,0,0,0,0
16.61,12,5311,US,0,0,1,130.29,0.13,0,0,0,0
61.82,11,5812,US,0,0,3,105.89,0.58,0,0,0,0
39.46,11,5912,US,0,0,4,130.07,0.3,0,0,0,0
138.59,14,5732,US,0,2,5,142.16,0.97,0,0,1,0
1088.49,19,5732,CN,4,2,9,47.72,22.81,1,0,1,1
17.44,12,5311,US,0,1,6,117.36,0.15,0,0,0,0
47.47,17,5411,US,0,0,2,119.53,0.4,0,0,0,0
36.09,11,5541,US,1,2,2,86.58,0.42,0,0,0,0
19.35,13,5311,US,0,3,5,109.03,0.18,0,0,0,0
18.79,13,5411,US,0,0,2,75.64,0.25,0,0,0,0
51.97,13,5411,US,0,0,2,127.12,0.41,0,0,0,0
46.17,14,5411,US,1,1,4,113.17,0.41,0,0,0,0
41.84,18,5541,US,0,1,6,91.88,0.46,0,0,0,0
12.92,7,5411,US,1,1,3,121.51,0.11,0,0,0,0
91.6,19,4121,US,0,0,0,80.7,1.14,0,0,0,0
35.4,16,5732,FR,1,1,7,135.28,0.26,1,0,1,0
55.6,14,5411,US,0,0,2,67.49,0.82,0,0,0,0
17.84,13,5814,US,1,3,4,53.59,0.33,0,0,0,0
157.58,11,5411,US,1,1,4,121.08,1.3,0,0,0,0
37.71,3,5912,US,0,0,1,93.61,0.4,0,1,0,0
18.75,10,5912,US,0,2,5,69.43,0.27,0,0,0,0
65.55,19,5732,US,0,0,0,75.36,0.87,0,0,1,0
3.04,21,5812,US,0,1,4,82.79,0.04,0,0,0,0
1.48,23,5311,US,8,27,17,57.53,0.03,0,0,0,1
39.23,13,5814,US,0,1,2,83.33,0.47,0,0,0,0
37.64,9,5411,US,1,1,3,104.18,0.36,0,0,0,0
51.32,14,5912,US,0,0,0,120.25,0.43,0,0,0,0
199.8,10,4121,US,0,0,1,117.36,1.7,0,0,0,0
35.79,14,5541,US,1,2,4,132.25,0.27,0,0,0,0
221.45,14,5311,US,0,0,1,97.92,2.26,0,0,0,0
87.27,13,5912,US,0,1,3,100.67,0.87,0,0,0,0
39.3,17,4121,US,0,0,1,143.18,0.27,0,0,0,0
52.28,16,5541,US,0,1,4,126.48,0.41,0,0,0,0
13.73,18,5541,US,0,1,5,117.2,0.12,0,0,0,0
23.47,17,5311,US,0,2,6,99.21,0.24,0,0,0,0
83.2,12,4121,CA,0,0,1,50.72,1.64,1,0,0,0
33.62,5,5912,US,0,2,3,68.96,0.49,0,1,0,0
56.76,15,5814,US,0,1,5,85.23,0.67,0,0,0,0
16.11,16,5814,US,0,2,4,116.59,0.14,0,0,0,0
36.51,18,5812,US,0,2,5,140.77,0.26,0,0,0,0
94.22,8,5311,US,1,1,6,82.72,1.14,0,0,0,0
30.4,12,5812,US,0,1,3,116.84,0.26,0,0,0,0
184.1,11,5814,US,0,0,3,53.94,3.41,0,0,0,0
17.45,17,5814,US,1,2,4,138.68,0.13,0,0,0,0
23.29,11,5541,US,0,2,3,81.04,0.29,0,0,0,0
123.18,12,5541,US,1,3,4,109.71,1.12,0,0,0,0
22.73,9,5912,US,1,1,2,138.88,0.16,0,0,0,0
34.07,11,5814,US,0,1,1,54.44,0.63,0,0,0,0
13.7,4,5541,US,0,1,3,143.4,0.1,0,1,0,0
31.69,12,5411,US,0,0,4,69.69,0.45,0,0,0,0
1028.4,5,6051,NG,1,6,9,73.91,13.91,1,1,1,1
41.39,14,5812,US,0,0,3,90.76,0.46,0,0,0,0
645.15,4,7995,RO,5,23,38,86.08,7.49,1,1,1,1
326.33,17,5912,US,0,1,3,95.18,3.43,0,0,0,0
97.4,10,5411,US,0,0,6,95.95,1.02,0,0,0,0
85.47,8,5812,US,0,0,4,81.72,1.05,0,0,0,0
88.9,15,5411,US,0,1,4,51.33,1.73,0,0,0,0
24.99,16,5311,US,0,1,5,90.2,0.28,0,0,0,0
47.78,12,5411,US,0,0,3,97.19,0.49,0,0,0,0
2159.79,17,7995,CY,4,3,5,57.17,37.78,1,0,1,1
29.07,15,5814,US,1,1,2,111.99,0.26,0,0,0,0
19.84,20,5732,US,0,0,3,128.91,0.15,0,0,1,0
13.09,22,5812,FR,0,1,2,139.91,0.09,1,0,0,0
89.07,9,5411,US,0,1,3,122.65,0.73,0,0,0,0
32.62,17,5311,US,0,2,5,107.87,0.3,0,0,0,0
113.53,18,5814,US,0,1,5,146.3,0.78,0,0,0,0
23.69,18,5814,US,0,0,4,79.79,0.3,0,0,0,0
47.27,9,5814,US,0,0,2,82.35,0.57,0,0,0,0
154.88,13,5814,US,0,0,4,135.1,1.15,0,0,0,0
225.96,17,5912,US,0,1,2,96.59,2.34,0,0,0,0
608.79,10,5732,RO,5,20,16,96.65,6.3,1,0,1,1
27.08,15,5411,US,0,1,5,147.36,0.18,0,0,0,0
47.37,13,5814,US,1,1,3,55.86,0.85,0,0,0,0
20.44,13,5912,US,1,2,4,50.93,0.4,0,0,0,0
157.93,10,5732,US,0,0,1,139.64,1.13,0,0,1,0
17.48,11,5814,US,0,0,4,84.49,0.21,0,0,0,0
23.24,19,5814,US,0,2,4,137.4,0.17,0,0,0,0
11.3,5,5311,US,0,2,3,82.42,0.14,0,1,0,0
38.45,15,5411,US,1,2,3,76.43,0.5,0,0,0,0
49.24,12,5912,US,0,1,4,99.84,0.49,0,0,0,0
48.99,9,5814,US,1,1,3,123.28,0.4,0,0,0,0
18.12,16,4121,US,0,0,4,74.1,0.24,0,0,0,0
100.59,16,4121,US,0,0,0,121.33,0.83,0,0,0,0
630.9,14,4829,GB,9,23,17,88.46,7.13,1,0,1,1
58.13,17,5814,US,0,0,2,143.52,0.41,0,0,0,0
41.9,13,5311,US,0,2,4,121.84,0.34,0,0,0,0
142.68,12,5311,US,0,0,3,111.15,1.28,0,0,0,0
29.68,18,5732,US,0,0,2,145.21,0.2,0,0,1,0
30.87,3,5411,US,0,0,3,104.65,0.29,0,1,0,0
157.57,14,5541,US,1,1,5,51.9,3.04,0,0,0,0
21.99,15,4121,DE,0,0,2,65.74,0.33,1,0,0,0
16.28,8,5812,JP,0,0,0,65.74,0.25,1,0,0,0
24.75,5,5311,US,0,0,1,139.59,0.18,0,1,0,0
51.54,4,5732,US,0,0,1,93.9,0.55,0,1,1,0
35.97,11,4121,US,0,1,1,92.83,0.39,0,0,0,0
27.72,16,5311,US,0,0,2,78.56,0.35,0,0,0,0
36.81,8,5912,US,1,1,2,117.83,0.31,0,0,0,0
46.27,8,5732,US,0,0,1,138.08,0.34,0,0,1,0
52.63,10,5411,US,1,2,5,64.77,0.81,0,0,0,0
25.55,17,5311,US,0,0,5,101.85,0.25,0,0,0,0
52.31,9,5812,US,1,2,3,80.65,0.65,0,0,0,0
63.56,11,4121,US,1,2,4,79.81,0.8,0,0,0,0
30.56,16,5814,US,1,1,4,139.81,0.22,0,0,0,0
76.71,11,5411,US,0,0,0,92.34,0.83,0,0,0,0
45.67,17,5541,US,0,0,5,148.73,0.31,0,0,0,0
98.04,11,5812,US,0,0,1,111.81,0.88,0,0,0,0
73.0,19,5912,US,0,1,5,61.29,1.19,0,0,0,0
26.22,9,5814,US,0,1,4,110.67,0.24,0,0,0,0
13.56,3,5814,US,0,0,2,81.6,0.17,0,1,0,0
37.13,15,5311,US,1,2,5,64.01,0.58,0,0,0,0
34.17,10,5311,US,0,0,3,129.05,0.26,0,0,0,0
85.84,12,5814,US,0,2,4,94.61,0.91,0,0,0,0
38.38,14,5541,DE,0,3,7,54.23,0.71,1,0,0,0
13.93,20,5311,US,1,1,5,130.2,0.11,0,0,0,0
24.17,11,5541,US,0,1,2,128.74,0.19,0,0,0,0
24.05,18,5411,US,0,1,1,69.69,0.35,0,0,0,0
32.06,23,5814,US,0,1,6,66.03,0.49,0,0,0,0
21.89,14,5814,US,0,1,2,97.8,0.22,0,0,0,0
15.08,10,5812,US,0,1,2,70.9,0.21,0,0,0,0
88.59,21,5311,US,0,1,3,92.34,0.96,0,0,0,0
34.44,15,5541,US,0,4,6,102.69,0.34,0,0,0,0
74.01,10,5812,US,0,2,5,84.76,0.87,0,0,0,0
128.33,15,4121,US,0,1,4,91.69,1.4,0,0,0,0
52.72,12,5541,US,0,1,1,59.93,0.88,0,0,0,0
53.46,9,5732,US,0,0,2,132.25,0.4,0,0,1,0
242.57,15,5541,US,1,3,5,83.84,2.89,0,0,0,0
33.64,16,5732,US,0,1,4,97.68,0.34,0,0,1,0
15.5,20,5311,US,0,0,2,50.78,0.31,0,0,0,0
77.0,16,5812,US,0,0,3,60.35,1.28,0,0,0,0
41.56,11,5411,US,0,2,8,140.35,0.3,0,0,0,0
69.86,12,5311,US,0,2,3,64.87,1.08,0,0,0,0
319.23,17,5311,US,1,1,2,149.69,2.13,0,0,0,0
2.42,5,5311,UA,7,29,29,91.52,0.03,1,1,0,1
64.03,9,5311,US,1,4,6,87.86,0.73,0,0,0,0
76.63,21,5311,US,0,1,5,133.81,0.57,0,0,0,0
30.11,17,5311,US,1,2,3,116.4,0.26,0,0,0,0
5.37,15,5732,US,0,0,2,146.68,0.04,0,0,1,0
24.34,13,5732,CA,0,1,2,63.52,0.38,1,0,1,0
23.03,12,4121,US,0,2,3,60.56,0.38,0,0,0,0
2251.31,4,5732,UA,3,6,10,57.18,39.37,1,1,1,1
25.86,11,5912,US,1,2,4,52.92,0.49,0,0,0,0
31.15,21,5812,FR,1,3,8,73.51,0.42,1,0,0,0
73.25,16,5912,US,0,2,5,52.17,1.4,0,0,0,0
1641.96,17,5944,NG,3,8,10,61.11,26.87,1,0,1,1
148.39,7,5812,US,0,2,4,126.54,1.17,0,0,0,0
92.82,12,5411,US,0,1,2,126.18,0.74,0,0,0,0
55.13,12,5812,US,0,3,6,148.55,0.37,0,0,0,0
37.96,18,5311,US,0,0,2,129.85,0.29,0,0,0,0
241.74,10,5912,US,0,1,4,84.91,2.85,0,0,0,0
82.29,9,5912,US,0,0,2,144.82,0.57,0,0,0,0
213.28,14,5411,US,0,1,2,87.16,2.45,0,0,0,0
31.52,8,4121,US,0,4,6,106.62,0.3,0,0,0,0
23.55,14,5812,US,0,1,2,77.12,0.31,0,0,0,0
192.28,21,5732,GB,9,20,26,93.5,2.06,1,0,1,1
135.97,13,5814,US,0,0,3,132.81,1.02,0,0,0,0
929.83,19,7995,CN,3,2,10,69.2,13.44,1,0,1,1
18.72,17,5411,US,1,2,3,109.39,0.17,0,0,0,0
56.2,16,5814,US,0,1,4,68.5,0.82,0,0,0,0
43.52,20,5541,US,0,1,4,60.45,0.72,0,0,0,0
244.48,21,5541,US,0,1,4,128.22,1.91,0,0,0,0
164.83,10,5814,US,0,1,4,60.0,2.75,0,0,0,0
30.34,11,4121,US,0,1,1,144.48,0.21,0,0,0,0
49.96,16,5311,US,0,0,3,90.34,0.55,0,0,0,0
68.34,6,5311,US,1,3,5,77.06,0.89,0,0,0,0
237.89,13,5812,US,0,1,5,58.27,4.08,0,0,0,0
26.29,14,4121,FR,0,0,1,120.64,0.22,1,0,0,0
10.19,12,5311,US,0,1,3,82.76,0.12,0,0,0,0
96.96,14,5812,US,0,0,3,100.07,0.97,0,0,0,0
109.84,7,5732,US,0,0,1,57.07,1.92,0,0,1,0
39.1,19,4121,US,0,1,7,146.07,0.27,0,0,0,0
25.56,17,5411,US,0,0,3,125.38,0.2,0,0,0,0
16.93,17,5912,US,0,0,4,59.9,0.28,0,0,0,0
51.57,17,5411,US,0,0,6,80.86,0.64,0,0,0,0
23.51,11,4121,US,0,0,3,122.65,0.19,0,0,0,0
72.91,15,5812,US,0,1,6,85.35,0.85,0,0,0,0
1156.58,6,7995,RU,1,4,12,97.77,11.83,1,0,1,1
14.01,17,5814,US,0,1,3,79.21,0.18,0,0,0,0
49.36,13,5541,US,2,3,4,137.68,0.36,0,0,0,0
81.03,14,4121,US,0,1,3,146.02,0.55,0,0,0,0
36.31,10,5912,JP,0,0,1,93.0,0.39,1,0,0,0
36.45,17,5411,GB,1,2,5,64.42,0.57,1,0,0,0
31.38,12,5814,US,1,2,3,95.92,0.33,0,0,0,0
25.24,13,5411,US,0,0,1,142.74,0.18,0,0,0,0
50.91,10,5732,US,0,1,6,82.76,0.62,0,0,1,0
36.22,8,5814,US,1,2,3,100.01,0.36,0,0,0,0
26.0,14,5411,US,0,0,3,126.27,0.21,0,0,0,0
37.7,16,5411,US,0,1,6,64.71,0.58,0,0,0,0
127.66,14,5541,US,1,3,4,61.35,2.08,0,0,0,0
29.83,18,4121,US,1,2,7,54.19,0.55,0,0,0,0
19.07,9,5541,US,0,1,2,127.3,0.15,0,0,0,0
28.46,15,5732,US,0,1,2,96.47,0.3,0,0,1,0
119.94,19,5732,US,0,1,7,120.56,0.99,0,0,1,0
17.95,8,5541,US,0,1,6,145.18,0.12,0,0,0,0
48.73,9,5912,US,0,1,3,92.94,0.52,0,0,0,0
127.78,13,5812,US,0,0,3,136.63,0.94,0,0,0,0
21.01,15,5812,US,1,4,7,139.5,0.15,0,0,0,0
41.11,13,5912,US,0,0,1,108.55,0.38,0,0,0,0
22.69,17,5311,US,0,0,4,65.93,0.34,0,0,0,0
30.85,12,5732,US,0,1,2,97.77,0.32,0,0,1,0
108.2,13,5732,US,0,1,3,138.39,0.78,0,0,1,0
19.04,16,5732,US,0,1,3,148.41,0.13,0,0,1,0
8893.72,3,5732,US,1,3,7,66.38,133.98,0,1,1,1
16.48,11,5812,US,0,0,4,132.87,0.12,0,0,0,0
18.9,7,4121,US,1,2,4,142.84,0.13,0,0,0,0
117.41,11,5411,US,0,1,4,124.6,0.94,0,0,0,0
27.74,19,5814,US,1,1,4,117.75,0.24,0,0,0,0
43.17,23,5814,US,0,2,6,131.5,0.33,0,0,0,0
53.85,16,5814,US,0,1,1,118.26,0.46,0,0,0,0
88.56,8,5912,US,0,3,5,103.18,0.86,0,0,0,0
4.98,13,5732,US,0,0,1,142.0,0.04,0,0,1,0
97.53,18,5814,US,0,1,5,134.89,0.72,0,0,0,0
62.83,14,5812,US,0,0,3,75.23,0.84,0,0,0,0
162.31,16,5541,FR,0,0,2,102.65,1.58,1,0,0,0
21.1,11,4121,US,0,0,2,114.18,0.18,0,0,0,0
56.52,14,5912,US,0,0,3,77.94,0.73,0,0,0,0
78.28,7,5732,US,0,0,6,146.36,0.53,0,0,1,0
30.56,10,5311,US,0,1,5,129.47,0.24,0,0,0,0
105.63,11,5411,US,0,1,4,118.12,0.89,0,0,0,0
60.23,22,5311,US,2,3,3,141.16,0.43,0,0,0,0
1.64,4,5311,UA,6,11,17,89.53,0.02,1,1,0,1
2838.23,4,6051,RU,2,2,10,76.24,37.23,1,1,1,1
5.86,18,4121,US,0,3,8,134.3,0.04,0,0,0,0
120.2,15,5814,US,0,2,4,85.83,1.4,0,0,0,0
199.54,11,5732,US,0,1,1,89.88,2.22,0,0,1,0
44.24,13,5541,US,2,2,4,64.7,0.68,0,0,0,0
40.56,18,5812,US,1,2,6,67.19,0.6,0,0,0,0
87.95,15,5411,US,0,0,3,79.81,1.1,0,0,0,0
18.53,7,5812,US,0,0,4,116.9,0.16,0,0,0,0
11.25,18,5411,US,0,1,1,117.56,0.1,0,0,0,0
8.23,15,5541,US,0,1,2,128.22,0.06,0,0,0,0
7799.65,3,5944,CY,2,3,5,58.04,134.38,1,1,1,1
72.6,13,4121,US,0,2,3,60.01,1.21,0,0,0,0
110.22,20,5411,US,0,1,7,61.02,1.81,0,0,0,0
90.78,5,5411,US,0,2,4,144.2,0.63,0,1,0,0
24.0,10,5912,US,0,0,3,118.56,0.2,0,0,0,0
20.72,7,5814,US,0,2,4,147.33,0.14,0,0,0,0
15.21,10,5541,US,0,0,2,104.5,0.15,0,0,0,0
4.61,14,5912,US,1,5,10,111.76,0.04,0,0,0,0
41.15,13,5541,US,1,2,3,111.31,0.37,0,0,0,0
16.94,13,5814,US,0,0,3,68.32,0.25,0,0,0,0
133.27,13,5812,FR,0,3,7,114.09,1.17,1,0,0,0
455.08,9,5812,US,0,0,3,66.36,6.86,0,0,0,0
2915.79,5,5732,CY,3,3,11,79.15,36.84,1,1,1,1
31.12,10,5814,US,0,1,1,117.25,0.27,0,0,0,0
26.91,14,5814,US,0,1,3,106.33,0.25,0,0,0,0
71.12,14,5541,US,0,1,3,72.68,0.98,0,0,0,0
19.31,16,5732,US,0,0,4,149.35,0.13,0,0,1,0
56.82,15,5411,US,0,2,5,66.51,0.85,0,0,0,0
13.19,17,5814,US,0,1,5,120.08,0.11,0,0,0,0
84.26,15,5311,US,1,1,4,102.43,0.82,0,0,0,0
40.47,9,5732,US,0,1,6,95.16,0.43,0,0,1,0
12.66,9,5541,US,1,1,2,142.42,0.09,0,0,0,0
70.65,14,5812,US,0,1,4,83.64,0.84,0,0,0,0
32.04,15,5411,US,0,0,4,60.05,0.53,0,0,0,0
67.23,13,4121,US,0,3,7,139.54,0.48,0,0,0,0
12.46,17,5541,US,0,1,3,89.99,0.14,0,0,0,0
12.73,11,5732,US,0,0,5,101.19,0.13,0,0,1,0
68.46,4,4121,US,0,0,3,111.28,0.62,0,1,0,0
55.19,14,4121,US,0,2,4,74.01,0.75,0,0,0,0
60.65,18,5812,US,0,0,1,120.22,0.5,0,0,0,0
22.18,14,5814,US,0,2,4,123.92,0.18,0,0,0,0
28.74,9,5311,US,0,0,5,117.83,0.24,0,0,0,0
64.12,16,5541,US,0,0,0,65.32,0.98,0,0,0,0
257.27,12,5311,US,0,0,2,135.71,1.9,0,0,0,0
42.96,10,5541,US,0,2,4,113.58,0.38,0,0,0,0
248.11,10,5411,US,1,3,7,114.85,2.16,0,0,0,0
67.78,14,5912,US,1,2,5,102.95,0.66,0,0,0,0
25.48,8,5541,US,1,2,3,135.6,0.19,0,0,0,0
7.69,14,5732,US,0,1,3,65.6,0.12,0,0,1,0
37.14,9,5732,US,0,0,1,128.11,0.29,0,0,1,0
17.21,12,5912,US,1,2,5,60.93,0.28,0,0,0,0
3274.12,10,4829,CY,2,3,8,53.91,60.73,1,0,1,1
101.69,21,5541,US,0,0,3,68.67,1.48,0,0,0,0
44.07,9,5732,US,0,3,5,130.65,0.34,0,0,1,0
12.92,18,5311,US,0,3,7,117.25,0.11,0,0,0,0
8.98,16,5541,GB,0,1,4,121.75,0.07,1,0,0,0
71.58,12,5311,US,0,0,2,101.8,0.7,0,0,0,0
66.21,12,5812,US,0,1,5,138.84,0.48,0,0,0,0
108.19,6,5812,US,2,3,4,144.64,0.75,0,0,0,0
40.06,10,5912,US,0,1,7,134.45,0.3,0,0,0,0
765.93,19,5912,US,0,0,2,140.03,5.47,0,0,0,0
1312.26,3,7995,RU,3,8,6,83.33,15.75,1,1,1,1
52.53,10,5912,US,1,1,3,106.31,0.49,0,0,0,0
92.17,11,5311,US,2,3,6,65.45,1.41,0,0,0,0
21.73,15,5814,US,0,1,2,120.66,0.18,0,0,0,0
15.63,7,5732,US,0,4,5,149.84,0.1,0,0,1,0
25.69,7,5541,US,0,0,2,135.22,0.19,0,0,0,0
159.28,9,5814,US,0,0,4,73.25,2.17,0,0,0,0
119.62,15,5814,US,0,2,5,126.74,0.94,0,0,0,0
101.32,10,5732,US,0,0,1,136.62,0.74,0,0,1,0
68.08,4,5814,US,0,1,1,84.02,0.81,0,1,0,0
51.23,17,5311,US,0,1,2,88.95,0.58,0,0,0,0
52.31,12,5732,US,0,0,2,147.07,0.36,0,0,1,0
30.38,16,5912,US,0,0,1,91.21,0.33,0,0,0,0
56.58,11,5814,US,1,1,3,68.56,0.83,0,0,0,0
79.23,19,5411,US,0,1,3,112.96,0.7,0,0,0,0
20.09,16,4121,US,0,1,2,53.88,0.37,0,0,0,0
23.6,18,5814,US,0,0,3,79.35,0.3,0,0,0,0
1428.6,23,6051,CN,2,4,11,43.27,33.02,1,0,1,1
96.08,11,5311,JP,0,0,4,64.51,1.49,1,0,0,0
16.5,13,4121,US,1,2,3,118.54,0.14,0,0,0,0
32.87,11,5732,US,0,0,3,99.14,0.33,0,0,1,0
51.47,9,5814,US,0,0,2,117.63,0.44,0,0,0,0
88.59,12,5311,US,0,2,5,122.33,0.72,0,0,0,0
78.4,9,5411,US,0,0,2,139.45,0.56,0,0,0,0
15.64,15,4121,US,0,0,0,89.22,0.18,0,0,0,0
42.8,11,5541,JP,0,3,9,68.03,0.63,1,0,0,0
32.89,12,5311,US,0,0,1,114.03,0.29,0,0,0,0
86.18,14,4121,US,0,1,4,99.46,0.87,0,0,0,0
2.52,11,5311,UA,10,25,39,41.83,0.06,1,0,0,1
23.3,12,5541,US,0,1,2,83.35,0.28,0,0,0,0
197.5,12,5912,US,0,2,5,106.3,1.86,0,0,0,0
58.56,18,5311,US,0,1,2,93.1,0.63,0,0,0,0
1648.11,7,5944,RU,1,8,6,91.25,18.06,1,0,1,1
53.86,10,5912,US,0,1,1,145.15,0.37,0,0,0,0
115.06,16,5541,US,0,1,4,67.99,1.69,0,0,0,0
26.96,9,5732,US,0,0,0,135.67,0.2,0,0,1,0
40.46,15,4121,US,0,1,3,147.36,0.27,0,0,0,0
17.8,14,4121,US,0,0,0,83.25,0.21,0,0,0,0
33.65,14,4121,US,1,3,4,83.81,0.4,0,0,0,0
89.94,10,4121,US,0,2,3,61.64,1.46,0,0,0,0
24.18,12,5812,US,1,2,6,95.21,0.25,0,0,0,0
259.82,6,5732,US,1,1,1,106.49,2.44,0,0,1,0
54.88,19,4121,US,0,1,1,79.5,0.69,0,0,0,0
6.12,11,5311,US,0,0,3,131.89,0.05,0,0,0,0
83.17,14,5411,US,0,0,2,146.07,0.57,0,0,0,0
27.89,6,5541,US,0,0,1,68.7,0.41,0,0,0,0
3.28,16,5311,UA,12,27,39,61.21,0.05,1,0,0,1
291.72,6,5411,US,1,3,4,81.95,3.56,0,0,0,0
48.65,14,5732,US,1,1,1,63.13,0.77,0,0,1,0
43.12,19,5732,GB,1,1,2,127.21,0.34,1,0,1,0
10.32,8,5912,US,0,1,1,51.41,0.2,0,0,0,0
162.29,14,4121,US,0,3,8,71.72,2.26,0,0,0,0
49.45,11,5411,US,1,3,3,116.16,0.43,0,0,0,0
12.45,13,5411,US,0,1,3,123.63,0.1,0,0,0,0
161.43,11,4121,US,0,1,2,64.58,2.5,0,0,0,0
129.14,22,5912,US,0,0,2,129.99,0.99,0,0,0,0
30.89,19,5732,US,1,2,2,138.24,0.22,0,0,1,0
33.17,14,5541,GB,0,1,3,111.03,0.3,1,0,0,0
15.63,18,5812,US,1,1,7,135.22,0.12,0,0,0,0
62.19,9,5812,US,0,0,1,133.93,0.46,0,0,0,0
290.81,16,5311,US,0,1,5,113.28,2.57,0,0,0,0
28.15,12,5912,US,0,0,6,67.27,0.42,0,0,0,0
133.33,13,5732,US,0,1,5,141.4,0.94,0,0,1,0
46.01,9,5541,US,0,1,8,58.44,0.79,0,0,0,0
16.31,16,5311,US,0,1,2,128.41,0.13,0,0,0,0
13.65,8,5814,US,0,2,3,121.04,0.11,0,0,0,0
8.21,16,5814,US,1,1,2,93.76,0.09,0,0,0,0
39.43,10,5814,CA,0,0,2,70.81,0.56,1,0,0,0
55.21,19,5814,US,0,0,2,134.06,0.41,0,0,0,0
148.86,11,5814,US,0,0,2,140.28,1.06,0,0,0,0
17.13,12,4121,US,0,1,1,130.79,0.13,0,0,0,0
45.51,10,5912,US,0,2,7,81.15,0.56,0,0,0,0
32.59,14,5411,US,0,2,5,134.16,0.24,0,0,0,0
13.86,18,5912,US,0,1,7,126.3,0.11,0,0,0,0
46.45,12,5732,US,0,1,7,103.93,0.45,0,0,1,0
13.12,23,5814,US,0,0,3,104.98,0.12,0,0,0,0
74.31,18,5814,US,0,0,4,91.18,0.81,0,0,0,0
46.33,13,4121,US,0,2,4,123.44,0.38,0,0,0,0
63.59,11,5912,US,0,0,5,106.43,0.6,0,0,0,0
36.65,19,5812,US,0,3,6,122.2,0.3,0,0,0,0
27.83,8,5814,US,0,1,3,52.56,0.53,0,0,0,0
73.86,16,5732,US,0,1,3,71.14,1.04,0,0,1,0
27.62,6,5541,US,1,1,4,69.11,0.4,0,0,0,0
243.05,19,5912,US,0,1,1,72.4,3.36,0,0,0,0
803.47,21,4829,RO,6,25,39,96.26,8.35,1,0,1,1
100.25,14,5814,US,1,1,7,107.64,0.93,0,0,0,0
10.93,8,5814,US,0,3,5,57.36,0.19,0,0,0,0
18.91,15,5912,US,0,0,1,81.97,0.23,0,0,0,0
17.88,10,4121,US,0,2,4,124.18,0.14,0,0,0,0
54.82,11,5912,US,0,0,4,116.95,0.47,0,0,0,0
126.92,14,5541,US,0,1,3,50.47,2.51,0,0,0,0
141.14,13,5732,US,1,1,5,60.48,2.33,0,0,1,0
66.82,6,5732,US,0,0,3,88.4,0.76,0,0,1,0
39.2,18,5812,US,0,2,4,107.4,0.36,0,0,0,0
139.76,14,5814,US,1,1,5,89.71,1.56,0,0,0,0
65.99,21,5812,US,1,1,3,126.32,0.52,0,0,0,0
15.37,17,5812,US,0,0,3,145.4,0.11,0,0,0,0
58.87,14,5311,US,1,1,1,98.46,0.6,0,0,0,0
59.18,12,4121,US,0,2,6,93.07,0.64,0,0,0,0
46.47,12,5732,US,1,1,4,83.4,0.56,0,0,1,0
41.4,16,5812,US,1,1,2,129.41,0.32,0,0,0,0
14.65,17,5912,US,0,0,0,58.98,0.25,0,0,0,0
59.19,12,5812,US,0,1,1,116.99,0.51,0,0,0,0
10.89,19,5541,US,0,0,3,91.17,0.12,0,0,0,0
31.87,7,5812,US,0,2,3,79.63,0.4,0,0,0,0
50.35,12,5812,US,0,2,5,62.93,0.8,0,0,0,0
3.15,6,5311,US,6,21,15,68.9,0.05,0,0,0,1
37.69,16,4121,US,0,1,5,82.41,0.46,0,0,0,0
70.87,7,5732,US,0,2,4,127.88,0.55,0,0,1,0
81.92,15,5732,US,0,1,1,58.43,1.4,0,0,1,0
20.53,10,4121,US,0,0,0,68.87,0.3,0,0,0,0
157.48,20,5541,US,0,2,5,60.64,2.6,0,0,0,0
128.4,8,4121,US,0,1,3,99.54,1.29,0,0,0,0
204.25,9,5311,US,0,1,4,114.83,1.78,0,0,0,0
140.54,17,5912,US,0,0,1,77.28,1.82,0,0,0,0
40.04,8,5912,US,0,2,4,83.85,0.48,0,0,0,0
13.95,14,5541,US,0,0,3,60.79,0.23,0,0,0,0
70.96,11,4121,US,0,0,2,141.77,0.5,0,0,0,0
116.49,12,5541,US,0,0,2,100.82,1.16,0,0,0,0
45.5,9,5814,US,0,1,4,99.41,0.46,0,0,0,0
73.69,12,5732,US,0,0,5,111.71,0.66,0,0,1,0
123.85,10,4121,US,0,0,0,122.18,1.01,0,0,0,0
3467.37,0,5732,NG,1,3,10,89.96,38.54,1,1,1,1
26.82,10,5912,US,0,0,3,116.84,0.23,0,0,0,0
4771.51,4,5944,NG,1,4,4,84.83,56.25,1,1,1,1
57.09,15,5812,US,0,1,2,109.2,0.52,0,0,0,0
90.99,21,5541,US,1,1,4,130.75,0.7,0,0,0,0
101.26,7,4121,US,0,0,2,97.15,1.04,0,0,0,0
21.68,20,4121,US,0,4,5,73.45,0.3,0,0,0,0
157.81,18,5812,US,0,0,3,97.29,1.62,0,0,0,0
27.83,15,5732,US,0,0,1,94.63,0.29,0,0,1,0
36.07,11,5912,US,0,1,1,142.62,0.25,0,0,0,0
11.05,17,5812,US,0,0,5,117.16,0.09,0,0,0,0
17.37,17,5541,US,1,2,2,149.57,0.12,0,0,0,0
20.98,12,5814,US,1,1,3,131.06,0.16,0,0,0,0
6.2,6,5812,US,0,2,3,88.3,0.07,0,0,0,0
50.69,14,5311,US,1,3,4,84.63,0.6,0,0,0,0
1987.16,1,5732,US,2,5,9,65.93,30.14,0,1,1,1
23.06,17,5812,US,0,0,3,54.03,0.43,0,0,0,0
217.22,17,5541,US,0,1,4,101.3,2.14,0,0,0,0
7.17,15,5732,US,1,3,6,133.85,0.05,0,0,1,0
14.81,19,5812,US,0,0,7,108.65,0.14,0,0,0,0
273.11,19,5814,US,0,0,1,64.52,4.23,0,0,0,0
94.88,20,5411,US,0,2,5,110.13,0.86,0,0,0,0
88.46,14,5732,US,1,2,3,128.91,0.69,0,0,1,0
257.27,21,5732,US,0,0,2,65.45,3.93,0,0,1,0
17.15,13,5812,US,1,3,3,56.2,0.31,0,0,0,0
45.26,12,5812,US,0,0,1,125.47,0.36,0,0,0,0
33.79,9,5912,US,1,2,8,123.26,0.27,0,0,0,0
66.67,12,4121,US,1,4,7,125.95,0.53,0,0,0,0
1938.45,2,5944,CY,2,2,9,53.24,36.41,1,1,1,1
20.21,17,5411,US,1,2,4,115.39,0.18,0,0,0,0
34.19,16,5814,US,0,0,0,73.47,0.47,0,0,0,0
14.4,7,5814,US,0,2,5,121.05,0.12,0,0,0,0
77.82,19,5411,US,0,1,2,58.29,1.34,0,0,0,0
6.49,23,5814,JP,0,1,3,77.8,0.08,1,0,0,0
15.85,15,5541,CA,0,1,5,54.02,0.29,1,0,0,0
27.13,10,5812,US,0,1,5,149.84,0.18,0,0,0,0
62.11,10,5912,US,0,1,5,141.65,0.44,0,0,0,0
2537.1,9,5944,CN,2,8,9,78.03,32.51,1,0,1,1
14.46,7,5411,US,0,0,2,52.42,0.28,0,0,0,0
80.47,9,5311,US,0,1,2,98.23,0.82,0,0,0,0
83.12,12,5311,US,0,1,3,109.52,0.76,0,0,0,0
35.06,10,4121,US,0,0,3,62.11,0.56,0,0,0,0
837.01,18,4829,GB,6,16,25,71.41,11.72,1,0,1,1
47.02,13,5814,US,0,0,5,104.71,0.45,0,0,0,0
63.03,18,5411,US,0,1,4,145.1,0.43,0,0,0,0
57.22,17,5541,US,1,1,4,107.55,0.53,0,0,0,0
250.57,11,5411,US,1,4,4,117.05,2.14,0,0,0,0
57.41,8,5812,US,0,0,6,123.4,0.47,0,0,0,0
22.24,8,5541,US,0,1,6,69.19,0.32,0,0,0,0
49.89,6,5812,US,0,1,3,87.22,0.57,0,0,0,0
33.3,13,5814,US,0,3,5,74.69,0.45,0,0,0,0
47.24,17,5541,US,0,0,3,93.83,0.5,0,0,0,0
29.82,16,5812,US,2,5,6,72.8,0.41,0,0,0,0
86.31,12,5732,US,0,0,1,149.04,0.58,0,0,1,0
14.76,14,5912,US,1,2,6,91.65,0.16,0,0,0,0
131.64,9,5311,US,1,2,4,81.41,1.62,0,0,0,0
33.15,16,5912,US,0,0,2,59.27,0.56,0,0,0,0
11.01,17,5812,US,0,1,6,66.19,0.17,0,0,0,0
82.81,14,5411,JP,2,4,7,142.37,0.58,1,0,0,0
142.43,15,5541,US,0,0,1,133.03,1.07,0,0,0,0
124.27,19,4121,US,0,1,4,58.09,2.14,0,0,0,0
24.31,20,5912,US,0,1,3,109.92,0.22,0,0,0,0
29.11,11,5541,US,3,4,8,102.74,0.28,0,0,0,0
151.86,12,5311,US,1,1,1,142.46,1.07,0,0,0,0
230.12,13,5541,US,0,0,1,50.93,4.52,0,0,0,0
33.9,13,5732,US,0,1,5,67.39,0.5,0,0,1,0
41.18,15,5541,US,0,0,5,59.29,0.69,0,0,0,0
71.35,12,4121,US,0,1,4,83.62,0.85,0,0,0,0
100.86,9,5814,US,0,0,4,97.95,1.03,0,0,0,0
46.03,20,5732,US,0,0,6,73.89,0.62,0,0,1,0
59.89,13,4121,US,2,3,10,68.74,0.87,0,0,0,0
37.25,10,5732,US,0,0,2,87.27,0.43,0,0,1,0
60.56,13,5541,US,0,0,2,108.35,0.56,0,0,0,0
46.68,20,5311,US,0,2,6,71.17,0.66,0,0,0,0
49.32,12,5541,US,0,1,4,61.08,0.81,0,0,0,0
72.39,9,5411,US,0,0,3,144.28,0.5,0,0,0,0
9.94,9,5541,US,0,1,6,70.82,0.14,0,0,0,0
171.3,16,5812,US,0,3,4,109.24,1.57,0,0,0,0
12.85,18,5411,US,0,2,3,80.81,0.16,0,0,0,0
57.93,18,5411,US,0,0,1,146.09,0.4,0,0,0,0
80.98,14,5732,US,1,1,4,137.71,0.59,0,0,1,0
23.03,14,5912,US,0,1,2,87.45,0.26,0,0,0,0
856.14,11,5732,GB,5,11,32,95.2,8.99,1,0,1,1
14.89,17,5912,US,0,1,6,109.04,0.14,0,0,0,0
44.71,20,5912,US,0,1,1,113.49,0.39,0,0,0,0
24.49,11,4121,US,0,2,5,118.91,0.21,0,0,0,0
51.94,13,4121,US,0,0,0,146.25,0.36,0,0,0,0
84.4,16,5814,US,0,0,4,113.24,0.75,0,0,0,0
65.4,2,5912,US,0,0,1,50.68,1.29,0,1,0,0
21.48,14,5732,US,1,2,6,119.5,0.18,0,0,1,0
133.48,14,5812,US,0,3,7,113.61,1.17,0,0,0,0
40.06,6,5311,US,0,0,0,54.78,0.73,0,0,0,0
23.5,19,5411,US,1,1,2,88.84,0.26,0,0,0,0
25.7,15,5311,US,0,1,1,100.65,0.26,0,0,0,0
40.08,19,5732,US,0,0,3,67.03,0.6,0,0,1,0
9.92,17,5812,US,1,3,5,129.86,0.08,0,0,0,0
77.99,3,5732,US,2,2,2,115.99,0.67,0,1,1,0
11.29,13,5311,US,0,0,2,117.83,0.1,0,0,0,0
40.47,16,5732,US,2,4,7,104.81,0.39,0,0,1,0
237.97,13,5912,US,0,1,4,63.43,3.75,0,0,0,0
37.67,14,5541,US,0,1,2,110.0,0.34,0,0,0,0
45.04,8,5912,US,0,1,3,127.22,0.35,0,0,0,0
185.31,10,5541,US,0,0,1,97.94,1.89,0,0,0,0
57.3,15,5732,US,0,1,1,98.37,0.58,0,0,1,0
62.47,14,4121,US,1,1,2,74.53,0.84,0,0,0,0
64.0,12,5812,US,0,0,1,72.67,0.88,0,0,0,0
69.67,18,5541,CA,0,0,1,132.58,0.53,1,0,0,0
89.83,23,5812,US,0,2,6,98.89,0.91,0,0,0,0
49.42,13,5411,US,0,4,6,117.73,0.42,0,0,0,0
53.11,5,5912,US,1,2,3,97.94,0.54,0,1,0,0
76.65,16,5812,US,0,0,2,55.68,1.38,0,0,0,0
54.68,15,5912,US,0,1,2,71.15,0.77,0,0,0,0
25.38,8,5541,US,0,0,1,115.37,0.22,0,0,0,0
31.42,14,5541,FR,0,0,1,149.75,0.21,1,0,0,0
46.22,23,5814,US,1,3,7,93.03,0.5,0,0,0,0
551.84,10,5541,US,0,1,2,139.19,3.96,0,0,0,0
23.36,18,5732,US,0,1,2,76.24,0.31,0,0,1,0
1.48,1,5311,UA,8,16,31,67.35,0.02,1,1,0,1
66.01,15,5812,US,0,2,6,109.2,0.6,0,0,0,0
33.78,18,5541,US,0,0,1,133.55,0.25,0,0,0,0
118.92,18,4121,US,0,1,6,113.77,1.05,0,0,0,0
53.13,14,5311,US,0,0,3,117.77,0.45,0,0,0,0
30.09,18,5541,US,0,3,8,72.74,0.41,0,0,0,0
6.83,21,5311,US,0,0,5,57.11,0.12,0,0,0,0
42.53,11,5732,US,0,1,3,100.33,0.42,0,0,1,0
735.02,17,5732,RU,4,3,10,63.26,11.62,1,0,1,1
9.67,16,5311,US,0,1,2,74.14,0.13,0,0,0,0
2.9,17,5311,UA,7,16,50,62.83,0.05,1,0,0,1
701.31,12,5814,US,0,0,1,87.82,7.99,0,0,0,0
9.26,8,5732,US,0,3,4,98.83,0.09,0,0,1,0
67.25,11,5311,US,0,1,2,91.69,0.73,0,0,0,0
54.12,14,5732,US,0,0,2,143.27,0.38,0,0,1,0
24.75,6,5812,US,0,0,4,116.36,0.21,0,0,0,0
27.83,13,5912,US,0,0,2,102.64,0.27,0,0,0,0
80.99,20,5732,US,0,0,3,100.65,0.8,0,0,1,0
9.21,11,5411,US,0,1,4,117.57,0.08,0,0,0,0
158.21,10,5732,US,0,0,5,131.74,1.2,0,0,1,0
141.63,10,5411,US,1,1,5,83.84,1.69,0,0,0,0
0.56,20,5311,US,7,25,45,75.99,0.01,0,0,0,1
55.9,14,5541,US,1,3,5,58.41,0.96,0,0,0,0
61.34,12,5814,US,1,1,3,145.38,0.42,0,0,0,0
27.76,14,5411,US,0,0,6,74.8,0.37,0,0,0,0
42.24,8,5814,US,0,2,5,57.15,0.74,0,0,0,0
168.77,9,5814,US,0,1,5,55.96,3.02,0,0,0,0
33.5,18,5732,US,0,2,5,99.94,0.34,0,0,1,0
28.66,9,5541,US,0,1,2,125.07,0.23,0,0,0,0
62.36,13,5732,US,0,1,1,72.46,0.86,0,0,1,0
198.09,5,5732,US,1,2,4,73.64,2.69,0,1,1,0
58.28,10,5814,US,0,2,4,58.48,1.0,0,0,0,0
45.46,13,5311,US,0,0,2,123.88,0.37,0,0,0,0
111.23,19,5411,US,0,1,4,135.11,0.82,0,0,0,0
22.3,17,5912,FR,0,3,7,110.62,0.2,1,0,0,0
31.64,9,5912,US,0,2,5,70.16,0.45,0,0,0,0
42.46,16,5814,US,0,0,2,91.51,0.46,0,0,0,0
120.81,9,5541,US,0,0,3,51.03,2.37,0,0,0,0
32.95,16,5311,US,0,0,2,69.9,0.47,0,0,0,0
67.46,19,5541,US,0,1,2,118.01,0.57,0,0,0,0
21.79,16,5912,US,0,1,3,122.34,0.18,0,0,0,0
35.18,12,5732,US,0,0,0,79.2,0.44,0,0,1,0
12.51,16,5912,CA,0,0,1,72.53,0.17,1,0,0,0
65.68,16,5814,FR,0,3,7,91.25,0.72,1,0,0,0
29.17,9,5541,US,0,2,7,54.22,0.54,0,0,0,0
33.63,14,5812,US,0,0,3,105.53,0.32,0,0,0,0
41.02,17,5311,US,0,1,4,148.89,0.28,0,0,0,0
62.62,8,4121,US,0,0,1,80.29,0.78,0,0,0,0
117.71,10,4121,US,0,0,3,91.59,1.29,0,0,0,0
22.98,13,5812,US,0,0,4,73.7,0.31,0,0,0,0
41.5,13,5541,US,0,2,4,100.03,0.41,0,0,0,0
9.94,21,4121,US,0,0,2,59.53,0.17,0,0,0,0
87.27,18,5814,US,0,0,3,66.81,1.31,0,0,0,0
25.84,15,5732,US,1,3,4,103.04,0.25,0,0,1,0
49.19,13,5311,US,0,0,4,140.11,0.35,0,0,0,0
213.09,9,4121,US,0,0,4,115.34,1.85,0,0,0,0
55.82,10,5912,US,0,0,4,110.49,0.51,0,0,0,0
87.63,11,5311,GB,0,0,8,123.59,0.71,1,0,0,0
13.05,23,5812,US,0,0,2,117.29,0.11,0,0,0,0
26.77,13,5812,US,1,1,2,98.08,0.27,0,0,0,0
45.22,12,5812,US,0,0,3,112.61,0.4,0,0,0,0
3176.35,5,4829,NG,4,3,7,60.06,52.89,1,1,1,1
75.28,18,5814,US,1,1,5,123.42,0.61,0,0,0,0
29.82,14,5732,US,1,2,4,65.38,0.46,0,0,1,0
34.13,10,5732,US,0,1,5,103.0,0.33,0,0,1,0
202.03,10,5541,US,0,1,2,143.85,1.4,0,0,0,0
12.0,20,5812,US,0,1,2,78.87,0.15,0,0,0,0
1.04,13,5311,NG,7,23,36,53.97,0.02,1,0,0,1
88.25,12,5814,US,0,0,1,59.24,1.49,0,0,0,0
65.78,15,5814,US,1,3,8,76.41,0.86,0,0,0,0
97.79,16,5311,US,1,1,4,138.99,0.7,0,0,0,0
49.23,19,5411,US,1,1,3,121.92,0.4,0,0,0,0
12.95,9,5311,US,0,0,5,62.29,0.21,0,0,0,0
1.25,22,5311,UA,13,16,38,97.37,0.01,1,0,0,1
59.96,18,5541,US,0,0,3,136.45,0.44,0,0,0,0
27.92,9,5311,US,0,2,5,109.96,0.25,0,0,0,0
63.19,9,4121,US,0,1,2,97.9,0.65,0,0,0,0
21.5,13,5732,US,0,1,2,64.89,0.33,0,0,1,0
102.19,15,4121,US,0,0,2,112.94,0.9,0,0,0,0
140.4,17,5912,US,0,1,4,118.55,1.18,0,0,0,0
83.33,16,4121,US,2,3,5,96.88,0.86,0,0,0,0
46.34,13,4121,US,1,1,2,85.95,0.54,0,0,0,0
22.06,5,5411,US,0,2,2,111.17,0.2,0,1,0,0
20.85,17,5912,US,0,0,2,109.38,0.19,0,0,0,0
28.1,15,4121,US,0,1,5,86.1,0.33,0,0,0,0
25.59,10,5812,US,0,1,8,120.47,0.21,0,0,0,0
57.62,13,4121,US,0,2,4,70.47,0.82,0,0,0,0
62.92,14,5411,US,0,1,6,97.19,0.65,0,0,0,0
14.3,14,5411,US,1,1,2,110.09,0.13,0,0,0,0
39.9,20,5541,US,0,0,4,76.76,0.52,0,0,0,0
112.92,19,5814,US,2,3,6,50.52,2.24,0,0,0,0
24.6,14,5311,US,0,1,4,77.4,0.32,0,0,0,0
24.66,12,5732,US,2,2,4,127.32,0.19,0,0,1,0
4205.74,4,5732,US,3,3,10,43.83,95.96,0,1,1,1
9.28,8,5732,US,0,1,4,135.3,0.07,0,0,1,0
35.13,13,5812,US,0,1,2,62.36,0.56,0,0,0,0
8861.89,1,6051,UA,3,2,8,86.35,102.63,1,1,1,1
36.05,13,5814,US,1,1,5,101.5,0.36,0,0,0,0
28.97,14,5812,US,0,0,3,122.68,0.24,0,0,0,0
38.41,12,5541,US,0,0,4,86.49,0.44,0,0,0,0
18.54,16,5311,US,0,0,3,57.6,0.32,0,0,0,0
69.07,19,5912,US,2,3,6,120.44,0.57,0,0,0,0
8.61,12,4121,US,0,1,5,130.27,0.07,0,0,0,0
44.56,13,5812,US,0,0,4,78.04,0.57,0,0,0,0
61.87,19,5812,US,0,1,3,113.99,0.54,0,0,0,0
63.06,15,5411,US,0,0,1,62.87,1.0,0,0,0,0
33.7,8,5411,US,0,0,2,130.92,0.26,0,0,0,0
32.99,12,4121,US,0,0,1,132.18,0.25,0,0,0,0
82.82,9,5912,US,0,1,4,90.2,0.92,0,0,0,0
26.97,17,5814,US,1,5,6,58.64,0.46,0,0,0,0
12.23,13,5541,US,0,0,1,85.18,0.14,0,0,0,0
51.15,13,5311,US,0,2,4,124.36,0.41,0,0,0,0
311.04,20,5311,US,0,2,4,57.53,5.41,0,0,0,0
21.14,16,5812,US,1,2,5,107.74,0.2,0,0,0,0
24.13,14,5411,US,0,1,3,131.63,0.18,0,0,0,0
151.19,6,5812,US,1,3,4,80.98,1.87,0,0,0,0
42.86,23,4121,US,0,1,1,68.86,0.62,0,0,0,0
70.42,16,4121,US,0,1,7,119.64,0.59,0,0,0,0
79.63,16,5814,US,1,2,4,107.66,0.74,0,0,0,0
23.99,10,5411,US,0,1,4,59.21,0.41,0,0,0,0
32.25,11,5812,US,0,4,5,85.25,0.38,0,0,0,0
49.19,10,5814,US,0,0,1,138.28,0.36,0,0,0,0
3.09,18,5814,US,0,1,4,126.57,0.02,0,0,0,0
79.13,13,5814,US,0,2,3,103.52,0.76,0,0,0,0
113.76,15,5411,US,0,1,5,117.51,0.97,0,0,0,0
140.78,12,5541,US,0,1,4,139.61,1.01,0,0,0,0
28.24,8,5912,US,1,1,6,135.58,0.21,0,0,0,0
36.76,16,5311,US,0,0,3,135.27,0.27,0,0,0,0
47.76,7,5411,US,0,2,2,95.93,0.5,0,0,0,0
53.52,7,5912,US,1,1,1,139.84,0.38,0,0,0,0
37.94,15,5411,US,0,0,5,112.38,0.34,0,0,0,0
13.06,11,5411,JP,1,1,5,59.78,0.22,1,0,0,0
72.75,10,5411,US,0,1,1,54.73,1.33,0,0,0,0
51.0,17,5814,US,0,1,5,101.08,0.5,0,0,0,0
87.82,14,5812,US,0,3,6,130.87,0.67,0,0,0,0
69.94,13,5912,US,0,2,2,126.47,0.55,0,0,0,0
75.4,15,5814,US,1,2,4,81.55,0.92,0,0,0,0
6.75,15,5812,US,0,0,1,60.42,0.11,0,0,0,0
62.41,21,5812,US,0,0,1,75.64,0.83,0,0,0,0
7.18,15,5541,US,0,2,5,92.51,0.08,0,0,0,0
9.55,14,5912,US,0,2,4,99.63,0.1,0,0,0,0
137.53,19,5912,US,0,0,2,92.88,1.48,0,0,0,0
18.03,13,5814,US,0,2,4,85.87,0.21,0,0,0,0
96.73,14,5541,JP,1,1,3,120.13,0.81,1,0,0,0
144.5,14,5814,US,0,0,1,74.4,1.94,0,0,0,0
13.79,12,5912,US,0,0,2,62.37,0.22,0,0,0,0
519.26,15,4829,RO,7,18,25,83.62,6.21,1,0,1,1
95.6,19,5311,US,0,1,4,55.71,1.72,0,0,0,0
167.57,13,5311,US,0,0,4,74.52,2.25,0,0,0,0
111.59,18,4121,US,0,0,6,135.31,0.82,0,0,0,0
145.62,13,5541,US,0,0,2,129.77,1.12,0,0,0,0
27.97,11,4121,US,0,1,2,102.17,0.27,0,0,0,0
54.12,11,5814,US,0,1,4,116.2,0.47,0,0,0,0
127.37,16,5311,US,0,2,5,81.42,1.56,0,0,0,0
98.82,17,5732,US,0,1,2,118.93,0.83,0,0,1,0
41.59,9,5311,US,0,1,7,106.08,0.39,0,0,0,0
125.53,15,5541,US,0,0,2,118.24,1.06,0,0,0,0
17.57,22,5411,US,1,2,3,88.85,0.2,0,0,0,0
819.55,8,7995,CN,2,3,8,54.94,14.92,1,0,1,1
165.85,11,5411,US,0,0,4,52.37,3.17,0,0,0,0
8.51,12,5814,US,1,2,5,124.74,0.07,0,0,0,0
9.5,15,5732,US,0,0,1,112.89,0.08,0,0,1,0
4216.01,3,6051,UA,2,2,7,94.74,44.5,1,1,1,1
24.3,16,5541,US,0,1,3,107.6,0.23,0,0,0,0
60.49,18,5912,US,1,2,7,54.13,1.12,0,0,0,0
28.54,11,5541,US,0,0,1,51.04,0.56,0,0,0,0
88.74,13,5912,FR,0,1,2,94.92,0.93,1,0,0,0
39.77,12,5814,US,0,1,3,118.49,0.34,0,0,0,0
80.55,12,5912,US,1,2,6,107.04,0.75,0,0,0,0
26.92,11,5541,US,1,1,3,98.8,0.27,0,0,0,0
600.42,16,4121,US,0,1,4,70.51,8.52,0,0,0,0
20.36,7,5732,DE,0,2,3,123.58,0.16,1,0,1,0
94.93,13,5411,US,0,1,1,113.0,0.84,0,0,0,0
102.56,15,5814,US,0,0,4,100.52,1.02,0,0,0,0
49.97,11,5812,US,0,0,2,51.33,0.97,0,0,0,0
16.84,5,5732,US,0,0,1,56.96,0.3,0,1,1,0
25.42,17,5411,US,0,1,1,148.92,0.17,0,0,0,0
6.98,20,5732,US,0,1,2,99.15,0.07,0,0,1,0
17.87,13,4121,US,0,1,1,106.28,0.17,0,0,0,0
113.5,12,5912,US,0,1,2,149.99,0.76,0,0,0,0
80.91,14,5812,US,1,2,5,79.07,1.02,0,0,0,0
78.93,13,5541,US,0,1,7,82.82,0.95,0,0,0,0
46.13,12,4121,US,1,2,5,77.88,0.59,0,0,0,0
23.02,21,4121,US,0,2,3,140.08,0.16,0,0,0,0
48.89,15,5814,US,0,1,2,103.37,0.47,0,0,0,0
40.52,15,4121,US,1,3,4,106.16,0.38,0,0,0,0
81.3,13,5812,US,0,0,3,118.81,0.68,0,0,0,0
18.0,16,5311,US,0,2,4,86.8,0.21,0,0,0,0
15.14,10,5812,US,0,1,8,50.52,0.3,0,0,0,0
22.87,14,5541,US,1,3,4,67.15,0.34,0,0,0,0
32.68,16,5541,US,0,1,2,128.64,0.25,0,0,0,0
191.88,16,5411,US,0,1,7,143.82,1.33,0,0,0,0
100.56,13,5814,US,0,1,3,118.3,0.85,0,0,0,0
136.16,9,5732,US,0,0,4,128.1,1.06,0,0,1,0
17.34,19,5814,US,0,0,3,99.24,0.17,0,0,0,0
132.84,12,5812,US,0,0,2,99.42,1.34,0,0,0,0
29.11,20,5732,US,0,1,2,123.17,0.24,0,0,1,0
15.94,11,5912,US,1,2,2,93.85,0.17,0,0,0,0
66.56,10,4121,US,0,1,3,133.28,0.5,0,0,0,0
29.53,12,5814,US,0,0,0,59.82,0.49,0,0,0,0
14.9,11,5732,US,0,1,2,141.78,0.11,0,0,1,0
644.99,0,7995,RU,4,7,7,44.89,14.37,1,1,1,1
56.74,15,4121,US,0,2,3,145.58,0.39,0,0,0,0
115.74,10,4121,US,3,3,5,89.17,1.3,0,0,0,0
105.07,6,5541,US,2,5,8,82.35,1.28,0,0,0,0
116.44,6,5912,US,0,1,3,140.75,0.83,0,0,0,0
83.47,20,5814,US,1,2,3,143.09,0.58,0,0,0,0
61.02,9,5311,US,0,0,3,85.51,0.71,0,0,0,0
77.51,9,5541,US,0,0,2,87.0,0.89,0,0,0,0
43.63,17,5411,US,0,1,5,128.71,0.34,0,0,0,0
32.27,15,5311,US,0,1,3,146.76,0.22,0,0,0,0
18.86,11,5814,US,0,0,5,65.15,0.29,0,0,0,0
71.62,20,5732,US,0,1,3,112.19,0.64,0,0,1,0
29.56,12,5732,US,0,0,2,84.38,0.35,0,0,1,0
30.49,17,5812,US,0,2,4,97.72,0.31,0,0,0,0
59.54,14,5411,US,0,3,5,91.58,0.65,0,0,0,0
12.81,15,5311,US,0,0,3,115.13,0.11,0,0,0,0
49.97,11,5732,US,0,2,6,145.55,0.34,0,0,1,0
394.83,22,6051,GB,6,16,30,96.94,4.07,1,0,1,1
77.21,17,5541,US,2,3,4,120.08,0.64,0,0,0,0
23.35,17,5311,US,0,1,5,83.51,0.28,0,0,0,0
22.62,13,5912,US,0,0,4,138.75,0.16,0,0,0,0
1983.09,4,6051,CN,2,5,8,99.14,20.0,1,1,1,1
94.62,11,5411,US,0,0,1,89.54,1.06,0,0,0,0
26.04,16,5411,US,0,0,3,116.41,0.22,0,0,0,0
19.99,19,4121,US,1,1,5,106.83,0.19,0,0,0,0
49.35,13,5814,US,0,0,2,136.87,0.36,0,0,0,0
62.98,16,5912,FR,1,3,6,116.48,0.54,1,0,0,0
29.23,7,5812,US,1,1,6,127.15,0.23,0,0,0,0
65.01,15,5912,US,0,0,5,88.23,0.74,0,0,0,0
495.39,12,5732,RO,5,10,30,71.8,6.9,1,0,1,1
14.6,8,5814,US,0,1,1,84.59,0.17,0,0,0,0
48.91,15,5814,US,1,1,2,82.07,0.6,0,0,0,0
21.51,13,5311,US,0,1,3,142.87,0.15,0,0,0,0
61.52,12,5411,US,0,0,2,111.94,0.55,0,0,0,0
782.39,6,7995,RO,10,17,30,83.46,9.37,1,0,1,1
19.93,10,5814,US,0,1,2,51.62,0.39,0,0,0,0
75.66,16,4121,US,0,1,2,115.33,0.66,0,0,0,0
16.25,14,5812,US,0,1,3,58.05,0.28,0,0,0,0
18.61,8,5311,US,0,2,6,86.57,0.21,0,0,0,0
151.86,11,5814,US,0,2,5,65.95,2.3,0,0,0,0
87.74,11,5411,US,0,1,3,56.91,1.54,0,0,0,0
18.53,14,4121,US,0,1,4,100.47,0.18,0,0,0,0
197.83,9,5814,US,0,0,2,51.85,3.82,0,0,0,0
13.38,11,5541,US,1,2,2,112.69,0.12,0,0,0,0
1.29,11,5311,UA,14,17,49,92.75,0.01,1,0,0,1
1.86,11,5311,UA,8,22,47,50.05,0.04,1,0,0,1
99.15,22,5732,US,0,0,2,50.89,1.95,0,0,1,0
49.5,14,5912,US,1,1,2,98.86,0.5,0,0,0,0
21.17,15,5311,US,0,0,3,128.59,0.16,0,0,0,0
80.79,13,4121,US,0,1,1,55.84,1.45,0,0,0,0
20.34,18,5814,US,0,0,5,112.43,0.18,0,0,0,0
32.38,12,5912,US,0,1,4,94.52,0.34,0,0,0,0
7618.22,0,6051,RO,1,3,9,63.69,119.61,1,1,1,1
9.99,15,5411,US,1,1,5,103.53,0.1,0,0,0,0
134.99,11,5541,US,0,1,4,116.89,1.15,0,0,0,0
1932.77,12,4829,CY,1,8,6,61.89,31.23,1,0,1,1
187.52,18,5732,US,0,0,4,143.42,1.31,0,0,1,0
32.32,7,4121,US,0,0,4,83.0,0.39,0,0,0,0
13.14,17,5912,US,0,0,5,142.52,0.09,0,0,0,0
19.39,12,5812,US,0,1,2,87.22,0.22,0,0,0,0
5911.83,1,5732,CN,2,6,10,81.37,72.65,1,1,1,1
53.06,10,5814,US,0,1,4,139.43,0.38,0,0,0,0
206.65,13,5541,US,0,1,4,120.25,1.72,0,0,0,0
10.38,17,5732,US,0,2,4,139.33,0.07,0,0,1,0
47.18,8,5912,JP,0,0,0,130.69,0.36,1,0,0,0
32.87,13,5812,US,2,2,2,61.54,0.53,0,0,0,0
71.43,16,5732,US,0,0,2,134.56,0.53,0,0,1,0
17.05,7,5912,US,0,1,4,70.5,0.24,0,0,0,0
110.32,21,5541,US,0,0,1,102.54,1.08,0,0,0,0
36.62,20,4121,US,0,1,3,84.04,0.44,0,0,0,0
66.77,14,5814,US,0,0,1,144.75,0.46,0,0,0,0
139.63,15,5311,US,0,1,3,137.18,1.02,0,0,0,0
108.94,14,5812,US,0,0,0,104.98,1.04,0,0,0,0
47.13,11,5814,US,0,0,3,72.18,0.65,0,0,0,0
13.61,15,5812,US,0,0,3,143.41,0.09,0,0,0,0
13.27,16,5812,US,0,0,1,57.82,0.23,0,0,0,0
59.47,5,5814,US,1,1,4,58.92,1.01,0,1,0,0
31.54,5,4121,US,0,0,4,60.66,0.52,0,1,0,0
884.61,15,4829,GB,6,18,37,82.75,10.69,1,0,1,1
18.96,23,5541,US,0,0,4,120.93,0.16,0,0,0,0
21.72,15,4121,US,0,0,3,128.16,0.17,0,0,0,0
82.64,21,5912,US,0,0,2,143.09,0.58,0,0,0,0
83.55,10,4121,US,0,0,2,148.38,0.56,0,0,0,0
268.9,10,5311,US,0,0,3,51.34,5.24,0,0,0,0
52.46,16,5541,US,0,0,6,100.48,0.52,0,0,0,0
67.99,23,5411,US,0,2,3,137.04,0.5,0,0,0,0
38.04,10,5732,US,1,1,4,125.68,0.3,0,0,1,0
59.08,18,5411,US,0,2,6,142.7,0.41,0,0,0,0
32.27,13,4121,US,0,0,1,88.26,0.37,0,0,0,0
19.65,9,5814,US,1,1,4,51.71,0.38,0,0,0,0
15.05,16,5814,US,1,3,7,70.19,0.21,0,0,0,0
36.54,16,5411,DE,1,1,2,95.48,0.38,1,0,0,0
18.06,10,5311,US,0,0,3,116.5,0.16,0,0,0,0
137.53,4,5814,US,0,1,2,56.32,2.44,0,1,0,0
45.91,12,5912,US,0,0,4,137.34,0.33,0,0,0,0
31.98,12,5814,FR,0,0,2,66.83,0.48,1,0,0,0
14.17,11,5812,US,0,4,7,61.68,0.23,0,0,0,0
41.19,7,5912,US,0,0,3,139.03,0.3,0,0,0,0
85.04,17,5541,US,0,0,3,78.56,1.08,0,0,0,0
101.74,11,5541,US,0,0,2,100.87,1.01,0,0,0,0
64.08,11,5541,US,0,0,3,58.84,1.09,0,0,0,0
13.96,14,5732,US,0,1,2,76.33,0.18,0,0,1,0
33.31,10,5541,US,0,1,4,128.49,0.26,0,0,0,0
236.02,12,5814,US,0,2,4,68.3,3.46,0,0,0,0
32.63,9,5814,US,0,0,1,96.71,0.34,0,0,0,0
54.24,12,5814,US,0,0,0,113.88,0.48,0,0,0,0
116.55,14,5812,US,0,0,2,139.92,0.83,0,0,0,0
1.75,10,5311,US,5,29,34,41.46,0.04,0,0,0,1
50.34,13,4121,US,0,2,6,64.93,0.78,0,0,0,0
34.45,20,4121,US,0,1,3,91.86,0.38,0,0,0,0
107.04,9,5732,US,0,1,4,74.11,1.44,0,0,1,0
27.22,20,5541,US,0,0,4,65.84,0.41,0,0,0,0
46.49,12,5411,US,0,0,2,99.41,0.47,0,0,0,0
3367.54,10,7995,CN,2,2,11,69.87,48.2,1,0,1,1
9.29,8,5912,US,0,0,4,70.73,0.13,0,0,0,0
28.0,15,5912,US,0,2,4,115.19,0.24,0,0,0,0
93.54,16,5311,US,0,1,5,128.83,0.73,0,0,0,0
27.84,19,5311,US,0,0,3,76.23,0.37,0,0,0,0
66.57,9,4121,US,0,0,2,101.82,0.65,0,0,0,0
107.98,14,5912,US,0,1,5,96.47,1.12,0,0,0,0
20.85,14,5411,US,1,2,5,81.53,0.26,0,0,0,0
35.4,14,5311,US,0,0,1,111.37,0.32,0,0,0,0
26.55,7,5311,US,0,0,3,108.87,0.24,0,0,0,0
149.12,6,5814,US,0,1,2,91.91,1.62,0,0,0,0
12.8,18,5812,US,0,0,3,98.09,0.13,0,0,0,0
19.29,8,5732,US,0,0,0,143.06,0.13,0,0,1,0
32.04,13,5541,US,0,2,4,72.83,0.44,0,0,0,0
182.18,15,4121,US,1,2,3,104.47,1.74,0,0,0,0
53.91,13,5541,US,0,1,5,53.68,1.0,0,0,0,0
12.6,17,5541,US,0,0,3,122.03,0.1,0,0,0,0
20.15,15,5311,FR,0,1,4,80.4,0.25,1,0,0,0
116.86,21,5812,US,0,1,3,74.79,1.56,0,0,0,0
32.21,18,5912,US,0,2,4,82.3,0.39,0,0,0,0
79.06,12,5311,US,0,2,5,72.92,1.08,0,0,0,0
16.71,13,5814,US,0,1,4,84.48,0.2,0,0,0,0
40.94,15,5812,US,0,0,4,136.17,0.3,0,0,0,0
35.83,17,5411,US,0,3,4,54.97,0.65,0,0,0,0
30.69,13,5541,US,1,2,6,123.16,0.25,0,0,0,0
38.08,11,4121,US,0,1,3,66.68,0.57,0,0,0,0
28.89,17,5311,US,0,0,2,77.78,0.37,0,0,0,0
29.74,10,5814,US,0,1,2,120.16,0.25,0,0,0,0
322.23,12,5411,US,0,2,5,113.84,2.83,0,0,0,0
40.22,17,5732,US,1,1,2,59.18,0.68,0,0,1,0
7.84,8,5912,US,1,2,4,54.83,0.14,0,0,0,0
44.15,14,5812,US,2,2,4,100.6,0.44,0,0,0,0
33.49,9,5311,US,0,0,2,61.2,0.55,0,0,0,0
86.25,19,5814,US,0,1,5,81.77,1.05,0,0,0,0
238.64,9,5732,GB,4,8,36,75.1,3.18,1,0,1,1
46.5,17,5814,US,1,1,4,80.2,0.58,0,0,0,0
41.81,14,5912,US,0,1,6,109.1,0.38,0,0,0,0
24.28,11,5814,US,0,1,3,92.88,0.26,0,0,0,0
67.03,14,5732,US,0,2,6,103.39,0.65,0,0,1,0
53.75,12,5311,US,0,1,3,148.83,0.36,0,0,0,0
6.4,9,5732,US,0,0,4,66.37,0.1,0,0,1,0
32.89,11,5912,US,1,2,6,106.28,0.31,0,0,0,0
36.67,13,4121,US,0,0,3,100.68,0.36,0,0,0,0
28.84,17,5814,US,0,1,3,54.84,0.53,0,0,0,0
192.07,13,5812,US,0,0,2,136.65,1.41,0,0,0,0
79.75,15,5541,US,0,0,1,94.09,0.85,0,0,0,0
42.12,12,5732,US,0,0,3,53.97,0.78,0,0,1,0
41.59,23,5411,US,0,1,4,136.73,0.3,0,0,0,0
10.01,16,5311,US,0,0,0,143.2,0.07,0,0,0,0
54.17,12,5814,US,0,0,3,104.72,0.52,0,0,0,0
30.11,14,4121,US,0,1,3,54.43,0.55,0,0,0,0
72.95,13,5732,US,0,1,7,54.08,1.35,0,0,1,0
27.27,17,5912,US,0,1,5,96.8,0.28,0,0,0,0
134.34,14,5814,US,0,1,9,69.27,1.94,0,0,0,0
36.26,16,5541,US,1,2,6,67.66,0.54,0,0,0,0
68.83,14,5541,US,0,0,5,140.73,0.49,0,0,0,0
50.79,10,5812,US,0,0,2,121.76,0.42,0,0,0,0
207.2,7,5912,US,1,1,4,123.66,1.68,0,0,0,0
58.25,8,5812,US,0,1,3,97.14,0.6,0,0,0,0
49.96,9,5912,US,0,2,2,120.92,0.41,0,0,0,0
27.45,12,5411,US,0,2,5,91.43,0.3,0,0,0,0
56.84,9,5912,US,0,1,5,72.94,0.78,0,0,0,0
90.95,11,5541,GB,0,3,8,50.69,1.79,1,0,0,0
15.38,13,4121,US,0,0,1,95.78,0.16,0,0,0,0
62.49,13,5311,US,0,1,1,53.46,1.17,0,0,0,0
124.86,13,5411,US,0,1,7,82.07,1.52,0,0,0,0
50.89,12,5814,US,1,1,4,64.35,0.79,0,0,0,0
56.97,18,5814,US,0,1,2,140.27,0.41,0,0,0,0
133.5,13,5541,US,1,2,5,140.35,0.95,0,0,0,0
197.66,19,5411,DE,1,2,4,56.32,3.51,1,0,0,0
29.02,10,4121,US,0,1,4,114.12,0.25,0,0,0,0
15.74,9,5411,JP,0,1,4,136.89,0.11,1,0,0,0
78.13,7,5311,US,0,1,4,72.09,1.08,0,0,0,0
35.32,12,5311,US,0,1,2,149.12,0.24,0,0,0,0
80.09,18,5912,US,0,0,3,85.69,0.93,0,0,0,0
96.72,10,5311,US,0,2,5,104.2,0.93,0,0,0,0
66.01,19,5912,US,0,1,6,87.21,0.76,0,0,0,0
38.58,18,5411,US,1,1,3,127.32,0.3,0,0,0,0
7.24,8,5411,US,0,0,8,85.35,0.08,0,0,0,0
228.12,13,5732,US,0,0,1,123.22,1.85,0,0,1,0
24.26,12,5732,US,0,1,1,121.44,0.2,0,0,1,0
24.98,17,5411,US,0,1,7,130.26,0.19,0,0,0,0
20.04,13,5541,US,1,3,8,89.56,0.22,0,0,0,0
23.11,11,5912,US,0,1,6,148.18,0.16,0,0,0,0
4355.01,1,5732,UA,3,3,10,48.12,90.5,1,1,1,1
30.49,18,5912,US,0,0,4,64.04,0.48,0,0,0,0
29.27,13,5912,US,0,1,3,143.28,0.2,0,0,0,0
92.48,14,5311,US,0,0,5,101.75,0.91,0,0,0,0
70.28,23,5311,US,0,0,3,64.83,1.08,0,0,0,0
22.19,8,4121,US,1,1,4,120.77,0.18,0,0,0,0
34.44,15,5812,US,0,1,2,119.86,0.29,0,0,0,0
69.49,9,5912,US,0,1,1,59.82,1.16,0,0,0,0
66.13,10,5411,US,0,0,2,133.85,0.49,0,0,0,0
60.64,18,5541,US,0,0,2,88.61,0.68,0,0,0,0
11.71,13,4121,GB,0,0,4,96.55,0.12,1,0,0,0
16.09,15,5732,US,1,2,4,57.41,0.28,0,0,1,0
79.04,12,5814,US,0,0,3,94.17,0.84,0,0,0,0
14.51,18,5541,US,1,4,5,138.53,0.1,0,0,0,0
38.46,20,5541,US,0,2,4,74.84,0.51,0,0,0,0
51.63,14,5541,US,0,1,6,102.37,0.5,0,0,0,0
31.54,18,5541,JP,0,3,8,105.76,0.3,1,0,0,0
60.05,20,5814,US,0,1,3,131.5,0.46,0,0,0,0
20.73,12,5732,US,1,2,5,108.36,0.19,0,0,1,0
51.9,16,5311,US,0,2,7,96.59,0.54,0,0,0,0
36.62,19,5541,US,0,1,5,103.49,0.35,0,0,0,0
102.37,17,5732,US,0,1,3,99.16,1.03,0,0,1,0
12.73,10,5732,US,0,0,8,126.41,0.1,0,0,1,0
65.3,21,5732,US,1,3,4,97.1,0.67,0,0,1,0
18.12,20,5812,US,1,2,2,89.7,0.2,0,0,0,0
202.73,15,5732,US,0,0,1,144.08,1.41,0,0,1,0
11.23,16,5411,US,0,0,4,115.25,0.1,0,0,0,0
15.24,11,5311,US,0,0,3,127.99,0.12,0,0,0,0
27.79,9,5311,US,0,0,4,106.03,0.26,0,0,0,0
24.16,14,4121,US,0,1,5,84.88,0.28,0,0,0,0
22.95,14,5732,US,0,0,2,79.75,0.29,0,0,1,0
140.38,13,4121,US,0,0,7,80.68,1.74,0,0,0,0
137.8,4,5541,US,1,1,3,66.9,2.06,0,1,0,0
70.34,14,5541,US,0,0,2,56.15,1.25,0,0,0,0
95.72,13,5541,US,0,1,2,64.0,1.5,0,0,0,0
38.32,14,5732,US,0,0,3,51.29,0.75,0,0,1,0
36.19,17,5912,US,0,0,5,141.54,0.26,0,0,0,0
142.69,8,5912,FR,0,1,7,52.21,2.73,1,0,0,0
27.5,13,5411,US,1,1,1,134.74,0.2,0,0,0,0
84.8,19,5814,US,1,1,2,129.47,0.65,0,0,0,0
25.95,13,4121,US,0,0,4,58.62,0.44,0,0,0,0
231.62,16,4121,US,0,0,3,118.7,1.95,0,0,0,0
56.21,14,5912,US,0,0,4,105.61,0.53,0,0,0,0
28.18,16,5812,US,0,0,0,125.04,0.23,0,0,0,0
28.05,14,5311,US,0,2,4,63.81,0.44,0,0,0,0
45.49,9,5311,US,1,2,2,111.71,0.41,0,0,0,0
68.8,14,5411,US,1,1,4,93.09,0.74,0,0,0,0
22.12,20,5411,US,0,0,1,121.42,0.18,0,0,0,0
15.14,6,5812,US,0,0,2,139.49,0.11,0,0,0,0
136.13,6,5311,US,0,1,4,148.03,0.92,0,0,0,0
1.73,4,5311,NG,5,22,24,96.62,0.02,1,1,0,1
21.11,22,5411,US,0,1,3,69.81,0.3,0,0,0,0
33.54,18,4121,US,1,2,3,96.23,0.35,0,0,0,0
52.32,10,5814,US,0,0,3,61.36,0.85,0,0,0,0
58.43,16,5912,US,0,0,2,77.01,0.76,0,0,0,0
74.63,15,5912,US,0,2,4,116.49,0.64,0,0,0,0
7.63,14,5541,US,0,0,2,63.6,0.12,0,0,0,0
16.36,15,4121,US,1,1,4,148.42,0.11,0,0,0,0
57.55,14,5732,US,2,3,6,55.24,1.04,0,0,1,0
72.23,13,5912,US,0,0,1,121.24,0.6,0,0,0,0
43.11,19,5541,US,0,0,5,66.42,0.65,0,0,0,0
7.65,7,5541,US,0,1,3,143.99,0.05,0,0,0,0
23.98,18,5814,US,0,1,6,114.89,0.21,0,0,0,0
6.09,14,5311,US,0,0,3,129.9,0.05,0,0,0,0
14.52,11,5812,US,0,1,2,65.36,0.22,0,0,0,0
10.61,12,5541,US,0,2,5,140.0,0.08,0,0,0,0
14.54,11,5541,US,0,1,3,145.82,0.1,0,0,0,0
11.05,19,5311,US,0,0,2,101.91,0.11,0,0,0,0
130.52,10,5541,US,1,2,7,117.14,1.11,0,0,0,0
26.57,18,5541,US,0,2,6,97.57,0.27,0,0,0,0
24.92,15,5814,US,0,1,3,100.83,0.25,0,0,0,0
763.3,3,6051,RO,10,16,17,41.6,18.35,1,1,1,1
105.5,7,5812,US,0,1,5,135.79,0.78,0,0,0,0
192.38,14,5812,US,1,1,5,138.02,1.39,0,0,0,0
178.84,19,5732,US,0,1,3,66.2,2.7,0,0,1,0
42.06,19,5541,US,1,1,5,71.5,0.59,0,0,0,0
63.88,16,5311,US,0,1,6,135.79,0.47,0,0,0,0
74.78,9,5541,US,0,1,1,146.56,0.51,0,0,0,0
24.89,12,5732,US,0,1,5,65.74,0.38,0,0,1,0
6.75,18,5732,US,0,4,4,92.9,0.07,0,0,1,0
155.31,15,4121,US,0,2,4,118.96,1.31,0,0,0,0
67.51,17,5814,US,0,1,3,122.17,0.55,0,0,0,0
9.03,17,5541,US,0,1,4,77.2,0.12,0,0,0,0
747.56,22,4829,CY,3,6,7,46.27,16.16,1,0,1,1
33.59,15,5732,US,1,3,7,105.72,0.32,0,0,1,0
45.28,14,5912,US,0,1,1,147.07,0.31,0,0,0,0
92.72,11,5814,US,1,3,6,105.42,0.88,0,0,0,0
5.82,14,5812,US,0,1,1,128.75,0.05,0,0,0,0
48.91,14,5411,GB,0,0,1,89.88,0.54,1,0,0,0
117.7,12,5541,US,0,0,2,144.63,0.81,0,0,0,0
97.33,17,4121,US,0,0,4,66.89,1.46,0,0,0,0
21.95,13,4121,US,0,1,2,138.47,0.16,0,0,0,0
10.52,9,5814,US,0,0,2,52.29,0.2,0,0,0,0
54.66,12,5541,US,0,1,5,67.6,0.81,0,0,0,0
8.87,12,5912,US,0,0,0,117.03,0.08,0,0,0,0
21.13,21,5541,US,0,1,3,81.5,0.26,0,0,0,0
36.99,12,4121,US,0,1,3,111.01,0.33,0,0,0,0
50.08,17,5311,US,1,1,2,98.68,0.51,0,0,0,0
5.38,22,5912,US,0,1,4,149.03,0.04,0,0,0,0
14.58,17,5912,US,0,4,7,82.59,0.18,0,0,0,0
11.42,17,5732,US,0,0,2,106.25,0.11,0,0,1,0
12.82,10,5541,US,0,1,2,136.47,0.09,0,0,0,0
148.67,19,5541,US,1,1,6,109.81,1.35,0,0,0,0
22.12,13,5732,US,0,1,6,88.5,0.25,0,0,1,0
72.65,10,5912,US,0,0,2,67.54,1.08,0,0,0,0
207.04,17,5812,US,0,3,5,99.13,2.09,0,0,0,0
14.11,13,5311,US,0,2,6,122.42,0.12,0,0,0,0
29.21,17,5812,DE,0,1,3,137.92,0.21,1,0,0,0
38.75,8,5311,US,0,2,2,115.05,0.34,0,0,0,0
18.14,12,5814,US,0,0,3,80.28,0.23,0,0,0,0
39.17,18,5814,FR,0,0,7,113.69,0.34,1,0,0,0
44.87,1,5541,US,1,2,2,93.31,0.48,0,1,0,0
30.32,8,5814,US,0,0,1,98.1,0.31,0,0,0,0
9.46,17,5411,US,1,1,7,69.28,0.14,0,0,0,0
38.08,16,5912,US,0,1,5,68.71,0.55,0,0,0,0
11.21,14,5541,US,0,3,5,75.39,0.15,0,0,0,0
64.77,23,5411,US,0,1,2,114.04,0.57,0,0,0,0
74.53,13,5541,US,0,0,2,123.42,0.6,0,0,0,0
38.9,12,5814,US,0,0,2,112.8,0.34,0,0,0,0
27.22,9,4121,US,0,1,4,135.06,0.2,0,0,0,0
112.07,11,5814,US,0,0,5,144.59,0.78,0,0,0,0
44.04,16,5812,US,2,2,2,104.14,0.42,0,0,0,0
23.61,14,5812,US,0,1,4,105.78,0.22,0,0,0,0
48.13,13,5732,US,0,2,5,75.27,0.64,0,0,1,0
111.41,11,5814,US,1,2,6,79.75,1.4,0,0,0,0
1470.26,22,7995,RU,3,8,8,65.73,22.37,1,0,1,1
88.25,8,5541,US,1,2,3,80.95,1.09,0,0,0,0
71.54,19,5732,US,0,1,6,120.66,0.59,0,0,1,0
32.42,20,4121,US,0,3,4,129.28,0.25,0,0,0,0
23.55,16,4121,US,0,1,5,82.2,0.29,0,0,0,0
24.31,14,5814,US,0,0,3,92.17,0.26,0,0,0,0
59.22,13,5732,US,0,0,8,108.76,0.54,0,0,1,0
9.95,18,5541,US,0,1,4,118.03,0.08,0,0,0,0
32.19,12,5311,US,0,2,4,70.09,0.46,0,0,0,0
21.4,12,5814,US,0,1,3,80.16,0.27,0,0,0,0
71.19,10,5311,US,0,0,1,131.14,0.54,0,0,0,0
36.4,8,5812,US,0,1,7,74.71,0.49,0,0,0,0
221.63,12,4121,US,0,0,1,112.96,1.96,0,0,0,0
25.78,18,5912,US,0,2,4,88.66,0.29,0,0,0,0
25.49,11,5411,US,0,1,4,60.05,0.42,0,0,0,0
92.44,13,5812,US,0,0,6,95.59,0.97,0,0,0,0
7.06,19,4121,US,0,1,4,82.42,0.09,0,0,0,0
35.02,19,4121,US,0,1,1,143.36,0.24,0,0,0,0
135.29,14,5812,US,0,1,4,109.31,1.24,0,0,0,0
267.64,8,5411,US,0,0,2,94.8,2.82,0,0,0,0
182.64,11,4121,US,0,1,3,61.07,2.99,0,0,0,0
28.74,20,5814,US,1,1,5,93.94,0.31,0,0,0,0
58.89,13,5732,US,1,2,5,65.59,0.9,0,0,1,0
60.8,9,4121,US,0,2,4,136.08,0.45,0,0,0,0
73.75,11,5812,US,0,1,3,75.72,0.97,0,0,0,0
74.5,10,5411,US,0,0,3,128.5,0.58,0,0,0,0
44.29,14,4121,US,0,1,5,61.47,0.72,0,0,0,0
88.88,14,4121,US,0,1,4,147.73,0.6,0,0,0,0
169.4,10,4121,US,1,2,3,63.75,2.66,0,0,0,0
17.77,8,5814,US,0,2,7,108.68,0.16,0,0,0,0
20.73,6,5411,US,0,0,1,61.14,0.34,0,0,0,0
8.71,11,5541,US,0,1,3,109.1,0.08,0,0,0,0
32.46,17,5311,US,0,0,3,111.86,0.29,0,0,0,0
217.39,15,5311,US,0,1,6,82.96,2.62,0,0,0,0
23.16,16,5912,US,0,0,5,65.84,0.35,0,0,0,0
17.26,9,5311,US,0,1,1,122.49,0.14,0,0,0,0
14.05,16,4121,US,1,1,5,145.04,0.1,0,0,0,0
2726.34,7,6051,NG,3,6,5,86.98,31.34,1,0,1,1
11.64,7,5814,US,0,0,2,86.94,0.13,0,0,0,0
2.08,0,5311,UA,11,18,39,77.16,0.03,1,1,0,1
92.09,9,5411,US,0,1,9,127.03,0.72,0,0,0,0
33.28,12,5311,US,1,2,3,96.95,0.34,0,0,0,0
5.77,12,5732,US,0,2,4,50.38,0.11,0,0,1,0
239.38,16,5732,US,0,1,2,94.44,2.53,0,0,1,0
27.1,10,5411,US,0,0,2,123.88,0.22,0,0,0,0
102.04,14,5732,US,0,2,5,51.19,1.99,0,0,1,0
64.76,14,5812,US,1,2,3,98.49,0.66,0,0,0,0
25.99,14,5411,DE,0,0,4,127.2,0.2,1,0,0,0
2447.72,13,7995,CY,3,2,12,69.66,35.14,1,0,1,1
94.96,17,5732,US,0,1,4,117.93,0.81,0,0,1,0
16.96,18,5814,US,0,1,1,120.32,0.14,0,0,0,0
76.49,10,5814,US,0,2,2,82.68,0.93,0,0,0,0
28.07,20,5732,US,0,1,9,94.39,0.3,0,0,1,0
28.42,8,5411,US,0,1,2,62.05,0.46,0,0,0,0
85.43,10,5912,US,0,0,0,148.16,0.58,0,0,0,0
25.25,17,5912,US,0,1,4,70.94,0.36,0,0,0,0
408.71,13,5732,RO,10,12,38,84.94,4.81,1,0,1,1
67.07,16,5732,DE,0,0,2,104.4,0.64,1,0,1,0
36.92,19,5814,US,0,1,4,130.86,0.28,0,0,0,0
1.04,5,5311,US,8,27,41,73.74,0.01,0,1,0,1
110.28,14,5812,US,0,1,5,87.97,1.25,0,0,0,0
16.51,18,5732,US,0,0,2,63.67,0.26,0,0,1,0
13.6,14,5411,US,0,0,2,96.57,0.14,0,0,0,0
34.8,12,5814,US,0,0,2,123.46,0.28,0,0,0,0
14.48,11,5912,US,0,2,3,115.6,0.13,0,0,0,0
18.35,10,5541,US,0,1,6,133.68,0.14,0,0,0,0
39.59,16,5812,US,0,0,0,60.24,0.66,0,0,0,0
49.48,13,5541,FR,0,1,2,121.31,0.41,1,0,0,0
20.46,17,5912,US,1,1,6,73.45,0.28,0,0,0,0
48.66,7,4121,US,0,1,5,143.06,0.34,0,0,0,0
24.85,13,5411,US,1,1,5,112.56,0.22,0,0,0,0
145.22,13,5814,US,0,0,1,100.89,1.44,0,0,0,0
747.95,12,5944,CN,2,6,5,69.9,10.7,1,0,1,1
14.54,16,5411,US,1,1,1,76.05,0.19,0,0,0,0
209.78,12,5814,US,0,3,4,127.29,1.65,0,0,0,0
85.49,15,5812,US,1,1,6,75.03,1.14,0,0,0,0
44.06,19,5912,US,0,0,3,66.52,0.66,0,0,0,0
78.28,19,5912,US,0,1,2,56.58,1.38,0,0,0,0
8.22,13,5732,US,0,2,4,70.78,0.12,0,0,1,0
2774.0,4,6051,CN,1,5,8,66.73,41.57,1,1,1,1
36.8,18,5912,US,0,2,3,145.45,0.25,0,0,0,0
293.61,13,5732,GB,9,17,25,50.66,5.8,1,0,1,1
66.5,14,5311,US,0,0,2,52.25,1.27,0,0,0,0
105.71,19,5411,US,0,1,3,51.58,2.05,0,0,0,0
141.49,17,5912,US,1,1,2,79.4,1.78,0,0,0,0
6.52,14,5411,US,0,0,4,106.75,0.06,0,0,0,0
88.8,19,5311,US,0,1,4,50.66,1.75,0,0,0,0
68.52,9,5732,US,0,0,4,123.68,0.55,0,0,1,0
17.77,14,4121,US,0,0,4,111.67,0.16,0,0,0,0
1.24,6,5311,NG,12,27,50,42.62,0.03,1,0,0,1
177.33,12,5732,US,0,0,1,86.22,2.06,0,0,1,0
234.22,16,5814,US,1,1,4,128.01,1.83,0,0,0,0
34.62,20,5311,US,1,2,3,91.64,0.38,0,0,0,0
36.61,9,5812,US,0,0,3,83.99,0.44,0,0,0,0
21.19,14,5541,US,0,0,0,83.99,0.25,0,0,0,0
15.8,11,5814,US,1,2,4,52.64,0.3,0,0,0,0
81.36,9,5541,US,1,2,4,117.08,0.69,0,0,0,0
36.54,19,5814,US,0,2,7,110.46,0.33,0,0,0,0
143.56,21,5732,US,0,1,1,131.97,1.09,0,0,1,0
2543.72,2,6051,CY,4,5,12,80.54,31.58,1,1,1,1
100.61,15,4121,US,0,1,3,126.07,0.8,0,0,0,0
68.28,9,5311,US,1,1,4,141.29,0.48,0,0,0,0
29.37,12,4121,US,0,1,6,129.27,0.23,0,0,0,0
99.82,17,5812,US,0,0,3,85.39,1.17,0,0,0,0
48.79,16,5912,US,0,1,3,61.98,0.79,0,0,0,0
3.3,8,5311,US,7,11,40,82.75,0.04,0,0,0,1
35.39,23,5411,US,0,0,4,57.52,0.62,0,0,0,0
14.61,17,5912,US,0,1,6,124.98,0.12,0,0,0,0
131.34,9,5812,US,1,2,5,118.62,1.11,0,0,0,0
59.64,15,4121,US,0,2,3,113.63,0.52,0,0,0,0
33.82,13,5732,US,0,0,1,148.86,0.23,0,0,1,0
154.8,8,5411,US,0,0,2,105.05,1.47,0,0,0,0
11.56,20,5814,US,0,0,4,76.74,0.15,0,0,0,0
24.31,13,4121,US,0,0,5,101.3,0.24,0,0,0,0
6.25,16,4121,US,0,0,5,105.58,0.06,0,0,0,0
43.82,15,4121,US,0,0,3,123.17,0.36,0,0,0,0
25.39,16,5732,US,0,0,1,78.22,0.32,0,0,1,0
20.85,13,5411,US,1,1,5,132.09,0.16,0,0,0,0
9.91,11,4121,US,1,2,3,94.67,0.1,0,0,0,0
91.21,15,5311,US,0,2,7,94.3,0.97,0,0,0,0
39.98,14,5541,US,0,1,1,124.59,0.32,0,0,0,0
169.26,17,5411,US,0,0,2,137.23,1.23,0,0,0,0
13.05,8,5541,US,0,0,2,91.54,0.14,0,0,0,0
270.13,20,5311,US,0,0,3,75.07,3.6,0,0,0,0
43.26,10,5814,US,0,1,1,143.32,0.3,0,0,0,0
22.73,21,5311,US,0,1,2,104.42,0.22,0,0,0,0
151.51,15,5814,US,0,0,2,144.7,1.05,0,0,0,0
96.49,14,5912,US,0,0,2,135.82,0.71,0,0,0,0
73.15,21,5814,US,0,1,3,103.3,0.71,0,0,0,0
54.89,13,5814,US,0,2,2,70.18,0.78,0,0,0,0
38.74,11,5814,US,0,1,5,96.03,0.4,0,0,0,0
35.62,14,5311,US,0,0,2,87.17,0.41,0,0,0,0
48.57,16,5411,US,1,2,5,146.21,0.33,0,0,0,0
59.27,7,5912,US,0,1,1,145.83,0.41,0,0,0,0
29.23,16,5541,US,0,3,6,104.56,0.28,0,0,0,0
18.6,12,4121,US,0,0,2,109.81,0.17,0,0,0,0
12.79,12,5912,US,0,0,3,133.28,0.1,0,0,0,0
239.06,16,5912,US,0,0,1,142.07,1.68,0,0,0,0
1.85,5,5311,NG,15,13,48,92.85,0.02,1,1,0,1
24.17,8,5732,US,0,0,1,94.72,0.26,0,0,1,0
68.42,19,5411,US,0,0,5,123.81,0.55,0,0,0,0
27.66,17,5411,US,0,1,2,136.4,0.2,0,0,0,0
36.7,15,4121,FR,0,0,3,77.3,0.47,1,0,0,0
30.23,19,4121,US,0,0,2,70.79,0.43,0,0,0,0
128.81,14,5311,US,0,2,3,120.37,1.07,0,0,0,0
44.27,22,5912,US,0,1,4,128.81,0.34,0,0,0,0
97.01,18,5812,US,0,0,0,103.02,0.94,0,0,0,0
97.9,15,5812,US,0,0,8,53.32,1.84,0,0,0,0
211.96,13,5814,US,0,0,2,130.81,1.62,0,0,0,0
203.75,11,5411,US,0,0,3,132.36,1.54,0,0,0,0
47.48,14,5912,US,2,3,8,87.37,0.54,0,0,0,0
69.63,9,5541,US,2,3,3,102.88,0.68,0,0,0,0
5104.86,5,6051,CN,1,4,7,97.13,52.56,1,1,1,1
55.46,19,5912,US,1,1,1,68.02,0.82,0,0,0,0
104.86,19,5541,FR,0,0,3,129.77,0.81,1,0,0,0
81.62,13,5311,US,0,0,2,88.71,0.92,0,0,0,0
29.53,14,5912,US,0,1,4,70.77,0.42,0,0,0,0
6.26,20,5814,US,0,0,2,106.77,0.06,0,0,0,0
69.04,13,5912,US,0,0,2,51.12,1.35,0,0,0,0
4356.71,4,5732,RO,1,2,8,63.6,68.5,1,1,1,1
2569.52,8,5944,CY,4,2,10,81.36,31.58,1,0,1,1
1.17,4,5311,UA,12,29,36,59.67,0.02,1,1,0,1
49.63,13,5812,US,0,2,5,82.06,0.6,0,0,0,0
87.71,10,5732,US,0,1,3,126.49,0.69,0,0,1,0
40.83,13,4121,US,1,1,2,89.44,0.46,0,0,0,0
33.25,21,5541,US,0,0,4,101.64,0.33,0,0,0,0
39.06,15,5912,US,0,1,3,143.25,0.27,0,0,0,0
8.89,8,5311,US,0,2,5,59.94,0.15,0,0,0,0
125.7,4,5311,US,0,0,2,124.28,1.01,0,1,0,0
35.36,9,4121,US,0,0,2,72.52,0.49,0,0,0,0
136.63,14,5812,US,0,0,2,119.71,1.14,0,0,0,0
75.84,11,4121,US,0,0,6,101.85,0.74,0,0,0,0
117.74,12,5411,US,0,1,2,149.47,0.79,0,0,0,0
72.47,13,5541,US,0,0,4,59.99,1.21,0,0,0,0
156.69,14,5814,US,0,0,2,123.86,1.27,0,0,0,0
25.96,22,5732,US,1,1,7,95.39,0.27,0,0,1,0
23.62,14,5912,US,0,0,4,119.99,0.2,0,0,0,0
26.75,17,5912,FR,0,2,5,113.09,0.24,1,0,0,0
34.9,9,5814,US,0,0,0,102.02,0.34,0,0,0,0
41.71,15,5411,US,0,0,3,59.79,0.7,0,0,0,0
68.08,16,5411,US,0,0,4,140.08,0.49,0,0,0,0
151.67,11,5812,US,0,1,2,103.63,1.46,0,0,0,0
44.96,15,5311,US,1,2,6,127.4,0.35,0,0,0,0
26.64,10,5411,US,0,3,9,73.03,0.36,0,0,0,0
67.65,13,5912,US,0,3,4,90.06,0.75,0,0,0,0
45.74,10,5732,US,0,0,1,98.04,0.47,0,0,1,0
20.43,14,5812,US,0,2,4,139.38,0.15,0,0,0,0
88.96,9,5411,US,0,2,3,84.59,1.05,0,0,0,0
45.49,16,4121,US,0,2,5,75.61,0.6,0,0,0,0
18.64,13,5812,US,0,2,4,141.58,0.13,0,0,0,0
21.79,17,5814,US,0,0,3,101.42,0.21,0,0,0,0
11.87,15,5812,US,0,0,2,130.41,0.09,0,0,0,0
61.04,15,5732,US,1,2,4,107.21,0.57,0,0,1,0
22.93,11,5541,US,1,1,4,123.12,0.19,0,0,0,0
11.41,15,5812,US,0,1,2,140.91,0.08,0,0,0,0
57.89,13,5311,US,0,0,0,87.69,0.66,0,0,0,0
16.39,16,5541,US,1,1,4,70.73,0.23,0,0,0,0
78.63,16,5812,US,0,1,5,113.19,0.69,0,0,0,0
34.4,18,5812,US,0,1,5,55.26,0.62,0,0,0,0
3157.33,16,6051,CN,1,5,7,75.47,41.84,1,0,1,1
26.84,10,4121,US,0,1,6,112.98,0.24,0,0,0,0
77.83,4,5814,US,0,0,3,61.61,1.26,0,1,0,0
24.78,11,5912,US,1,3,5,94.59,0.26,0,0,0,0
78.27,14,5814,FR,0,2,5,53.11,1.47,1,0,0,0
0.74,9,5311,NG,7,14,22,74.22,0.01,1,0,0,1
39.65,6,5912,US,2,2,3,74.09,0.54,0,0,0,0
26.45,10,5411,US,1,2,4,110.51,0.24,0,0,0,0
19.46,16,4121,US,0,0,2,66.04,0.29,0,0,0,0
5.6,13,5411,US,0,1,4,119.04,0.05,0,0,0,0
263.36,18,5732,US,0,0,2,115.11,2.29,0,0,1,0
42.77,11,4121,US,0,1,7,83.37,0.51,0,0,0,0
15.58,8,5912,US,1,3,3,146.89,0.11,0,0,0,0
41.98,12,5311,US,0,1,5,140.88,0.3,0,0,0,0
34.01,11,5732,US,1,1,4,147.28,0.23,0,0,1,0
57.98,19,5311,US,0,0,1,93.67,0.62,0,0,0,0
84.81,8,5541,US,0,2,6,59.03,1.44,0,0,0,0
60.39,10,5732,US,1,1,2,95.19,0.63,0,0,1,0
28.66,12,5912,US,0,3,6,56.6,0.51,0,0,0,0
47.97,11,5411,US,0,2,2,118.45,0.4,0,0,0,0
13.62,16,5812,US,0,0,2,75.71,0.18,0,0,0,0
111.07,12,5812,US,0,0,2,122.73,0.9,0,0,0,0
15.36,15,4121,US,0,0,2,112.59,0.14,0,0,0,0
21.29,13,5411,US,0,2,4,145.94,0.15,0,0,0,0
184.01,14,5411,US,0,2,2,147.39,1.25,0,0,0,0
1066.58,18,4829,CN,2,8,9,87.24,12.23,1,0,1,1
21.71,11,5541,US,0,0,2,147.46,0.15,0,0,0,0
17.25,13,5732,US,0,0,4,59.3,0.29,0,0,1,0
26.77,11,5912,US,1,1,3,135.33,0.2,0,0,0,0
242.11,13,5912,US,0,2,4,51.71,4.68,0,0,0,0
19.48,12,4121,US,0,1,4,61.87,0.31,0,0,0,0
733.78,3,7995,US,6,24,34,50.89,14.42,0,1,1,1
440.75,8,4829,US,10,11,30,91.53,4.82,0,0,1,1
110.27,22,5732,US,0,1,3,56.83,1.94,0,0,1,0
105.58,18,5311,US,0,1,2,77.3,1.37,0,0,0,0
25.31,19,5732,US,0,0,0,64.36,0.39,0,0,1,0
6658.67,4,5944,NG,2,3,5,74.69,89.15,1,1,1,1
52.11,6,4121,US,0,0,2,88.55,0.59,0,0,0,0
27.8,9,5541,US,0,0,3,86.62,0.32,0,0,0,0
96.29,8,5541,US,0,1,3,104.98,0.92,0,0,0,0
44.08,14,5812,US,0,1,1,135.38,0.33,0,0,0,0
80.16,10,5541,US,0,0,5,118.62,0.68,0,0,0,0
8.71,19,5411,US,0,0,1,53.84,0.16,0,0,0,0
184.5,13,5732,US,1,3,9,60.14,3.07,0,0,1,0
899.06,5,7995,US,4,12,29,47.93,18.76,0,1,1,1
47.81,16,5912,US,0,1,5,87.39,0.55,0,0,0,0
15.37,13,4121,US,0,0,1,75.42,0.2,0,0,0,0
810.1,8,6051,US,5,25,32,55.47,14.6,0,0,1,1
3.46,14,5814,US,0,1,5,121.28,0.03,0,0,0,0
86.22,6,5732,US,0,0,3,71.16,1.21,0,0,1,0
17.54,4,5732,US,0,1,5,66.38,0.26,0,1,1,0
17.73,11,5411,US,0,0,2,60.95,0.29,0,0,0,0
42.93,15,5541,US,1,2,5,112.5,0.38,0,0,0,0
12.52,17,5912,US,1,1,2,75.59,0.17,0,0,0,0
24.84,14,5732,US,2,3,8,118.62,0.21,0,0,1,0
162.03,13,5812,US,2,3,5,103.28,1.57,0,0,0,0
28.36,7,5732,US,0,0,2,74.59,0.38,0,0,1,0
132.81,18,5311,DE,0,0,4,144.09,0.92,1,0,0,0
19.72,8,5912,US,0,0,2,143.55,0.14,0,0,0,0
122.65,14,5814,US,0,0,4,80.06,1.53,0,0,0,0
13.14,14,5411,US,0,1,6,63.08,0.21,0,0,0,0
38.68,11,5812,US,0,0,4,102.29,0.38,0,0,0,0
7675.82,1,6051,US,2,3,9,85.9,89.36,0,1,1,1
23.63,16,5411,US,0,0,5,58.27,0.41,0,0,0,0
124.1,12,5912,US,1,1,2,84.65,1.47,0,0,0,0
148.17,15,4121,US,0,0,3,58.1,2.55,0,0,0,0
8.61,14,5732,US,0,0,3,140.43,0.06,0,0,1,0
17.1,12,5814,US,0,1,5,91.41,0.19,0,0,0,0
71.67,13,5732,US,0,3,5,57.43,1.25,0,0,1,0
12.68,14,5311,US,0,0,0,66.65,0.19,0,0,0,0
94.53,12,5541,US,0,0,1,81.79,1.16,0,0,0,0
85.59,8,4121,US,0,0,2,81.97,1.04,0,0,0,0
58.97,13,5541,US,1,1,2,51.31,1.15,0,0,0,0
13.61,11,5814,US,1,3,7,95.23,0.14,0,0,0,0
8.34,17,4121,US,0,2,2,91.11,0.09,0,0,0,0
18.04,7,5541,US,0,3,9,81.73,0.22,0,0,0,0
75.71,10,5912,US,0,1,6,138.35,0.55,0,0,0,0
8.9,9,5732,US,0,2,8,114.81,0.08,0,0,1,0
100.64,17,5912,DE,0,2,3,59.95,1.68,1,0,0,0
361.8,14,5732,US,0,0,0,99.04,3.65,0,0,1,0
46.87,12,5812,US,0,1,2,120.57,0.39,0,0,0,0
33.87,10,5311,US,0,1,5,116.27,0.29,0,0,0,0
146.7,8,5311,US,0,1,2,57.31,2.56,0,0,0,0
13.27,14,5812,US,1,1,2,57.14,0.23,0,0,0,0
131.39,12,5732,US,1,1,5,72.01,1.82,0,0,1,0
60.76,20,5311,US,0,1,2,123.25,0.49,0,0,0,0
37.08,11,5912,US,0,0,2,142.02,0.26,0,0,0,0
55.39,12,5814,US,0,0,2,67.79,0.82,0,0,0,0
69.19,17,5311,US,0,0,2,68.27,1.01,0,0,0,0
172.27,19,5411,US,1,2,2,67.67,2.55,0,0,0,0
260.55,21,5411,DE,0,1,4,110.44,2.36,1,0,0,0
103.96,10,5311,US,0,0,3,71.36,1.46,0,0,0,0
27.39,15,5732,US,0,0,1,120.55,0.23,0,0,1,0
48.29,11,5541,US,0,0,3,118.94,0.41,0,0,0,0
84.18,16,4121,US,0,0,1,117.8,0.71,0,0,0,0
5143.45,2,5732,UA,2,6,5,52.54,97.9,1,1,1,1
123.8,14,5411,US,0,1,4,53.13,2.33,0,0,0,0
45.77,16,5311,US,0,0,2,82.58,0.55,0,0,0,0
71.6,16,5814,US,0,2,4,141.86,0.5,0,0,0,0
29.83,16,5812,US,0,0,2,67.81,0.44,0,0,0,0
85.93,22,5812,US,1,1,1,146.35,0.59,0,0,0,0
6.49,11,5732,US,0,0,4,73.15,0.09,0,0,1,0
14.57,11,5311,US,0,1,5,119.67,0.12,0,0,0,0
73.66,12,5812,GB,0,1,5,98.22,0.75,1,0,0,0
120.57,11,4121,US,0,1,6,58.96,2.04,0,0,0,0
84.37,13,5732,US,0,0,2,113.26,0.74,0,0,1,0
7.74,12,5912,US,0,2,4,98.09,0.08,0,0,0,0
96.03,12,4121,US,0,2,5,112.33,0.85,0,0,0,0
13.12,16,5732,US,0,1,4,123.82,0.11,0,0,1,0
35.33,5,5411,US,0,1,4,94.38,0.37,0,1,0,0
152.2,13,5411,US,0,0,4,108.43,1.4,0,0,0,0
24.56,10,5814,US,0,2,5,112.85,0.22,0,0,0,0
53.34,14,5411,US,0,2,2,114.82,0.46,0,0,0,0
26.37,21,5732,US,0,1,1,132.15,0.2,0,0,1,0
17.52,13,5311,US,0,1,3,53.87,0.33,0,0,0,0
24.57,12,5541,US,0,1,6,100.92,0.24,0,0,0,0
2.62,15,5732,US,0,0,2,74.19,0.04,0,0,1,0
280.03,7,5411,US,0,1,5,105.59,2.65,0,0,0,0
31.21,12,5541,US,0,2,7,89.47,0.35,0,0,0,0
40.64,8,5732,US,0,0,2,82.9,0.49,0,0,1,0
35.16,15,5912,US,0,0,2,147.53,0.24,0,0,0,0
39.99,9,4121,US,0,0,7,87.19,0.46,0,0,0,0
84.64,9,4121,US,0,1,4,94.33,0.9,0,0,0,0
22.37,14,5814,US,0,0,3,113.29,0.2,0,0,0,0
70.61,9,5814,US,0,1,4,51.38,1.37,0,0,0,0
75.39,14,5411,US,0,0,4,112.06,0.67,0,0,0,0
19.7,3,5732,US,0,3,6,80.21,0.25,0,1,1,0
95.74,13,5541,US,0,0,3,146.69,0.65,0,0,0,0
1993.61,20,6051,CY,2,2,7,77.42,25.75,1,0,1,1
862.21,12,4829,US,8,10,21,74.52,11.57,0,0,1,1
58.77,10,5541,US,0,2,5,82.06,0.72,0,0,0,0
24.99,10,5814,US,0,1,4,79.63,0.31,0,0,0,0
61.03,15,5541,US,1,1,3,93.92,0.65,0,0,0,0
68.85,15,4121,US,0,0,2,146.11,0.47,0,0,0,0
5.42,15,5541,US,0,0,3,51.99,0.1,0,0,0,0
18.95,17,5732,US,0,2,2,143.85,0.13,0,0,1,0
27.92,8,5541,US,0,1,2,58.77,0.48,0,0,0,0
9.63,10,5812,US,0,1,3,70.39,0.14,0,0,0,0
125.27,14,5411,US,1,2,4,95.02,1.32,0,0,0,0
55.13,13,5812,US,0,1,5,131.24,0.42,0,0,0,0
25.89,19,5411,US,0,0,0,78.15,0.33,0,0,0,0
21.07,5,5311,US,0,1,5,117.48,0.18,0,1,0,0
3.39,20,5814,US,1,1,3,71.07,0.05,0,0,0,0
30.51,9,5912,US,1,1,2,145.35,0.21,0,0,0,0
434.23,1,5814,US,0,1,7,112.06,3.87,0,1,0,0
31.8,15,5814,US,0,2,5,92.68,0.34,0,0,0,0
931.84,11,6051,US,6,16,30,97.74,9.53,0,0,1,1
18.53,13,5311,US,0,1,6,113.63,0.16,0,0,0,0
57.23,16,5814,US,0,0,0,91.18,0.63,0,0,0,0
96.43,11,5812,US,0,0,2,115.18,0.84,0,0,0,0
30.51,10,5912,US,0,1,6,78.57,0.39,0,0,0,0
39.4,14,5311,US,0,1,3,73.93,0.53,0,0,0,0
52.34,12,5812,US,0,0,1,88.09,0.59,0,0,0,0
38.71,11,5541,US,2,2,5,127.99,0.3,0,0,0,0
120.26,18,5814,US,0,0,1,130.76,0.92,0,0,0,0
71.12,15,5411,US,0,1,2,84.4,0.84,0,0,0,0
7.79,10,5311,US,0,2,8,64.38,0.12,0,0,0,0
73.85,16,5541,US,0,1,6,101.34,0.73,0,0,0,0
15.87,15,5311,US,0,0,1,143.72,0.11,0,0,0,0
7.27,10,4121,US,0,1,4,144.1,0.05,0,0,0,0
39.99,14,5311,US,0,0,0,139.17,0.29,0,0,0,0
769.64,9,5944,US,10,9,30,85.74,8.98,0,0,1,1
47.9,17,4121,US,0,0,2,77.83,0.62,0,0,0,0
64.8,12,5541,US,1,3,5,61.39,1.06,0,0,0,0
77.83,18,5812,US,0,2,4,104.71,0.74,0,0,0,0
53.89,6,5311,DE,0,1,4,119.23,0.45,1,0,0,0
21.1,12,5732,US,0,0,2,89.12,0.24,0,0,1,0
87.29,15,5541,US,0,1,2,144.25,0.61,0,0,0,0
17.82,10,5732,US,0,0,3,106.14,0.17,0,0,1,0
116.67,13,4121,US,0,0,2,56.85,2.05,0,0,0,0
4.69,10,5411,US,0,0,2,90.77,0.05,0,0,0,0
8.23,16,5541,US,0,0,5,133.0,0.06,0,0,0,0
7.55,20,5912,US,0,0,3,111.37,0.07,0,0,0,0
36.57,17,4121,US,0,0,2,145.95,0.25,0,0,0,0
141.32,15,5541,US,0,0,3,93.44,1.51,0,0,0,0
202.92,11,5912,US,0,0,1,123.87,1.64,0,0,0,0
17.65,8,5311,US,0,0,2,86.52,0.2,0,0,0,0
148.8,14,4121,US,0,0,1,103.46,1.44,0,0,0,0
87.8,23,5541,US,0,0,2,119.92,0.73,0,0,0,0
89.47,14,5411,US,0,2,4,118.33,0.76,0,0,0,0
102.48,15,5814,US,0,0,2,113.92,0.9,0,0,0,0
98.14,16,4121,US,0,1,2,63.09,1.56,0,0,0,0
25.41,10,4121,DE,0,0,3,124.15,0.2,1,0,0,0
44.69,17,5732,GB,0,1,2,106.95,0.42,1,0,1,0
36.32,12,5541,US,0,2,2,100.81,0.36,0,0,0,0
31.8,19,5814,US,0,2,4,102.7,0.31,0,0,0,0
19.17,13,5541,US,0,0,3,67.68,0.28,0,0,0,0
66.28,13,5912,US,0,1,2,74.83,0.89,0,0,0,0
11.73,2,5311,US,0,0,2,56.07,0.21,0,1,0,0
38.97,21,5311,US,2,2,5,97.86,0.4,0,0,0,0
25.47,15,5814,US,0,0,2,135.99,0.19,0,0,0,0
148.15,20,5541,DE,0,4,10,81.7,1.81,1,0,0,0
39.4,13,5311,US,0,0,1,56.78,0.69,0,0,0,0
35.12,8,5912,US,0,1,7,90.58,0.39,0,0,0,0
40.07,19,5541,US,1,1,2,57.42,0.7,0,0,0,0
147.78,8,5912,US,0,0,4,147.28,1.0,0,0,0,0
9.7,13,5541,US,1,2,3,90.84,0.11,0,0,0,0
104.8,10,5812,US,0,2,4,130.77,0.8,0,0,0,0
34.02,10,5732,DE,1,3,9,128.75,0.26,1,0,1,0
76.01,16,5311,US,0,0,3,140.3,0.54,0,0,0,0
61.48,14,5912,US,0,0,0,79.31,0.78,0,0,0,0
1204.91,9,5732,CY,1,2,9,91.91,13.11,1,0,1,1
39.37,19,5814,US,0,0,0,99.93,0.39,0,0,0,0
31.47,16,5814,US,0,0,3,125.95,0.25,0,0,0,0
33.32,8,4121,US,1,2,4,97.94,0.34,0,0,0,0
63.92,10,5411,US,0,0,4,68.54,0.93,0,0,0,0
199.54,8,5814,US,0,0,3,117.7,1.7,0,0,0,0
56.35,8,5411,US,0,1,5,137.09,0.41,0,0,0,0
34.22,18,5912,US,0,0,5,79.16,0.43,0,0,0,0
42.21,19,5311,US,0,0,3,93.67,0.45,0,0,0,0
166.72,7,5912,US,0,0,0,60.7,2.75,0,0,0,0
30.18,12,5912,US,1,2,2,93.38,0.32,0,0,0,0
27.19,12,5814,US,0,0,2,68.75,0.4,0,0,0,0
133.63,13,5411,US,0,0,1,71.68,1.86,0,0,0,0
28.48,10,4121,US,0,1,2,105.6,0.27,0,0,0,0
31.2,16,5411,GB,0,2,5,142.82,0.22,1,0,0,0
63.19,10,5812,US,0,0,2,133.15,0.47,0,0,0,0
7559.83,1,5732,RO,3,4,10,70.48,107.26,1,1,1,1
90.0,10,5732,US,0,1,4,104.99,0.86,0,0,1,0
11.16,17,4121,US,0,3,3,105.43,0.11,0,0,0,0
19.67,14,5411,US,0,1,5,147.36,0.13,0,0,0,0
3.66,18,5814,US,2,2,6,90.19,0.04,0,0,0,0
18.35,10,5411,US,0,0,0,80.71,0.23,0,0,0,0
33.31,6,5411,US,0,2,4,90.2,0.37,0,0,0,0
77.21,14,5732,US,0,0,1,52.2,1.48,0,0,1,0
46.78,16,5541,US,0,0,0,97.46,0.48,0,0,0,0
64.82,18,5411,US,0,0,2,148.88,0.44,0,0,0,0
56.5,18,5541,US,1,1,5,68.53,0.82,0,0,0,0
141.2,8,5311,US,0,2,3,93.4,1.51,0,0,0,0
51.05,17,4121,US,0,1,4,55.99,0.91,0,0,0,0
11.29,11,5912,US,0,1,2,134.84,0.08,0,0,0,0
36.24,15,5732,US,0,3,6,80.15,0.45,0,0,1,0
38.23,17,5411,US,0,1,5,107.7,0.35,0,0,0,0
2.31,3,5311,US,7,23,36,45.74,0.05,0,1,0,1
16.64,11,4121,US,1,2,6,101.9,0.16,0,0,0,0
49.26,11,5814,US,0,1,3,82.49,0.6,0,0,0,0
178.52,13,5812,US,0,2,4,140.39,1.27,0,0,0,0
114.84,16,5411,US,0,1,3,72.15,1.59,0,0,0,0
64.5,12,5411,US,0,1,4,91.76,0.7,0,0,0,0
36.84,15,4121,US,0,0,1,67.43,0.55,0,0,0,0
56.5,16,5411,US,0,2,2,52.37,1.08,0,0,0,0
31.04,17,5732,US,0,1,5,72.17,0.43,0,0,1,0
20.19,7,5311,US,0,2,3,130.74,0.15,0,0,0,0
18.53,9,5912,US,0,0,7,123.57,0.15,0,0,0,0
171.88,14,5311,US,1,1,4,77.68,2.21,0,0,0,0
133.42,13,5311,US,0,1,2,108.09,1.23,0,0,0,0
13.82,16,5912,US,1,2,6,124.88,0.11,0,0,0,0
73.89,9,5311,US,0,2,4,126.69,0.58,0,0,0,0
35.31,11,5812,US,0,0,4,121.04,0.29,0,0,0,0
21.93,13,5311,US,0,2,3,86.22,0.25,0,0,0,0
22.77,16,5912,US,0,1,2,77.37,0.29,0,0,0,0
183.2,12,5411,US,0,1,6,113.26,1.62,0,0,0,0
136.52,20,5541,US,0,0,3,131.37,1.04,0,0,0,0
2867.03,17,5732,RU,3,6,8,70.96,40.4,1,0,1,1
48.95,7,5311,US,0,0,4,95.09,0.51,0,0,0,0
22.42,13,5912,US,1,1,5,127.11,0.18,0,0,0,0
48.31,12,5411,US,0,0,0,76.24,0.63,0,0,0,0
65.4,14,4121,US,0,0,1,140.97,0.46,0,0,0,0
157.77,14,5812,US,0,0,3,96.85,1.63,0,0,0,0
59.63,8,5814,US,0,0,4,128.07,0.47,0,0,0,0
144.47,18,5912,US,0,0,3,103.1,1.4,0,0,0,0
41.38,11,5812,US,1,1,2,76.37,0.54,0,0,0,0
11.23,15,5912,US,0,0,0,73.74,0.15,0,0,0,0
14.93,13,5311,US,1,4,7,110.79,0.13,0,0,0,0
50.26,13,5732,US,0,0,1,88.5,0.57,0,0,1,0
58.49,10,4121,US,0,0,4,117.82,0.5,0,0,0,0
48.44,16,4121,US,0,0,3,148.7,0.33,0,0,0,0
28.47,12,5311,US,1,3,8,92.95,0.31,0,0,0,0
19.92,12,5411,US,0,0,3,131.49,0.15,0,0,0,0
49.62,10,5541,US,0,0,1,94.12,0.53,0,0,0,0
157.15,12,5814,US,0,1,2,133.21,1.18,0,0,0,0
34.27,14,5311,US,0,1,4,59.51,0.58,0,0,0,0
39.63,12,5814,US,1,1,3,111.89,0.35,0,0,0,0
23.97,18,5912,FR,0,1,1,94.75,0.25,1,0,0,0
42.64,22,5411,US,0,0,3,120.94,0.35,0,0,0,0
150.09,11,5732,US,0,0,3,104.26,1.44,0,0,1,0
25.22,19,5812,US,1,2,4,78.75,0.32,0,0,0,0
21.22,20,5411,US,1,1,6,95.23,0.22,0,0,0,0
7.5,10,5814,US,0,0,2,94.78,0.08,0,0,0,0
150.93,10,5812,US,1,1,3,145.47,1.04,0,0,0,0
48.92,22,5411,US,0,0,2,55.99,0.87,0,0,0,0
36.96,13,5541,US,1,2,3,61.4,0.6,0,0,0,0
46.33,10,5814,US,0,1,1,82.49,0.56,0,0,0,0
47.36,13,5814,US,1,2,5,135.92,0.35,0,0,0,0
20.83,7,5311,US,0,0,1,129.12,0.16,0,0,0,0
195.65,9,5814,US,0,1,3,122.75,1.59,0,0,0,0
62.77,12,5814,US,1,1,4,149.46,0.42,0,0,0,0
48.54,17,5311,US,1,3,4,71.23,0.68,0,0,0,0
142.81,14,4121,US,1,1,2,135.36,1.06,0,0,0,0
97.42,16,5812,US,2,3,4,124.48,0.78,0,0,0,0
12.79,18,5812,US,0,0,1,105.69,0.12,0,0,0,0
11.46,11,5912,US,0,0,1,143.03,0.08,0,0,0,0
4.33,16,5411,US,0,1,4,138.42,0.03,0,0,0,0
63.54,15,4121,US,0,1,5,94.62,0.67,0,0,0,0
77.02,13,5732,US,0,0,2,69.66,1.11,0,0,1,0
30.63,19,4121,US,0,0,4,133.21,0.23,0,0,0,0
70.12,14,5814,US,0,3,4,145.06,0.48,0,0,0,0
25.05,18,5812,US,0,1,7,124.99,0.2,0,0,0,0
18.79,18,5812,US,1,1,3,127.11,0.15,0,0,0,0
37.41,12,5912,FR,1,3,5,138.94,0.27,1,0,0,0
36.97,14,5812,US,0,1,3,112.25,0.33,0,0,0,0
51.97,18,5732,US,0,0,4,57.67,0.9,0,0,1,0
62.52,14,5541,US,0,2,2,86.52,0.72,0,0,0,0
92.44,15,5812,US,0,1,1,89.19,1.04,0,0,0,0
2.93,5,5311,US,11,16,33,87.2,0.03,0,1,0,1
90.79,14,5912,US,0,0,2,98.15,0.93,0,0,0,0
52.28,12,5912,US,0,3,7,97.69,0.54,0,0,0,0
63.55,18,5912,US,0,1,5,120.23,0.53,0,0,0,0
10.39,21,4121,US,0,1,4,120.72,0.09,0,0,0,0
7.43,16,5541,US,1,1,3,94.5,0.08,0,0,0,0
459.53,17,5812,US,0,1,7,107.66,4.27,0,0,0,0
22.9,18,5541,US,0,2,6,95.8,0.24,0,0,0,0
85.65,16,5812,US,0,0,0,73.85,1.16,0,0,0,0
75.63,14,5311,US,0,2,4,92.41,0.82,0,0,0,0
23.37,15,5814,US,0,1,4,74.41,0.31,0,0,0,0
262.23,14,4121,US,0,0,5,137.87,1.9,0,0,0,0
44.44,15,5311,US,0,1,7,130.07,0.34,0,0,0,0
20.05,12,5814,US,0,2,6,96.68,0.21,0,0,0,0
31.13,16,5912,US,0,0,2,75.44,0.41,0,0,0,0
33.22,5,5814,US,0,2,4,71.91,0.46,0,1,0,0
161.31,8,5732,US,2,5,8,132.9,1.21,0,0,1,0
126.06,9,5311,US,0,1,5,72.62,1.74,0,0,0,0
11.0,20,5732,US,0,2,3,142.55,0.08,0,0,1,0
10.07,12,4121,US,0,2,4,126.61,0.08,0,0,0,0
79.89,12,5541,US,0,1,3,93.97,0.85,0,0,0,0
72.71,19,5812,US,0,0,4,71.45,1.02,0,0,0,0
30.69,11,5912,DE,0,0,4,86.8,0.35,1,0,0,0
20.89,11,5541,US,0,0,1,117.73,0.18,0,0,0,0
95.76,15,5311,US,0,1,4,59.25,1.62,0,0,0,0
148.69,11,5732,US,1,1,4,113.42,1.31,0,0,1,0
28.34,12,5814,US,0,0,2,101.67,0.28,0,0,0,0
43.17,19,5541,US,0,4,5,119.69,0.36,0,0,0,0
37.39,18,5411,US,0,2,5,64.99,0.58,0,0,0,0
36.98,15,5541,US,0,0,1,52.64,0.7,0,0,0,0
143.52,12,5311,US,0,2,7,76.1,1.89,0,0,0,0
59.62,15,4121,US,0,0,1,140.51,0.42,0,0,0,0
51.13,11,5541,US,0,0,4,71.45,0.72,0,0,0,0
11.31,12,5732,US,0,1,1,90.37,0.13,0,0,1,0
20.68,18,5311,US,0,2,5,108.52,0.19,0,0,0,0
35.77,7,5812,US,0,0,3,143.18,0.25,0,0,0,0
91.65,5,5812,US,0,0,3,64.76,1.42,0,1,0,0
63.04,23,5912,US,0,0,2,89.9,0.7,0,0,0,0
24.29,9,5732,US,0,1,4,140.49,0.17,0,0,1,0
39.19,12,5541,US,0,2,3,82.36,0.48,0,0,0,0
24.0,12,4121,JP,0,2,4,54.25,0.44,1,0,0,0
3467.78,4,6051,CY,4,4,11,88.34,39.25,1,1,1,1
1569.21,19,7995,CN,2,4,8,99.37,15.79,1,0,1,1
46.32,19,5814,US,0,2,5,68.62,0.68,0,0,0,0
83.27,6,5732,JP,1,2,4,56.49,1.47,1,0,1,0
165.94,11,5541,US,0,1,4,57.14,2.9,0,0,0,0
77.58,10,5541,FR,0,1,6,147.92,0.52,1,0,0,0
16.8,16,4121,US,0,1,3,142.63,0.12,0,0,0,0
6135.35,0,5944,CN,3,6,5,98.09,62.55,1,1,1,1
16.01,9,5912,US,0,0,5,58.69,0.27,0,0,0,0
150.63,16,5411,US,0,2,5,111.21,1.35,0,0,0,0
34.15,11,4121,US,0,1,3,130.44,0.26,0,0,0,0
9.06,11,5912,US,0,1,5,119.59,0.08,0,0,0,0
17.74,15,5541,US,0,0,3,118.54,0.15,0,0,0,0
52.81,11,5541,US,1,1,3,113.29,0.47,0,0,0,0
47.06,12,5541,US,0,2,3,149.79,0.31,0,0,0,0
18.48,13,5541,US,0,0,5,63.31,0.29,0,0,0,0
13.82,17,5311,US,0,1,4,69.64,0.2,0,0,0,0
105.68,18,5411,US,0,0,1,114.11,0.93,0,0,0,0
359.06,22,7995,RO,10,18,20,49.81,7.21,1,0,1,1
47.59,21,5411,US,0,0,3,109.41,0.43,0,0,0,0
160.14,10,5411,US,1,1,1,83.06,1.93,0,0,0,0
47.41,15,5411,US,0,1,3,111.3,0.43,0,0,0,0
95.39,16,5812,US,0,0,6,102.09,0.93,0,0,0,0
144.71,8,5732,US,0,1,6,64.16,2.26,0,0,1,0
2.5,10,5814,US,0,0,4,55.36,0.05,0,0,0,0
18.93,17,4121,US,0,1,3,142.69,0.13,0,0,0,0
31.16,20,5732,US,0,1,2,105.18,0.3,0,0,1,0
172.52,21,5912,US,0,0,0,69.84,2.47,0,0,0,0
129.33,11,5411,US,0,0,4,97.59,1.33,0,0,0,0
125.85,14,5541,US,0,0,4,101.37,1.24,0,0,0,0
0.81,17,5311,NG,14,24,24,94.82,0.01,1,0,0,1
13.27,16,5812,US,0,2,4,94.16,0.14,0,0,0,0
107.86,15,5411,US,0,1,5,118.31,0.91,0,0,0,0
36.82,14,4121,US,0,1,1,134.9,0.27,0,0,0,0
23.12,13,5812,US,0,0,0,142.84,0.16,0,0,0,0
113.56,16,4121,US,0,1,1,123.28,0.92,0,0,0,0
21.94,9,5912,US,0,2,5,81.51,0.27,0,0,0,0
211.67,17,4121,US,0,0,1,109.36,1.94,0,0,0,0
24.91,13,5311,US,0,0,2,94.86,0.26,0,0,0,0
54.7,12,4121,US,0,1,2,107.21,0.51,0,0,0,0
2172.57,1,6051,NG,4,4,9,77.44,28.05,1,1,1,1
50.58,16,5814,US,0,1,4,88.38,0.57,0,0,0,0
146.33,17,5411,US,0,1,2,90.88,1.61,0,0,0,0
13.15,18,5411,US,1,1,5,107.66,0.12,0,0,0,0
29.94,11,4121,DE,1,2,4,128.08,0.23,1,0,0,0
44.05,16,5814,US,0,0,3,101.8,0.43,0,0,0,0
36.92,12,5541,US,0,1,3,112.1,0.33,0,0,0,0
18.7,5,5541,US,1,2,2,118.16,0.16,0,1,0,0
146.36,16,5814,US,0,0,0,147.61,0.99,0,0,0,0
22.21,8,5812,US,0,0,2,131.42,0.17,0,0,0,0
55.74,6,4121,US,0,1,3,61.53,0.91,0,0,0,0
65.16,11,5411,US,0,1,5,139.96,0.47,0,0,0,0
56.47,19,5411,US,0,0,0,92.17,0.61,0,0,0,0
62.41,22,4121,US,0,1,4,88.74,0.7,0,0,0,0
23.09,11,5411,US,0,1,4,132.02,0.17,0,0,0,0
22.73,8,5311,US,0,0,3,59.97,0.38,0,0,0,0
35.94,18,5812,US,0,1,4,60.29,0.6,0,0,0,0
26.1,12,5311,US,0,0,1,85.57,0.31,0,0,0,0
50.64,15,5732,US,0,1,5,126.81,0.4,0,0,1,0
38.19,22,5812,US,0,2,5,59.69,0.64,0,0,0,0
113.97,15,5814,US,1,1,4,140.56,0.81,0,0,0,0
11.34,18,4121,US,0,0,1,110.46,0.1,0,0,0,0
33.66,16,5732,US,1,1,3,132.2,0.25,0,0,1,0
65.81,14,5411,US,0,1,3,88.17,0.75,0,0,0,0
138.54,9,5812,US,0,1,4,112.2,1.23,0,0,0,0
3425.22,16,7995,RU,2,4,12,86.03,39.81,1,0,1,1
80.5,17,5812,US,0,0,2,101.8,0.79,0,0,0,0
33.23,15,5732,US,1,2,3,110.51,0.3,0,0,1,0
79.17,17,5912,US,0,0,4,51.17,1.55,0,0,0,0
42.73,12,5541,US,0,1,2,99.62,0.43,0,0,0,0
63.86,16,4121,US,0,0,0,124.75,0.51,0,0,0,0
52.58,16,5732,US,0,0,3,97.23,0.54,0,0,1,0
130.37,8,4121,US,0,2,2,147.34,0.88,0,0,0,0
173.77,12,5944,RO,4,8,19,51.9,3.35,1,0,1,1
86.19,19,5411,US,0,1,4,114.02,0.76,0,0,0,0
19.28,15,5311,US,0,1,4,128.68,0.15,0,0,0,0
82.56,17,4121,US,1,1,3,50.56,1.63,0,0,0,0
6787.76,2,5944,US,3,6,4,42.09,161.27,0,1,1,1
29.53,12,4121,US,0,1,4,132.47,0.22,0,0,0,0
31.79,16,5814,US,1,1,3,149.35,0.21,0,0,0,0
52.53,11,5812,US,1,3,6,71.99,0.73,0,0,0,0
90.91,12,5732,US,0,2,5,124.14,0.73,0,0,1,0
46.06,15,5912,US,0,1,3,57.09,0.81,0,0,0,0
1901.17,20,5732,NG,1,3,7,44.92,42.32,1,0,1,1
14.21,14,5814,US,0,0,0,78.23,0.18,0,0,0,0
34.47,19,5732,US,1,1,2,114.52,0.3,0,0,1,0
20.72,21,5311,US,1,1,2,149.69,0.14,0,0,0,0
8.1,14,5411,US,0,0,1,80.1,0.1,0,0,0,0
12.14,22,5311,US,0,0,2,53.1,0.23,0,0,0,0
29.57,18,5912,US,0,1,8,143.98,0.21,0,0,0,0
39.19,7,5912,US,0,1,2,149.89,0.26,0,0,0,0
22.48,12,5812,US,1,2,4,81.48,0.28,0,0,0,0
35.86,12,5541,US,0,3,7,130.55,0.27,0,0,0,0
28.61,4,5311,US,1,2,6,146.32,0.2,0,1,0,0
71.96,15,5311,US,0,2,5,59.15,1.22,0,0,0,0
26.27,15,5311,US,1,1,1,134.32,0.2,0,0,0,0
74.46,13,4121,US,1,1,4,120.67,0.62,0,0,0,0
162.29,10,4121,US,1,1,4,88.3,1.84,0,0,0,0
27.62,3,5541,US,1,1,2,141.88,0.19,0,1,0,0
52.56,11,5812,US,0,2,7,131.06,0.4,0,0,0,0
20.1,10,5541,US,0,0,4,92.7,0.22,0,0,0,0
65.97,17,5541,US,0,1,6,142.81,0.46,0,0,0,0
28.04,14,4121,US,1,1,2,58.24,0.48,0,0,0,0
34.45,11,5411,US,0,0,1,61.76,0.56,0,0,0,0
92.42,9,5732,US,0,2,5,136.12,0.68,0,0,1,0
40.92,19,5912,US,0,0,3,95.15,0.43,0,0,0,0
23.23,20,5814,US,0,2,3,51.88,0.45,0,0,0,0
10.81,11,5814,US,0,0,3,125.63,0.09,0,0,0,0
285.66,14,5912,US,0,0,3,108.93,2.62,0,0,0,0
89.14,16,5311,CA,1,1,1,58.34,1.53,1,0,0,0
320.53,8,5814,US,0,2,4,89.33,3.59,0,0,0,0
58.97,14,5812,US,0,0,0,126.52,0.47,0,0,0,0
20.55,6,5311,US,0,1,4,129.21,0.16,0,0,0,0
68.32,13,5732,US,0,0,3,124.93,0.55,0,0,1,0
8.61,7,5311,US,0,1,5,101.95,0.08,0,0,0,0
92.05,16,5541,US,0,0,0,60.31,1.53,0,0,0,0
55.2,15,5541,US,0,0,1,75.34,0.73,0,0,0,0
2772.38,23,4829,CY,2,3,11,47.17,58.77,1,0,1,1
141.74,18,4121,US,0,1,1,90.8,1.56,0,0,0,0
7.54,18,5411,US,1,3,8,81.09,0.09,0,0,0,0
41.5,19,4121,US,0,0,2,72.5,0.57,0,0,0,0
22.72,14,5912,US,1,1,2,118.32,0.19,0,0,0,0
23.83,23,4121,US,0,2,3,114.03,0.21,0,0,0,0
16.32,10,5814,US,0,1,2,94.15,0.17,0,0,0,0
74.01,10,5541,US,0,1,1,86.04,0.86,0,0,0,0
53.97,11,5812,US,0,3,5,132.48,0.41,0,0,0,0
2.26,16,5311,NG,6,11,43,61.67,0.04,1,0,0,1
70.35,15,5812,US,0,0,3,114.14,0.62,0,0,0,0
32.2,11,5912,US,0,1,5,137.11,0.23,0,0,0,0
16.49,8,5814,US,0,0,3,134.75,0.12,0,0,0,0
17.96,12,5411,US,0,0,2,86.11,0.21,0,0,0,0
13.81,9,5311,CA,0,0,5,60.89,0.23,1,0,0,0
205.7,14,5411,US,0,0,2,68.74,2.99,0,0,0,0
37.21,10,5814,US,0,0,4,68.95,0.54,0,0,0,0
51.15,8,5311,FR,1,1,4,114.41,0.45,1,0,0,0
636.01,5,5732,GB,4,20,19,63.59,10.0,1,1,1,1
139.51,8,5311,US,0,0,3,136.58,1.02,0,0,0,0
133.75,14,5311,US,1,2,4,58.28,2.29,0,0,0,0
135.01,14,5814,US,0,1,3,54.3,2.49,0,0,0,0
28.23,14,5541,US,0,2,3,122.68,0.23,0,0,0,0
65.98,11,5311,US,0,0,2,140.86,0.47,0,0,0,0
6.85,16,5311,US,0,1,5,106.13,0.06,0,0,0,0
64.79,13,5912,US,0,0,1,120.42,0.54,0,0,0,0
14.28,13,5411,FR,0,1,4,54.56,0.26,1,0,0,0
10.64,15,5814,US,0,0,7,117.01,0.09,0,0,0,0
84.16,8,5732,US,0,0,1,67.77,1.24,0,0,1,0
26.55,8,5541,US,0,1,4,70.51,0.38,0,0,0,0
27.78,10,5812,US,0,0,1,143.9,0.19,0,0,0,0
35.57,12,5912,US,0,1,4,53.18,0.67,0,0,0,0
20.86,4,5541,US,0,1,2,138.56,0.15,0,1,0,0
32.13,5,5311,FR,0,0,2,77.46,0.41,1,1,0,0
53.64,13,5814,US,0,1,5,132.09,0.41,0,0,0,0
22.45,9,5311,US,0,1,4,85.67,0.26,0,0,0,0
94.91,3,4121,US,0,0,11,56.58,1.68,0,1,0,0
38.51,15,5912,US,0,2,2,80.77,0.48,0,0,0,0
52.61,11,5541,US,0,2,3,122.38,0.43,0,0,0,0
119.74,14,5411,US,0,2,3,129.77,0.92,0,0,0,0
37.54,21,5814,US,0,1,2,76.79,0.49,0,0,0,0
4.01,9,5732,US,0,0,2,68.01,0.06,0,0,1,0
52.48,15,5732,US,0,1,2,78.78,0.67,0,0,1,0
42.71,18,5814,US,0,1,2,83.47,0.51,0,0,0,0
15.66,13,5541,US,0,2,6,116.62,0.13,0,0,0,0
49.05,12,5541,US,0,3,6,74.22,0.66,0,0,0,0
33.06,16,5311,US,0,0,1,127.55,0.26,0,0,0,0
52.31,14,5411,US,0,2,2,50.16,1.04,0,0,0,0
72.54,13,5541,US,0,0,3,70.85,1.02,0,0,0,0
65.58,15,5411,US,0,1,1,57.65,1.14,0,0,0,0
53.73,16,5814,US,0,1,4,125.0,0.43,0,0,0,0
192.5,10,5411,US,0,0,2,94.24,2.04,0,0,0,0
81.32,17,5311,US,0,1,3,146.02,0.56,0,0,0,0
195.47,13,5814,US,0,2,3,92.91,2.1,0,0,0,0
53.39,14,5311,US,0,1,4,93.25,0.57,0,0,0,0
34.58,20,5912,US,0,0,1,66.58,0.52,0,0,0,0
61.76,16,5411,US,0,1,2,109.55,0.56,0,0,0,0
47.08,18,5812,US,0,0,0,103.63,0.45,0,0,0,0
7.26,13,4121,US,0,0,0,138.95,0.05,0,0,0,0
113.71,19,4121,US,0,1,4,78.12,1.46,0,0,0,0
22.07,21,5812,US,0,0,2,104.78,0.21,0,0,0,0
73.01,11,4121,US,0,0,5,78.34,0.93,0,0,0,0
25.69,5,5732,US,0,1,5,68.3,0.38,0,1,1,0
3.72,12,4121,CA,0,0,6,115.85,0.03,1,0,0,0
62.48,11,5912,US,0,0,6,84.86,0.74,0,0,0,0
62.94,14,5411,US,1,2,5,80.0,0.79,0,0,0,0
142.92,15,5814,CA,0,1,3,143.15,1.0,1,0,0,0
44.21,23,5912,US,0,0,3,100.52,0.44,0,0,0,0
15.78,8,5732,US,0,0,6,149.87,0.11,0,0,1,0
15.37,15,5541,US,1,3,4,124.12,0.12,0,0,0,0
19.45,6,5411,US,1,2,5,129.54,0.15,0,0,0,0
22.19,16,5541,US,0,1,2,104.19,0.21,0,0,0,0
77.73,16,5814,US,0,1,2,91.59,0.85,0,0,0,0
70.87,8,4121,US,1,2,4,75.92,0.93,0,0,0,0
5446.57,1,5732,CY,1,6,6,76.17,71.51,1,1,1,1
17.35,17,5411,US,0,1,3,51.96,0.33,0,0,0,0
147.29,17,5912,US,1,2,5,108.8,1.35,0,0,0,0
30.2,12,5541,US,1,1,2,68.39,0.44,0,0,0,0
8.57,6,5411,US,0,1,4,124.64,0.07,0,0,0,0
100.09,18,5541,US,0,1,3,116.49,0.86,0,0,0,0
739.61,5,5912,US,0,1,1,127.84,5.79,0,1,0,0
16.18,23,5812,US,0,0,3,112.08,0.14,0,0,0,0
9.98,10,5812,US,0,4,5,134.11,0.07,0,0,0,0
33.58,17,4121,US,0,0,2,110.61,0.3,0,0,0,0
310.11,16,5812,US,0,1,2,100.29,3.09,0,0,0,0
35.62,18,5311,US,0,3,5,120.29,0.3,0,0,0,0
81.38,17,5812,US,0,0,7,101.16,0.8,0,0,0,0
16.27,15,5732,US,0,0,2,132.69,0.12,0,0,1,0
38.16,11,5814,US,0,2,3,81.61,0.47,0,0,0,0
47.14,11,5912,US,0,0,1,131.68,0.36,0,0,0,0
36.69,16,5311,US,0,1,1,107.85,0.34,0,0,0,0
89.43,12,5732,US,0,0,4,76.89,1.16,0,0,1,0
38.74,16,5311,US,1,1,2,119.92,0.32,0,0,0,0
20.73,11,5311,US,1,2,3,126.19,0.16,0,0,0,0
285.85,15,5411,US,0,1,3,132.02,2.17,0,0,0,0
83.9,13,5732,US,1,1,3,143.39,0.59,0,0,1,0
40.36,12,4121,US,0,1,3,80.96,0.5,0,0,0,0
27.96,14,5912,US,0,0,1,136.34,0.21,0,0,0,0
183.32,17,4121,US,0,1,3,117.35,1.56,0,0,0,0
8.29,16,5814,US,0,1,5,56.69,0.15,0,0,0,0
85.06,14,5912,US,0,2,2,130.76,0.65,0,0,0,0
22.91,9,5732,US,0,2,3,83.08,0.28,0,0,1,0
57.28,9,5732,US,1,2,4,89.4,0.64,0,0,1,0
97.19,17,5732,US,0,0,0,144.54,0.67,0,0,1,0
91.2,13,5311,US,0,0,4,60.15,1.52,0,0,0,0
33.31,20,4121,US,0,2,5,74.0,0.45,0,0,0,0
169.59,10,5814,US,0,0,4,85.26,1.99,0,0,0,0
24.22,6,5311,DE,0,1,3,113.98,0.21,1,0,0,0
14.39,14,5814,US,1,1,5,58.74,0.24,0,0,0,0
21.83,16,5912,US,0,1,8,137.42,0.16,0,0,0,0
172.45,10,5732,US,0,1,3,109.78,1.57,0,0,1,0
75.98,12,4121,US,0,1,4,59.13,1.28,0,0,0,0
30.04,17,5541,US,0,1,6,64.96,0.46,0,0,0,0
53.19,20,5541,US,0,1,4,142.58,0.37,0,0,0,0
26.13,12,5732,US,0,0,2,97.02,0.27,0,0,1,0
31.44,13,5411,US,0,1,5,103.81,0.3,0,0,0,0
214.36,15,5812,US,1,1,7,99.02,2.16,0,0,0,0
13.51,7,5912,US,0,0,5,50.35,0.27,0,0,0,0
75.0,15,5541,US,1,2,8,99.52,0.75,0,0,0,0
86.65,17,5311,US,0,0,2,56.64,1.53,0,0,0,0
66.94,15,5912,US,0,0,1,149.0,0.45,0,0,0,0
80.89,12,5411,US,0,2,5,71.98,1.12,0,0,0,0
69.78,16,5814,US,0,0,2,53.01,1.32,0,0,0,0
29.68,16,5411,US,0,0,0,65.71,0.45,0,0,0,0
154.54,5,5311,US,0,0,4,60.46,2.56,0,1,0,0
53.47,15,5541,US,1,2,4,104.63,0.51,0,0,0,0
1.23,4,5311,US,5,29,26,82.89,0.01,0,1,0,1
94.99,11,5311,US,0,0,0,104.82,0.91,0,0,0,0
46.47,12,5814,US,0,2,5,75.39,0.62,0,0,0,0
1.64,17,5311,US,7,28,41,62.99,0.03,0,0,0,1
43.91,13,5814,DE,0,0,3,99.19,0.44,1,0,0,0
40.49,14,5814,US,0,1,2,79.83,0.51,0,0,0,0
8.67,15,5912,US,0,2,3,118.61,0.07,0,0,0,0
33.78,17,5311,US,0,0,2,53.7,0.63,0,0,0,0
11.78,7,5541,US,0,0,3,56.27,0.21,0,0,0,0
2125.84,8,5944,NG,1,8,12,46.99,45.24,1,0,1,1
22.34,19,5814,US,1,2,3,102.34,0.22,0,0,0,0
71.62,15,5912,US,0,1,3,124.59,0.57,0,0,0,0
48.35,7,5912,US,0,1,3,83.2,0.58,0,0,0,0
35.14,14,5541,US,0,0,5,142.37,0.25,0,0,0,0
35.44,22,5732,US,0,0,1,110.65,0.32,0,0,1,0
15.21,12,5311,US,1,1,1,59.6,0.26,0,0,0,0
43.5,10,5311,US,1,1,8,144.13,0.3,0,0,0,0
62.3,13,4121,US,0,1,5,89.3,0.7,0,0,0,0
127.91,12,5311,US,0,0,0,78.72,1.62,0,0,0,0
25.68,16,5311,US,0,0,4,118.54,0.22,0,0,0,0
35.15,11,5912,US,1,2,4,101.01,0.35,0,0,0,0
6.73,7,5541,US,0,0,2,57.95,0.12,0,0,0,0
53.13,14,5411,US,0,1,2,114.82,0.46,0,0,0,0
24.36,5,5912,US,0,0,5,114.15,0.21,0,1,0,0
26.97,18,4121,US,0,0,3,53.24,0.51,0,0,0,0
1305.51,12,7995,CN,1,2,8,86.61,15.07,1,0,1,1
48.39,11,5814,US,0,2,3,123.73,0.39,0,0,0,0
21.54,7,5411,US,0,0,3,76.0,0.28,0,0,0,0
25.97,12,5311,US,0,2,7,132.51,0.2,0,0,0,0
31.01,14,5812,US,1,1,2,115.29,0.27,0,0,0,0
29.3,16,5411,US,0,0,3,67.87,0.43,0,0,0,0
50.96,11,5411,US,0,0,5,75.36,0.68,0,0,0,0
20.7,11,5411,US,0,0,1,88.56,0.23,0,0,0,0
117.31,16,5732,DE,0,2,4,149.58,0.78,1,0,1,0
19.66,13,5732,US,0,2,5,140.14,0.14,0,0,1,0
50.85,14,5541,US,1,3,6,135.82,0.37,0,0,0,0
75.92,15,5732,US,0,1,5,106.11,0.72,0,0,1,0
24.05,10,4121,US,0,3,5,76.61,0.31,0,0,0,0
12.74,11,5411,GB,0,1,1,58.26,0.22,1,0,0,0
61.15,14,5814,US,1,3,5,110.16,0.56,0,0,0,0
67.62,20,5732,US,0,1,6,54.6,1.24,0,0,1,0
22.93,19,5411,GB,0,0,2,76.85,0.3,1,0,0,0
71.01,18,5814,US,0,0,1,75.67,0.94,0,0,0,0
70.03,10,5411,US,0,0,2,56.24,1.25,0,0,0,0
52.57,14,5732,US,0,4,7,129.64,0.41,0,0,1,0
61.91,7,5311,US,0,1,3,58.27,1.06,0,0,0,0
138.02,18,5814,US,0,3,6,84.85,1.63,0,0,0,0
34.55,8,5541,US,0,2,4,126.47,0.27,0,0,0,0
29.06,14,5541,US,0,0,3,123.03,0.24,0,0,0,0
22.42,18,5912,US,0,1,3,53.44,0.42,0,0,0,0
12.52,10,5912,US,0,1,2,82.54,0.15,0,0,0,0
267.34,7,5541,US,0,2,7,116.22,2.3,0,0,0,0
89.97,11,5732,US,0,0,2,78.41,1.15,0,0,1,0
31.45,15,5411,US,0,0,1,57.09,0.55,0,0,0,0
48.78,13,5814,US,0,2,5,66.79,0.73,0,0,0,0
38.9,15,5541,US,0,0,0,88.59,0.44,0,0,0,0
11.56,13,5732,US,0,1,2,113.24,0.1,0,0,1,0
131.01,12,5732,US,0,1,7,92.1,1.42,0,0,1,0
33.39,14,5411,US,0,2,6,149.92,0.22,0,0,0,0
130.93,7,5814,US,0,1,1,121.23,1.08,0,0,0,0
2.54,16,5311,US,6,25,47,81.86,0.03,0,0,0,1
54.87,16,4121,US,0,1,4,89.62,0.61,0,0,0,0
138.84,9,5411,US,0,1,3,118.41,1.17,0,0,0,0
9.0,14,5814,US,1,3,6,89.86,0.1,0,0,0,0
114.63,3,4121,US,1,3,5,83.06,1.38,0,1,0,0
46.11,14,5732,US,1,3,6,95.35,0.48,0,0,1,0
49.92,13,5411,US,0,1,4,132.42,0.38,0,0,0,0
30.45,14,5912,US,0,2,5,123.97,0.25,0,0,0,0
740.24,1,7995,GB,9,18,37,93.61,7.91,1,1,1,1
31.27,16,5812,US,1,1,5,121.6,0.26,0,0,0,0
385.24,7,5812,US,0,1,2,66.01,5.84,0,0,0,0
4.17,11,5311,US,1,1,2,121.58,0.03,0,0,0,0
176.03,19,5912,US,0,0,4,115.58,1.52,0,0,0,0
196.82,14,4121,US,0,1,2,88.1,2.23,0,0,0,0
264.42,12,5411,US,0,1,3,62.81,4.21,0,0,0,0
17.69,11,5541,US,0,0,1,130.64,0.14,0,0,0,0
29.37,10,5541,CA,0,3,6,128.89,0.23,1,0,0,0
158.54,10,5814,US,0,0,1,129.15,1.23,0,0,0,0
52.22,18,5912,US,0,1,4,92.46,0.56,0,0,0,0
7.36,17,4121,US,0,2,5,141.45,0.05,0,0,0,0
55.1,4,4121,US,0,0,3,85.45,0.64,0,1,0,0
0.65,9,5311,US,6,18,47,87.8,0.01,0,0,0,1
43.39,11,5912,US,0,1,3,80.93,0.54,0,0,0,0
83.91,17,4121,US,1,2,4,120.32,0.7,0,0,0,0
71.23,17,5814,US,0,0,1,85.91,0.83,0,0,0,0
62.71,16,5311,US,0,1,5,96.65,0.65,0,0,0,0
51.65,14,5912,US,1,3,3,119.79,0.43,0,0,0,0
36.57,9,4121,US,0,2,5,57.19,0.64,0,0,0,0
44.69,19,5812,US,0,0,1,139.03,0.32,0,0,0,0
99.98,5,5912,US,0,2,5,124.37,0.8,0,1,0,0
18.96,16,5912,US,1,1,4,65.5,0.29,0,0,0,0
18.44,13,5732,US,1,1,3,144.31,0.13,0,0,1,0
63.52,14,5311,US,0,0,4,56.69,1.12,0,0,0,0
11.04,14,5814,US,0,0,2,84.03,0.13,0,0,0,0
18.34,17,5912,US,1,2,3,100.02,0.18,0,0,0,0
32.34,18,5732,US,0,1,4,99.17,0.33,0,0,1,0
14.7,17,5912,US,0,0,4,79.44,0.19,0,0,0,0
43.46,14,5732,US,0,0,3,148.01,0.29,0,0,1,0
22.13,18,5311,US,0,0,7,110.87,0.2,0,0,0,0
29.1,8,5812,US,0,2,2,120.98,0.24,0,0,0,0
40.34,15,5311,US,0,0,0,59.67,0.68,0,0,0,0
29.63,14,5311,US,1,1,3,81.77,0.36,0,0,0,0
11.13,13,5311,US,0,0,1,84.59,0.13,0,0,0,0
133.63,18,5411,JP,0,4,8,71.81,1.86,1,0,0,0
21.45,13,5812,US,1,2,6,73.81,0.29,0,0,0,0
42.45,13,5814,US,0,1,3,91.46,0.46,0,0,0,0
222.28,13,5411,US,2,2,6,59.13,3.76,0,0,0,0
29.44,13,5411,US,0,2,5,62.92,0.47,0,0,0,0
116.63,20,5732,US,0,1,5,122.55,0.95,0,0,1,0
106.93,9,5814,US,0,1,2,75.72,1.41,0,0,0,0
3.98,17,5541,US,2,3,4,71.43,0.06,0,0,0,0
48.13,11,5411,US,2,4,5,127.69,0.38,0,0,0,0
242.41,12,5411,US,0,1,5,108.53,2.23,0,0,0,0
24.38,3,5311,US,1,2,5,51.51,0.47,0,1,0,0
40.35,14,4121,US,1,2,7,139.42,0.29,0,0,0,0
43.17,15,5541,US,0,1,1,89.35,0.48,0,0,0,0
150.54,10,5732,GB,0,0,3,138.93,1.08,1,0,1,0
45.32,15,5411,US,1,3,4,134.72,0.34,0,0,0,0
50.85,13,5732,US,0,2,3,51.35,0.99,0,0,1,0
48.14,15,5732,US,0,1,2,82.77,0.58,0,0,1,0
47.76,23,5541,US,0,1,4,91.87,0.52,0,0,0,0
75.69,18,5814,US,0,1,2,72.32,1.05,0,0,0,0
1.82,2,5311,NG,13,26,22,71.88,0.03,1,1,0,1
49.34,13,5732,US,0,2,7,69.61,0.71,0,0,1,0
50.04,9,5812,US,1,1,2,113.63,0.44,0,0,0,0
85.7,12,4121,US,0,1,5,98.11,0.87,0,0,0,0
179.14,18,5814,US,0,0,1,145.01,1.24,0,0,0,0
35.68,13,5411,US,0,0,3,81.13,0.44,0,0,0,0
35.15,16,4121,US,0,2,3,145.57,0.24,0,0,0,0
57.47,10,4121,US,0,1,3,146.9,0.39,0,0,0,0
36.39,12,5311,US,0,0,4,131.42,0.28,0,0,0,0
49.39,17,5912,US,0,1,5,81.96,0.6,0,0,0,0
18.68,10,5912,US,0,1,3,133.42,0.14,0,0,0,0
29.43,20,5541,US,0,1,4,67.23,0.44,0,0,0,0
549.56,12,5732,RO,6,25,37,40.69,13.51,1,0,1,1
108.35,3,5732,US,0,2,5,93.54,1.16,0,1,1,0
37.76,15,5912,US,1,3,7,93.87,0.4,0,0,0,0
7.59,7,5814,US,0,2,3,138.97,0.05,0,0,0,0
896.97,1,6051,NG,3,2,10,84.73,10.59,1,1,1,1
72.54,20,5814,US,0,0,5,107.33,0.68,0,0,0,0
17.1,16,4121,US,0,1,4,139.41,0.12,0,0,0,0
25.23,18,5411,US,0,3,7,88.29,0.29,0,0,0,0
47.16,12,5541,US,0,2,4,112.11,0.42,0,0,0,0
30.54,15,5912,US,0,1,3,68.36,0.45,0,0,0,0
103.33,13,5541,US,0,2,5,83.29,1.24,0,0,0,0
99.27,21,5814,US,0,1,1,140.95,0.7,0,0,0,0
60.25,14,5411,US,0,1,3,65.19,0.92,0,0,0,0
92.29,9,5812,US,0,1,1,149.86,0.62,0,0,0,0
124.51,16,5912,US,0,0,1,54.88,2.27,0,0,0,0
18.98,18,5411,US,0,0,2,137.28,0.14,0,0,0,0
44.64,12,5732,US,0,0,2,89.93,0.5,0,0,1,0
90.96,13,5311,US,0,0,5,107.11,0.85,0,0,0,0
23.45,8,5311,US,1,1,3,149.68,0.16,0,0,0,0
20.74,16,5732,US,1,1,2,84.75,0.24,0,0,1,0
8446.18,3,5732,UA,1,5,10,98.25,85.97,1,1,1,1
39.8,11,5411,US,0,1,1,105.29,0.38,0,0,0,0
24.48,15,5812,US,0,1,4,81.51,0.3,0,0,0,0
18.61,9,4121,US,0,0,5,67.61,0.28,0,0,0,0
53.14,7,5311,US,0,3,3,83.45,0.64,0,0,0,0
88.42,17,5541,US,0,1,5,60.27,1.47,0,0,0,0
1610.0,4,5732,CY,3,7,5,43.98,36.61,1,1,1,1
633.75,13,5944,RO,6,13,29,97.24,6.52,1,0,1,1
17.13,10,5814,US,0,0,2,138.78,0.12,0,0,0,0
21.33,11,5732,US,0,2,4,90.83,0.23,0,0,1,0
21.57,15,5812,US,0,1,4,143.58,0.15,0,0,0,0
62.39,15,5411,US,1,1,2,69.96,0.89,0,0,0,0
50.06,16,5541,US,0,0,3,140.9,0.36,0,0,0,0
34.56,17,4121,US,0,1,2,140.97,0.25,0,0,0,0
89.25,4,4121,US,1,3,6,125.2,0.71,0,1,0,0
78.23,15,5311,US,0,0,3,146.18,0.54,0,0,0,0
10.99,8,5541,US,0,1,3,85.21,0.13,0,0,0,0
168.95,15,5912,US,0,0,3,74.88,2.26,0,0,0,0
90.86,15,5814,US,0,1,4,118.38,0.77,0,0,0,0
69.98,9,5311,US,1,3,3,100.2,0.7,0,0,0,0
156.8,13,4121,US,0,1,2,117.78,1.33,0,0,0,0
51.65,11,5912,US,0,2,3,52.62,0.98,0,0,0,0
67.85,12,4121,US,0,3,6,106.21,0.64,0,0,0,0
145.72,21,5411,US,0,0,2,115.64,1.26,0,0,0,0
43.2,12,5812,US,1,1,4,117.21,0.37,0,0,0,0
13.47,5,4121,US,0,1,2,120.36,0.11,0,1,0,0
81.05,11,5541,US,0,1,3,73.89,1.1,0,0,0,0
15.65,13,5541,US,1,1,4,76.43,0.2,0,0,0,0
32.72,9,4121,US,0,2,4,55.14,0.59,0,0,0,0
19.01,11,5541,US,0,2,3,125.87,0.15,0,0,0,0
3.49,14,5311,US,15,15,46,46.26,0.08,0,0,0,1
102.21,18,5814,US,0,2,3,122.4,0.84,0,0,0,0
29.02,10,5541,US,0,0,6,149.78,0.19,0,0,0,0
103.38,19,5411,US,0,1,2,65.46,1.58,0,0,0,0
27.23,11,5732,JP,0,1,2,106.71,0.26,1,0,1,0
25.65,12,5812,US,0,5,8,51.69,0.5,0,0,0,0
17.28,12,5541,US,0,0,3,115.33,0.15,0,0,0,0
26.55,21,5812,US,0,0,1,74.58,0.36,0,0,0,0
106.29,13,5311,US,0,1,4,111.27,0.96,0,0,0,0
20.53,13,4121,US,0,2,6,107.95,0.19,0,0,0,0
14.95,12,5912,US,0,0,8,136.41,0.11,0,0,0,0
26.6,11,5541,US,0,0,4,125.56,0.21,0,0,0,0
32.58,13,5732,US,0,0,5,55.2,0.59,0,0,1,0
217.81,23,5311,US,0,0,1,113.21,1.92,0,0,0,0
25.86,14,5912,US,0,3,5,102.96,0.25,0,0,0,0
23.33,10,5541,US,0,0,6,128.29,0.18,0,0,0,0
30.72,12,5812,US,0,2,6,90.42,0.34,0,0,0,0
63.61,15,5814,US,0,2,3,89.11,0.71,0,0,0,0
23.26,14,5311,US,0,1,6,115.92,0.2,0,0,0,0
37.68,14,5912,US,0,0,2,100.17,0.38,0,0,0,0
88.42,12,5541,US,0,0,3,142.06,0.62,0,0,0,0
107.05,7,5814,US,0,1,3,139.74,0.77,0,0,0,0
33.4,7,5912,US,1,2,2,143.91,0.23,0,0,0,0
26.06,12,5311,US,0,1,4,52.34,0.5,0,0,0,0
74.7,12,5814,US,0,3,6,92.57,0.81,0,0,0,0
58.72,6,5812,US,0,1,2,86.66,0.68,0,0,0,0
37.55,14,5311,US,1,1,4,146.74,0.26,0,0,0,0
47.48,11,4121,US,0,1,2,66.39,0.72,0,0,0,0
16.11,11,5732,US,1,1,4,92.37,0.17,0,0,1,0
45.86,12,5541,US,0,2,2,72.23,0.63,0,0,0,0
31.93,13,5812,US,0,2,3,135.09,0.24,0,0,0,0
35.12,13,5732,DE,0,0,2,113.09,0.31,1,0,1,0
227.58,9,5812,US,0,0,5,143.56,1.59,0,0,0,0
48.99,6,5541,US,0,0,4,138.9,0.35,0,0,0,0
36.62,11,5812,US,1,2,4,81.76,0.45,0,0,0,0
9.99,13,5814,US,0,1,4,75.09,0.13,0,0,0,0
97.82,19,5812,US,0,1,3,68.24,1.43,0,0,0,0
201.23,21,5912,US,0,0,3,98.74,2.04,0,0,0,0
25.01,14,4121,US,0,0,4,59.69,0.42,0,0,0,0
68.16,16,5732,US,0,1,4,120.42,0.57,0,0,1,0
229.38,17,4121,US,0,0,2,75.05,3.06,0,0,0,0
925.35,2,4829,CN,2,4,5,54.8,16.89,1,1,1,1
32.06,19,5912,US,1,1,4,149.52,0.21,0,0,0,0
87.7,13,5912,US,0,1,5,110.78,0.79,0,0,0,0
12.74,8,5912,US,0,1,5,50.41,0.25,0,0,0,0
92.35,9,5912,US,0,1,2,58.43,1.58,0,0,0,0
17.25,20,5814,US,2,3,5,117.03,0.15,0,0,0,0
28.14,13,5311,US,0,0,2,61.98,0.45,0,0,0,0
190.44,10,5541,US,0,0,3,76.67,2.48,0,0,0,0
111.84,11,5732,US,0,0,6,88.82,1.26,0,0,1,0
106.73,20,5311,US,0,0,4,125.2,0.85,0,0,0,0
47.49,18,5411,US,0,0,4,90.88,0.52,0,0,0,0
31.16,10,4121,US,0,0,6,76.14,0.41,0,0,0,0
24.0,14,5814,US,0,0,1,76.98,0.31,0,0,0,0
55.15,11,5812,US,0,0,2,89.03,0.62,0,0,0,0
435.23,12,5411,US,0,1,3,92.54,4.7,0,0,0,0
66.69,15,5541,US,0,1,3,60.39,1.1,0,0,0,0
58.98,13,5541,US,0,1,4,123.05,0.48,0,0,0,0
80.85,10,5732,US,0,2,2,143.05,0.57,0,0,1,0
14.28,19,5411,US,0,1,5,123.39,0.12,0,0,0,0
7.96,18,5541,US,0,2,8,61.56,0.13,0,0,0,0
28.12,13,5814,US,0,1,2,129.37,0.22,0,0,0,0
50.75,23,5912,US,0,1,7,50.94,1.0,0,0,0,0
89.26,10,4121,US,0,0,3,113.14,0.79,0,0,0,0
76.65,17,5311,US,0,0,4,111.84,0.69,0,0,0,0
94.76,14,5814,US,0,1,4,107.21,0.88,0,0,0,0
18.21,7,5541,US,0,0,0,68.07,0.27,0,0,0,0
36.36,13,5812,US,1,1,3,111.34,0.33,0,0,0,0
108.25,10,4121,US,0,0,2,90.06,1.2,0,0,0,0
65.85,15,5732,US,0,3,4,94.35,0.7,0,0,1,0
66.47,7,5812,US,0,2,3,85.82,0.77,0,0,0,0
13.07,12,5814,CA,0,0,2,149.48,0.09,1,0,0,0
26.15,12,5732,US,0,1,2,102.41,0.26,0,0,1,0
69.06,14,5814,US,0,2,3,109.38,0.63,0,0,0,0
29.74,6,5411,US,1,3,5,135.78,0.22,0,0,0,0
108.43,16,5812,US,0,0,1,131.33,0.83,0,0,0,0
15.34,14,4121,US,0,2,3,50.33,0.3,0,0,0,0
89.85,5,5812,CA,0,0,5,131.44,0.68,1,1,0,0
57.45,9,5812,US,0,0,1,105.41,0.55,0,0,0,0
92.25,15,4121,US,0,1,4,133.77,0.69,0,0,0,0
23.42,9,5541,US,1,1,3,50.53,0.46,0,0,0,0
3.49,19,5541,US,1,1,1,138.75,0.03,0,0,0,0
38.95,11,5732,US,0,0,1,113.02,0.34,0,0,1,0
39.13,13,5541,US,0,3,4,52.19,0.75,0,0,0,0
301.71,13,5541,US,0,0,5,77.43,3.9,0,0,0,0
32.67,14,5541,US,0,2,3,93.64,0.35,0,0,0,0
186.06,12,5812,US,0,1,4,119.42,1.56,0,0,0,0
100.44,17,5732,US,0,2,7,121.53,0.83,0,0,1,0
24.76,14,5541,US,1,1,3,114.23,0.22,0,0,0,0
32.32,18,5541,US,1,2,8,118.39,0.27,0,0,0,0
42.57,11,5912,US,0,1,3,140.34,0.3,0,0,0,0
66.28,13,5311,US,0,3,5,121.14,0.55,0,0,0,0
109.43,4,5732,US,1,2,3,133.49,0.82,0,1,1,0
28.89,8,5732,US,0,1,1,100.26,0.29,0,0,1,0
119.87,10,4121,FR,1,3,5,60.2,1.99,1,0,0,0
40.77,18,4121,US,0,0,1,76.39,0.53,0,0,0,0
27.34,14,5311,US,0,3,7,126.9,0.22,0,0,0,0
29.7,12,5541,US,1,5,5,137.3,0.22,0,0,0,0
113.89,15,4121,US,0,1,3,79.21,1.44,0,0,0,0
40.6,13,5812,US,0,0,2,116.73,0.35,0,0,0,0
121.09,13,5541,US,1,1,8,104.01,1.16,0,0,0,0
174.72,10,5411,JP,0,0,0,149.0,1.17,1,0,0,0
228.48,10,5311,US,0,1,3,94.44,2.42,0,0,0,0
9.67,7,5311,US,0,1,3,112.92,0.09,0,0,0,0
59.9,17,5732,US,0,0,2,64.74,0.93,0,0,1,0
13.25,7,5541,US,0,0,2,62.1,0.21,0,0,0,0
56.99,13,4121,US,0,2,3,67.41,0.85,0,0,0,0
50.56,4,5912,US,0,0,2,65.82,0.77,0,1,0,0
225.97,16,5812,US,0,2,4,117.28,1.93,0,0,0,0
51.26,15,5814,US,0,1,6,100.16,0.51,0,0,0,0
117.17,19,4121,US,0,2,4,147.72,0.79,0,0,0,0
97.04,15,5541,US,0,2,4,101.06,0.96,0,0,0,0
53.15,7,5812,US,0,0,2,117.63,0.45,0,0,0,0
73.55,10,5814,US,0,2,5,147.06,0.5,0,0,0,0
12.26,11,5411,US,0,1,2,70.11,0.17,0,0,0,0
68.04,10,5541,US,0,0,3,120.53,0.56,0,0,0,0
7.86,17,5411,US,0,0,1,68.93,0.11,0,0,0,0
82.38,13,5411,US,1,3,8,63.03,1.31,0,0,0,0
236.65,15,4121,US,0,0,5,148.13,1.6,0,0,0,0
17.8,10,4121,US,0,2,4,119.01,0.15,0,0,0,0
24.91,14,5541,US,0,1,2,93.75,0.27,0,0,0,0
101.77,7,5912,US,1,4,7,142.81,0.71,0,0,0,0
35.49,17,5912,US,0,1,5,91.09,0.39,0,0,0,0
28.37,19,5814,US,0,1,1,133.15,0.21,0,0,0,0
36.66,13,5311,US,0,1,2,64.23,0.57,0,0,0,0
15.61,13,5732,US,0,0,1,53.35,0.29,0,0,1,0
38.26,12,5311,US,0,0,4,105.73,0.36,0,0,0,0
33.23,16,5732,US,0,2,4,86.87,0.38,0,0,1,0
119.92,16,5814,US,0,0,2,108.67,1.1,0,0,0,0
27.08,4,5411,US,0,0,2,62.61,0.43,0,1,0,0
28.77,17,5912,US,1,1,1,119.9,0.24,0,0,0,0
37.31,17,5311,US,1,1,6,110.48,0.34,0,0,0,0
35.93,14,5912,US,0,0,3,62.28,0.58,0,0,0,0
97.71,16,5541,US,0,0,4,125.91,0.78,0,0,0,0
97.56,18,5311,US,0,1,3,59.24,1.65,0,0,0,0
26.07,13,5732,US,1,2,5,101.68,0.26,0,0,1,0
50.18,16,5732,US,0,0,3,141.49,0.35,0,0,1,0
52.58,10,4121,US,0,0,1,95.43,0.55,0,0,0,0
19.71,16,5812,US,0,1,2,100.61,0.2,0,0,0,0
33.15,12,5541,US,0,1,3,86.17,0.38,0,0,0,0
123.56,14,5912,US,0,0,0,91.66,1.35,0,0,0,0
40.41,21,5812,US,0,1,4,55.89,0.72,0,0,0,0
53.03,13,5812,US,0,0,2,92.91,0.57,0,0,0,0
88.07,10,5311,US,0,1,3,133.24,0.66,0,0,0,0
80.59,20,5912,US,0,1,5,50.74,1.59,0,0,0,0
21.89,14,5912,US,0,0,2,90.57,0.24,0,0,0,0
18.9,11,5814,US,0,2,2,128.22,0.15,0,0,0,0
2.35,6,5311,UA,5,14,36,76.4,0.03,1,0,0,1
109.09,6,5814,US,1,1,1,78.75,1.39,0,0,0,0
46.27,8,5311,US,0,0,1,84.41,0.55,0,0,0,0
3146.09,22,5944,CN,1,2,5,93.1,33.79,1,0,1,1
17.75,13,5411,US,0,0,5,62.44,0.28,0,0,0,0
201.57,11,5541,US,0,0,2,148.07,1.36,0,0,0,0
17.6,13,4121,US,0,3,6,83.83,0.21,0,0,0,0
84.53,11,4121,US,0,0,5,125.1,0.68,0,0,0,0
47.63,5,5812,US,0,1,1,95.52,0.5,0,1,0,0
83.19,4,5411,US,1,2,5,148.75,0.56,0,1,0,0
724.45,18,5944,GB,5,16,35,55.72,13.0,1,0,1,1
63.98,13,5411,US,0,2,2,90.76,0.7,0,0,0,0
18.81,21,5812,US,1,3,3,108.49,0.17,0,0,0,0
40.22,12,5541,US,0,3,3,117.06,0.34,0,0,0,0
26.05,7,5732,US,0,1,3,88.34,0.29,0,0,1,0
169.14,15,5411,US,0,0,0,144.39,1.17,0,0,0,0
43.82,12,5732,US,0,0,2,110.45,0.4,0,0,1,0
48.56,13,5311,US,0,0,1,82.7,0.59,0,0,0,0
121.24,17,5912,US,0,1,2,104.97,1.15,0,0,0,0
77.76,19,5732,US,0,1,1,106.71,0.73,0,0,1,0
10.52,8,5812,US,0,2,6,82.58,0.13,0,0,0,0
23.06,12,5814,CA,0,2,3,135.66,0.17,1,0,0,0
20.26,16,5812,US,0,0,3,93.87,0.22,0,0,0,0
29.85,18,5814,US,0,0,2,77.84,0.38,0,0,0,0
15.63,11,5732,DE,0,1,1,63.82,0.24,1,0,1,0
294.81,6,4121,US,0,1,3,133.44,2.21,0,0,0,0
20.8,14,5732,US,0,1,1,63.5,0.33,0,0,1,0
17.46,13,5541,US,0,0,2,73.25,0.24,0,0,0,0
169.38,15,5311,US,0,1,5,140.75,1.2,0,0,0,0
14.45,15,4121,US,0,1,4,124.95,0.12,0,0,0,0
17.41,15,5814,US,0,1,2,111.3,0.16,0,0,0,0
76.92,17,5912,US,0,0,2,84.73,0.91,0,0,0,0
2.11,1,5311,NG,7,23,34,96.79,0.02,1,1,0,1
35.33,12,5311,US,0,0,3,95.25,0.37,0,0,0,0
77.8,16,5912,US,0,1,5,143.72,0.54,0,0,0,0
78.68,14,5812,US,1,2,6,87.54,0.9,0,0,0,0
50.57,11,5912,US,0,1,2,92.99,0.54,0,0,0,0
335.9,6,4121,US,0,0,3,72.82,4.61,0,0,0,0
31.74,20,5814,US,0,0,2,125.45,0.25,0,0,0,0
75.34,9,5541,US,0,0,2,73.85,1.02,0,0,0,0
3183.98,5,6051,UA,3,6,8,78.54,40.54,1,1,1,1
37.0,10,5411,US,0,0,4,106.25,0.35,0,0,0,0
43.03,12,5311,US,0,1,4,134.18,0.32,0,0,0,0
37.81,11,5411,US,0,0,2,79.07,0.48,0,0,0,0
81.89,14,5732,US,0,2,6,96.6,0.85,0,0,1,0
2.69,3,5311,US,15,30,42,51.43,0.05,0,1,0,1
15.95,15,5541,US,0,0,2,72.13,0.22,0,0,0,0
77.14,17,5311,US,0,1,4,60.07,1.28,0,0,0,0
48.57,9,4121,US,0,1,6,131.44,0.37,0,0,0,0
157.24,8,5912,US,0,0,3,61.99,2.54,0,0,0,0
19.01,13,4121,US,0,1,1,81.74,0.23,0,0,0,0
23.22,10,5814,US,1,2,2,101.69,0.23,0,0,0,0
23.89,18,5732,US,0,0,0,104.69,0.23,0,0,1,0
26.26,17,5814,FR,0,0,4,56.97,0.46,1,0,0,0
17.24,17,5411,US,0,2,6,80.54,0.21,0,0,0,0
45.76,8,5812,FR,0,1,2,125.63,0.36,1,0,0,0
26.07,11,4121,US,0,2,5,86.24,0.3,0,0,0,0
94.19,17,5812,US,0,2,6,65.43,1.44,0,0,0,0
89.45,16,5814,US,0,2,6,121.52,0.74,0,0,0,0
28.67,9,5311,US,0,0,3,128.7,0.22,0,0,0,0
15.55,16,5411,US,0,1,4,83.34,0.19,0,0,0,0
12.94,14,5541,US,0,1,2,72.03,0.18,0,0,0,0
26.29,14,5411,US,0,1,5,139.74,0.19,0,0,0,0
108.71,23,5812,US,0,0,3,122.29,0.89,0,0,0,0
203.02,12,5732,US,1,1,3,139.29,1.46,0,0,1,0
18.84,7,5311,US,0,0,4,76.44,0.25,0,0,0,0
171.17,11,4121,US,1,3,6,54.13,3.16,0,0,0,0
55.72,13,5912,US,0,1,2,88.12,0.63,0,0,0,0
30.34,8,5912,US,0,1,9,106.02,0.29,0,0,0,0
181.22,13,5912,US,0,2,4,94.93,1.91,0,0,0,0
35.17,18,5411,US,0,3,5,92.17,0.38,0,0,0,0
9.31,12,5814,US,0,0,1,72.04,0.13,0,0,0,0
14.4,19,5814,US,0,1,5,118.41,0.12,0,0,0,0
63.98,15,5311,US,0,0,2,100.54,0.64,0,0,0,0
32.55,11,5541,US,0,0,6,102.85,0.32,0,0,0,0
33.37,19,5311,US,0,1,2,132.45,0.25,0,0,0,0
27.1,16,5912,US,0,0,6,105.52,0.26,0,0,0,0
2555.72,17,5944,NG,3,2,9,82.27,31.07,1,0,1,1
21.63,17,5732,US,0,0,4,123.73,0.17,0,0,1,0
30.16,13,5912,US,0,3,3,131.8,0.23,0,0,0,0
680.79,14,4829,US,4,10,21,75.95,8.96,0,0,1,1
115.32,19,5311,DE,0,0,2,84.33,1.37,1,0,0,0
22.23,15,5541,US,0,1,3,61.54,0.36,0,0,0,0
111.44,12,5541,US,0,0,4,89.47,1.25,0,0,0,0
52.54,10,4121,US,1,1,3,124.32,0.42,0,0,0,0
55.78,16,5912,US,0,2,5,65.55,0.85,0,0,0,0
26.84,10,5541,US,0,1,3,51.97,0.52,0,0,0,0
191.6,17,5814,US,0,0,0,102.82,1.86,0,0,0,0
158.96,22,4121,US,0,0,2,132.11,1.2,0,0,0,0
45.24,8,5541,US,0,1,3,134.49,0.34,0,0,0,0
100.29,14,5411,US,0,0,3,72.15,1.39,0,0,0,0
37.85,16,5541,US,0,2,5,85.65,0.44,0,0,0,0
47.93,20,5541,US,0,2,3,59.89,0.8,0,0,0,0
22.26,15,4121,US,0,1,2,149.75,0.15,0,0,0,0
80.68,18,4121,US,0,2,5,57.48,1.4,0,0,0,0
522.76,7,5812,US,0,0,1,89.66,5.83,0,0,0,0
56.97,15,5541,GB,0,1,6,125.81,0.45,1,0,0,0
21.8,16,5311,US,0,0,0,146.5,0.15,0,0,0,0
88.81,13,5541,US,0,1,2,135.82,0.65,0,0,0,0
8.91,10,5814,US,0,2,5,131.13,0.07,0,0,0,0
15.21,18,5411,US,0,0,3,116.4,0.13,0,0,0,0
124.19,8,5411,US,0,0,2,142.6,0.87,0,0,0,0
75.57,20,4121,US,0,0,2,104.08,0.73,0,0,0,0
17.13,18,4121,US,0,0,3,88.23,0.19,0,0,0,0
1.99,9,5311,US,12,21,38,81.04,0.02,0,0,0,1
11.55,9,5732,US,0,0,2,111.16,0.1,0,0,1,0
265.3,14,4121,US,0,0,4,142.98,1.86,0,0,0,0
32.87,16,5732,US,0,0,1,79.46,0.41,0,0,1,0
18.93,13,5912,US,0,0,2,65.59,0.29,0,0,0,0
108.01,5,5411,US,0,0,1,149.88,0.72,0,1,0,0
52.44,16,4121,US,0,0,2,124.76,0.42,0,0,0,0
29.91,14,5814,US,0,0,0,85.47,0.35,0,0,0,0
26.71,15,5912,CA,0,1,2,51.85,0.52,1,0,0,0
49.04,17,5311,US,1,3,6,104.66,0.47,0,0,0,0
75.06,13,5812,US,0,0,3,98.03,0.77,0,0,0,0
10.31,21,5541,US,0,1,4,121.23,0.09,0,0,0,0
40.04,12,5814,US,1,2,4,94.69,0.42,0,0,0,0
52.9,16,5732,US,0,2,5,81.58,0.65,0,0,1,0
108.84,14,5912,US,0,0,1,134.3,0.81,0,0,0,0
26.25,19,5411,US,0,0,4,111.69,0.24,0,0,0,0
46.27,12,5814,US,0,0,3,87.76,0.53,0,0,0,0
77.35,22,5732,US,0,2,4,111.8,0.69,0,0,1,0
19.94,10,5732,US,1,2,2,138.16,0.14,0,0,1,0
101.06,14,5814,US,0,2,8,77.15,1.31,0,0,0,0
80.5,15,5814,US,0,0,7,64.41,1.25,0,0,0,0
223.7,14,5411,US,1,2,6,70.07,3.19,0,0,0,0
188.63,9,5541,US,1,1,4,139.4,1.35,0,0,0,0
61.14,16,5732,US,0,0,3,77.43,0.79,0,0,1,0
40.25,11,5541,US,0,1,5,95.07,0.42,0,0,0,0
89.29,14,5732,US,0,1,3,123.29,0.72,0,0,1,0
19.89,13,5541,US,0,1,2,70.13,0.28,0,0,0,0
19.44,13,5541,US,0,1,5,145.54,0.13,0,0,0,0
32.13,18,4121,US,0,1,5,78.97,0.41,0,0,0,0
41.48,20,5311,US,0,0,2,99.0,0.42,0,0,0,0
151.14,14,5541,US,0,0,3,91.17,1.66,0,0,0,0
17.34,14,5411,US,0,0,2,114.62,0.15,0,0,0,0
14.9,19,5732,US,0,1,3,59.02,0.25,0,0,1,0
1785.03,8,6051,CY,4,4,8,69.52,25.68,1,0,1,1
73.3,11,5411,US,0,2,3,112.08,0.65,0,0,0,0
9.1,19,5541,US,0,0,2,77.82,0.12,0,0,0,0
30.45,9,5411,US,1,1,3,98.23,0.31,0,0,0,0
58.9,13,5732,US,0,0,2,107.74,0.55,0,0,1,0
3.09,10,4121,US,0,0,4,127.18,0.02,0,0,0,0
140.24,13,5732,US,1,1,7,133.18,1.05,0,0,1,0
91.73,17,5411,US,0,1,4,59.97,1.53,0,0,0,0
42.15,15,4121,US,0,2,5,87.25,0.48,0,0,0,0
65.52,15,5912,US,0,1,2,127.43,0.51,0,0,0,0
88.13,14,5812,US,0,0,2,83.97,1.05,0,0,0,0
34.43,7,5732,US,0,1,4,119.86,0.29,0,0,1,0
76.42,10,5541,US,1,1,4,132.15,0.58,0,0,0,0
89.41,17,4121,US,0,0,3,82.92,1.08,0,0,0,0
13.72,14,5732,US,0,0,4,118.84,0.12,0,0,1,0
99.95,12,5814,DE,0,1,3,81.48,1.23,1,0,0,0
26.14,12,5411,US,0,0,3,120.42,0.22,0,0,0,0
87.64,6,5814,GB,1,1,4,69.25,1.27,1,0,0,0
62.93,8,4121,US,0,0,2,95.65,0.66,0,0,0,0
17.4,19,5912,US,0,0,0,82.34,0.21,0,0,0,0
15.36,20,5912,US,0,1,3,117.01,0.13,0,0,0,0
6.53,11,5311,US,0,0,8,103.54,0.06,0,0,0,0
52.79,19,5732,CA,0,1,3,68.36,0.77,1,0,1,0
19.75,12,5411,US,0,1,4,60.55,0.33,0,0,0,0
7.38,18,5732,US,0,0,2,110.06,0.07,0,0,1,0
34.74,13,5411,US,0,0,1,97.06,0.36,0,0,0,0
192.04,12,5812,US,1,2,5,58.98,3.26,0,0,0,0
100.62,13,5411,US,1,2,4,113.02,0.89,0,0,0,0
90.97,11,5814,US,1,1,4,119.93,0.76,0,0,0,0
21.87,10,5912,US,0,1,4,130.56,0.17,0,0,0,0
22.67,16,5541,US,0,1,5,149.2,0.15,0,0,0,0
3.26,18,5814,US,0,2,4,73.52,0.04,0,0,0,0
79.67,21,5411,US,0,2,5,144.37,0.55,0,0,0,0
41.36,15,5912,US,1,1,1,109.41,0.38,0,0,0,0
52.73,11,5912,US,0,1,3,70.79,0.74,0,0,0,0
28.86,16,5812,US,1,2,4,98.18,0.29,0,0,0,0
133.67,13,5912,US,0,3,3,112.82,1.18,0,0,0,0
179.71,13,5912,US,1,1,4,80.31,2.24,0,0,0,0
17.67,14,5411,US,0,2,5,141.46,0.12,0,0,0,0
245.4,15,5812,US,0,0,2,90.35,2.72,0,0,0,0
21.22,10,5812,US,0,0,6,111.06,0.19,0,0,0,0
213.68,16,5912,US,1,3,5,96.45,2.22,0,0,0,0
45.59,8,5541,US,0,0,2,88.44,0.52,0,0,0,0
44.11,14,4121,US,0,2,3,132.67,0.33,0,0,0,0
16.37,20,5912,US,0,0,1,94.76,0.17,0,0,0,0
37.88,11,5812,US,0,1,4,79.09,0.48,0,0,0,0
132.06,13,5411,US,1,4,8,83.02,1.59,0,0,0,0
85.05,12,5912,US,0,0,3,61.52,1.38,0,0,0,0
20.86,11,5411,US,0,3,5,118.71,0.18,0,0,0,0
80.04,6,5541,US,0,2,6,145.4,0.55,0,0,0,0
19.44,20,5732,US,0,0,4,112.05,0.17,0,0,1,0
36.08,7,5311,US,1,1,4,121.14,0.3,0,0,0,0
20.53,8,5541,US,1,2,4,132.94,0.15,0,0,0,0
33.75,14,5812,US,0,1,2,117.85,0.29,0,0,0,0
9.45,18,5912,US,0,0,2,127.71,0.07,0,0,0,0
35.21,14,5732,US,0,0,3,81.4,0.43,0,0,1,0
90.4,11,5812,US,0,0,3,120.36,0.75,0,0,0,0
16.5,14,5912,US,0,1,1,54.8,0.3,0,0,0,0
25.07,17,5311,US,0,0,3,70.12,0.36,0,0,0,0
9278.69,5,6051,CN,1,2,4,73.63,126.02,1,1,1,1
36.24,13,5912,FR,0,0,2,125.07,0.29,1,0,0,0
230.61,13,5814,FR,0,2,2,80.41,2.87,1,0,0,0
10.38,18,5912,US,0,1,5,106.54,0.1,0,0,0,0
30.86,11,5814,US,1,3,4,149.14,0.21,0,0,0,0
68.3,11,5541,US,0,0,0,116.97,0.58,0,0,0,0
50.21,12,5732,US,0,0,2,73.68,0.68,0,0,1,0
48.44,10,5311,US,1,1,4,115.95,0.42,0,0,0,0
18.77,18,5812,US,0,0,0,113.02,0.17,0,0,0,0
40.04,14,4121,US,0,0,2,50.68,0.79,0,0,0,0
23.53,13,5541,US,0,0,0,125.32,0.19,0,0,0,0
72.07,14,4121,US,0,0,2,92.84,0.78,0,0,0,0
102.43,10,5311,GB,0,1,2,69.4,1.48,1,0,0,0
18.45,13,5812,US,0,2,4,64.51,0.29,0,0,0,0
30.67,17,5732,US,0,0,2,108.65,0.28,0,0,1,0
15.72,12,5541,US,1,2,6,115.72,0.14,0,0,0,0
64.79,17,5732,US,0,1,2,146.54,0.44,0,0,1,0
20.66,13,5311,US,0,1,3,147.86,0.14,0,0,0,0
119.74,16,5912,DE,1,1,6,132.61,0.9,1,0,0,0
28.85,13,5311,US,1,1,1,69.09,0.42,0,0,0,0
82.58,16,5732,US,0,0,1,52.44,1.57,0,0,1,0
163.82,20,5814,US,1,1,2,113.08,1.45,0,0,0,0
914.96,19,6051,GB,8,20,37,70.75,12.93,1,0,1,1
92.41,13,5812,US,0,1,6,121.52,0.76,0,0,0,0
83.48,12,4121,US,2,3,7,140.06,0.6,0,0,0,0
31.31,11,4121,FR,0,3,8,142.63,0.22,1,0,0,0
90.31,13,5541,US,0,1,2,68.97,1.31,0,0,0,0
58.97,13,4121,US,0,1,5,139.93,0.42,0,0,0,0
23.52,15,5732,US,0,2,8,92.83,0.25,0,0,1,0
81.31,7,5812,GB,0,0,1,94.78,0.86,1,0,0,0
227.38,15,5411,US,0,0,3,112.33,2.02,0,0,0,0
15.16,13,5812,US,1,1,3,132.9,0.11,0,0,0,0
33.1,18,5411,FR,1,2,10,91.88,0.36,1,0,0,0
13.72,14,5732,US,0,0,0,53.27,0.26,0,0,1,0
4493.58,4,5944,CY,3,4,4,54.05,83.14,1,1,1,1
670.49,19,5944,GB,10,18,34,51.22,13.09,1,0,1,1
0.89,6,5311,US,12,22,44,87.51,0.01,0,0,0,1
132.71,8,5814,US,0,0,2,133.71,0.99,0,0,0,0
167.93,13,5541,US,1,1,2,118.38,1.42,0,0,0,0
193.61,15,5541,US,0,1,3,124.66,1.55,0,0,0,0
48.19,13,5541,US,0,1,5,93.49,0.52,0,0,0,0
27.15,15,4121,US,1,2,5,113.53,0.24,0,0,0,0
77.4,22,5812,US,0,1,5,110.24,0.7,0,0,0,0
8.53,18,5814,US,0,1,3,68.28,0.12,0,0,0,0
105.35,11,5541,US,0,0,3,86.89,1.21,0,0,0,0
2101.53,19,4829,CY,3,5,12,87.77,23.94,1,0,1,1
49.19,10,4121,US,0,0,0,81.6,0.6,0,0,0,0
71.7,13,5541,US,1,1,7,130.09,0.55,0,0,0,0
101.49,16,5541,US,0,0,2,70.09,1.45,0,0,0,0
95.41,22,5411,US,1,2,5,100.79,0.95,0,0,0,0
48.98,8,5812,US,0,1,2,72.81,0.67,0,0,0,0
12.5,16,5311,US,0,5,7,141.69,0.09,0,0,0,0
17.4,17,5912,US,1,1,1,120.33,0.14,0,0,0,0
69.34,17,5732,US,0,1,1,148.62,0.47,0,0,1,0
73.67,16,5541,US,0,2,3,89.05,0.83,0,0,0,0
50.41,11,5732,US,0,1,4,112.7,0.45,0,0,1,0
446.73,16,5944,GB,4,25,18,45.77,9.76,1,0,1,1
71.25,16,5411,US,0,0,0,57.9,1.23,0,0,0,0
4.79,11,5411,US,0,0,5,98.61,0.05,0,0,0,0
31.58,17,5541,US,0,0,4,130.69,0.24,0,0,0,0
16.04,15,5812,US,1,2,4,149.38,0.11,0,0,0,0
22.64,17,5411,US,0,1,3,90.97,0.25,0,0,0,0
23.4,15,5541,US,0,0,3,70.71,0.33,0,0,0,0
110.09,13,5812,US,1,2,4,134.3,0.82,0,0,0,0
36.55,12,5732,US,0,0,4,107.09,0.34,0,0,1,0
2.57,20,5311,US,15,12,38,87.5,0.03,0,0,0,1
39.19,13,5814,US,0,1,2,61.04,0.64,0,0,0,0
49.18,15,5812,US,1,2,3,143.2,0.34,0,0,0,0
120.88,20,5541,US,0,0,4,85.33,1.42,0,0,0,0
42.7,8,5732,FR,0,2,5,77.96,0.55,1,0,1,0
18.44,18,5812,US,1,3,4,109.97,0.17,0,0,0,0
16.21,12,5812,US,0,0,2,145.76,0.11,0,0,0,0
46.26,17,5912,US,0,0,2,75.65,0.61,0,0,0,0
95.23,12,5814,US,0,1,7,136.03,0.7,0,0,0,0
66.74,20,5814,US,0,0,2,80.18,0.83,0,0,0,0
116.56,13,5814,US,0,0,2,99.56,1.17,0,0,0,0
11.79,14,4121,US,2,3,5,107.52,0.11,0,0,0,0
30.92,17,4121,US,0,1,5,99.25,0.31,0,0,0,0
94.0,11,5912,US,0,0,0,69.96,1.34,0,0,0,0
66.73,19,5812,US,0,1,5,135.09,0.49,0,0,0,0
46.16,6,5541,US,0,0,3,106.01,0.44,0,0,0,0
1005.84,12,5411,US,0,2,5,134.79,7.46,0,0,0,0
33.64,18,5732,US,0,0,1,140.36,0.24,0,0,1,0
13.49,14,5732,US,1,1,4,101.79,0.13,0,0,1,0
9.79,10,5411,US,0,1,4,132.28,0.07,0,0,0,0
109.88,14,5812,US,0,1,1,137.23,0.8,0,0,0,0
175.26,17,5732,US,0,1,4,114.18,1.53,0,0,1,0
48.96,11,4121,US,0,2,3,75.81,0.65,0,0,0,0
14.21,19,5311,US,0,0,3,90.43,0.16,0,0,0,0
35.08,15,5812,US,1,3,7,136.5,0.26,0,0,0,0
218.76,7,5812,US,0,0,2,86.94,2.52,0,0,0,0
109.94,13,5311,US,0,1,4,91.93,1.2,0,0,0,0
43.94,10,5411,US,0,1,7,85.52,0.51,0,0,0,0
65.07,16,5311,US,1,1,1,77.85,0.84,0,0,0,0
4243.59,1,6051,NG,3,2,7,87.48,48.51,1,1,1,1
29.12,16,5732,US,1,1,2,145.73,0.2,0,0,1,0
239.54,13,5411,US,0,1,4,62.46,3.84,0,0,0,0
19.02,9,5812,US,0,1,2,84.05,0.23,0,0,0,0
253.9,4,5541,US,0,0,3,111.27,2.28,0,1,0,0
2910.36,0,6051,NG,1,3,8,82.58,35.24,1,1,1,1
473.9,18,5944,RO,7,23,28,75.2,6.3,1,0,1,1
44.97,6,5912,US,0,0,1,66.01,0.68,0,0,0,0
676.6,13,5311,US,0,2,3,64.78,10.44,0,0,0,0
8.51,16,5732,US,0,2,3,96.47,0.09,0,0,1,0
31.56,13,5311,US,0,1,3,128.92,0.24,0,0,0,0
20.92,16,4121,GB,0,1,2,85.08,0.25,1,0,0,0
24.01,15,5912,US,0,0,1,88.74,0.27,0,0,0,0
23.21,17,5912,US,2,2,6,104.34,0.22,0,0,0,0
903.98,10,6051,US,5,18,30,45.93,19.68,0,0,1,1
170.25,13,5732,US,1,3,7,130.81,1.3,0,0,1,0
51.58,17,4121,US,0,2,5,113.26,0.46,0,0,0,0
158.2,15,5541,US,0,0,1,57.95,2.73,0,0,0,0
48.14,13,4121,US,0,2,5,130.03,0.37,0,0,0,0
35.25,15,5814,US,1,3,5,102.21,0.34,0,0,0,0
27.05,15,4121,US,0,3,5,74.06,0.37,0,0,0,0
35.07,9,5541,US,0,0,4,134.85,0.26,0,0,0,0
41.84,10,5541,US,0,1,6,68.98,0.61,0,0,0,0
152.94,16,5812,US,0,2,3,54.89,2.79,0,0,0,0
89.52,6,5411,US,1,1,1,89.41,1.0,0,0,0,0
487.5,14,4829,RO,9,17,40,61.26,7.96,1,0,1,1
31.82,21,5732,US,0,1,2,124.03,0.26,0,0,1,0
15.32,10,5541,US,0,1,1,136.53,0.11,0,0,0,0
128.96,15,5411,US,0,1,4,143.62,0.9,0,0,0,0
1086.87,0,5732,RU,4,5,9,45.55,23.86,1,1,1,1
112.79,16,5912,US,0,0,3,129.95,0.87,0,0,0,0
22.38,18,5912,US,0,0,2,114.96,0.19,0,0,0,0
39.65,16,5541,US,0,0,4,149.16,0.27,0,0,0,0
59.88,20,5411,US,0,1,4,79.02,0.76,0,0,0,0
29.67,16,5812,US,1,1,6,105.12,0.28,0,0,0,0
4004.85,5,5732,CY,3,4,10,79.67,50.27,1,1,1,1
210.78,13,5812,US,0,1,5,59.22,3.56,0,0,0,0
43.89,16,5732,US,2,3,5,118.14,0.37,0,0,1,0
200.64,23,4121,US,0,0,1,129.09,1.55,0,0,0,0
25.71,9,4121,US,0,1,5,85.57,0.3,0,0,0,0
67.34,7,5311,US,0,1,3,89.62,0.75,0,0,0,0
95.43,15,5541,US,0,0,2,78.05,1.22,0,0,0,0
82.62,16,5814,US,1,1,4,113.54,0.73,0,0,0,0
73.67,10,5812,US,0,0,2,69.45,1.06,0,0,0,0
28.18,11,5411,US,1,2,5,59.6,0.47,0,0,0,0
33.31,13,5732,US,1,2,7,86.3,0.39,0,0,1,0
23.44,6,5732,US,0,0,3,96.13,0.24,0,0,1,0
50.65,5,4121,US,0,2,4,52.55,0.96,0,1,0,0
75.08,16,5311,US,0,1,4,67.83,1.11,0,0,0,0
17.59,16,5912,US,0,0,3,98.05,0.18,0,0,0,0
93.42,11,5814,US,0,0,5,50.84,1.84,0,0,0,0
9.78,8,5912,US,0,0,5,111.09,0.09,0,0,0,0
33.2,9,5812,US,1,1,4,126.78,0.26,0,0,0,0
18.22,14,5812,US,0,0,1,80.46,0.23,0,0,0,0
89.85,19,5814,US,0,0,1,71.79,1.25,0,0,0,0
40.22,16,5912,US,0,2,4,52.36,0.77,0,0,0,0
101.79,11,4121,US,0,2,3,90.69,1.12,0,0,0,0
116.91,15,4121,US,0,0,3,145.86,0.8,0,0,0,0
16.53,8,5541,US,0,0,3,108.97,0.15,0,0,0,0
28.32,9,4121,US,0,0,1,111.98,0.25,0,0,0,0
253.72,11,5814,FR,0,2,5,81.32,3.12,1,0,0,0
796.25,6,5944,RO,4,14,31,59.98,13.28,1,0,1,1
33.01,7,4121,US,0,1,3,51.48,0.64,0,0,0,0
90.02,12,5814,US,0,0,5,89.29,1.01,0,0,0,0
52.85,18,5812,US,1,1,3,65.73,0.8,0,0,0,0
76.11,8,5812,US,0,2,7,93.44,0.81,0,0,0,0
34.33,12,5311,US,0,1,6,70.86,0.48,0,0,0,0
142.02,14,5411,US,0,2,6,145.15,0.98,0,0,0,0
101.77,14,4121,US,1,1,1,65.95,1.54,0,0,0,0
18.11,12,4121,US,0,2,3,57.33,0.32,0,0,0,0
46.65,5,5814,US,2,3,5,125.44,0.37,0,1,0,0
24.9,9,5912,US,1,1,5,76.49,0.33,0,0,0,0
36.41,12,5912,US,0,1,2,80.89,0.45,0,0,0,0
100.64,18,4121,US,0,0,5,54.81,1.84,0,0,0,0
63.04,19,5912,US,0,0,0,83.06,0.76,0,0,0,0
64.92,6,5541,US,0,2,5,60.63,1.07,0,0,0,0
95.81,12,5732,US,0,0,1,69.73,1.37,0,0,1,0
81.08,18,5912,US,0,0,1,66.49,1.22,0,0,0,0
16.84,9,5732,US,0,0,3,138.2,0.12,0,0,1,0
32.12,10,5411,US,0,1,4,99.05,0.32,0,0,0,0
16.59,10,5311,US,0,0,0,77.61,0.21,0,0,0,0
18.29,8,4121,US,0,2,5,79.75,0.23,0,0,0,0
412.11,8,5912,US,0,1,5,141.42,2.91,0,0,0,0
73.32,17,5411,US,0,0,2,135.64,0.54,0,0,0,0
23.56,14,5812,US,0,0,0,81.11,0.29,0,0,0,0
9.48,20,5814,US,0,1,2,115.4,0.08,0,0,0,0
244.11,15,5812,US,0,1,3,149.76,1.63,0,0,0,0
59.75,12,5814,US,0,0,4,91.78,0.65,0,0,0,0
33.55,8,5311,US,0,0,4,83.85,0.4,0,0,0,0
8.86,9,5732,US,0,2,2,74.49,0.12,0,0,1,0
23.79,11,5912,US,0,0,1,75.02,0.32,0,0,0,0
37.09,18,4121,US,1,2,3,72.49,0.51,0,0,0,0
48.9,19,5732,US,0,1,3,148.25,0.33,0,0,1,0
43.32,9,5311,US,0,0,3,88.3,0.49,0,0,0,0
17.63,9,5814,US,0,0,1,138.57,0.13,0,0,0,0
15.12,14,5411,US,1,2,5,64.87,0.23,0,0,0,0
110.6,11,5912,US,1,2,6,58.4,1.89,0,0,0,0
59.48,13,5411,US,0,1,2,72.79,0.82,0,0,0,0
8.15,16,5812,US,0,1,5,132.69,0.06,0,0,0,0
45.29,16,5411,US,0,1,1,120.19,0.38,0,0,0,0
41.09,12,5411,US,1,2,7,93.63,0.44,0,0,0,0
21.29,23,5411,US,0,0,5,94.69,0.22,0,0,0,0
118.42,15,5814,US,0,1,1,121.35,0.98,0,0,0,0
22.0,12,4121,US,1,2,5,144.55,0.15,0,0,0,0
61.35,16,5411,US,0,1,3,70.78,0.87,0,0,0,0
1058.0,5,4829,NG,1,6,12,94.82,11.16,1,1,1,1
76.71,16,5812,US,0,0,1,101.49,0.76,0,0,0,0
18.42,16,5814,US,0,1,4,53.9,0.34,0,0,0,0
1.1,2,5311,NG,13,13,31,67.21,0.02,1,1,0,1
14.74,11,5732,US,0,0,4,73.97,0.2,0,0,1,0
18.52,19,5541,US,0,2,4,73.31,0.25,0,0,0,0
51.48,17,5912,US,0,1,6,117.05,0.44,0,0,0,0
76.23,14,5541,US,1,2,3,118.26,0.64,0,0,0,0
272.66,10,5311,US,0,2,3,123.97,2.2,0,0,0,0
14.08,15,4121,US,0,1,4,117.74,0.12,0,0,0,0
67.09,10,5541,US,1,2,2,117.1,0.57,0,0,0,0
24.79,14,4121,US,0,1,1,97.55,0.25,0,0,0,0
13.37,17,5814,US,1,4,8,65.87,0.2,0,0,0,0
234.43,10,5812,US,1,1,3,104.67,2.24,0,0,0,0
40.09,20,5541,US,0,2,4,116.6,0.34,0,0,0,0
272.44,3,4121,JP,0,0,2,66.12,4.12,1,1,0,0
82.65,15,5311,US,0,1,5,109.84,0.75,0,0,0,0
53.4,16,5814,US,0,1,3,120.71,0.44,0,0,0,0
127.63,19,5311,US,0,0,4,121.53,1.05,0,0,0,0
93.82,15,4121,US,0,2,4,93.82,1.0,0,0,0,0
16.01,17,5311,GB,0,0,0,138.42,0.12,1,0,0,0
178.54,12,5311,US,0,2,4,94.73,1.88,0,0,0,0
507.97,22,5732,GB,9,18,25,41.85,12.14,1,0,1,1
25.21,16,4121,US,0,0,1,90.93,0.28,0,0,0,0
49.67,14,5732,US,0,1,2,143.41,0.35,0,0,1,0
15.97,15,5732,US,0,0,2,54.96,0.29,0,0,1,0
52.88,4,5311,US,1,2,7,129.98,0.41,0,1,0,0
111.97,17,5912,US,0,0,3,116.01,0.97,0,0,0,0
270.63,12,5814,US,0,1,1,89.96,3.01,0,0,0,0
28.6,8,5411,US,0,1,2,140.16,0.2,0,0,0,0
62.17,15,5912,US,0,1,5,74.24,0.84,0,0,0,0
45.58,10,5814,US,0,0,4,113.53,0.4,0,0,0,0
34.47,13,5814,DE,0,2,4,126.58,0.27,1,0,0,0
20.07,16,5912,US,0,2,4,116.2,0.17,0,0,0,0
37.4,17,4121,US,0,0,4,99.23,0.38,0,0,0,0
256.73,10,5732,US,1,1,4,140.15,1.83,0,0,1,0
121.18,13,5732,US,0,0,1,116.28,1.04,0,0,1,0
25.91,23,5541,US,0,0,4,59.91,0.43,0,0,0,0
34.11,14,5814,US,0,0,2,70.47,0.48,0,0,0,0
17.08,10,5912,US,0,1,1,60.92,0.28,0,0,0,0
80.28,11,5411,US,0,1,3,134.22,0.6,0,0,0,0
52.51,15,5812,US,0,0,2,91.31,0.58,0,0,0,0
11.69,8,5812,US,0,1,3,66.19,0.18,0,0,0,0
164.57,16,5812,US,1,1,1,120.23,1.37,0,0,0,0
15.64,15,5411,US,0,1,5,103.53,0.15,0,0,0,0
48.4,15,5812,US,1,1,6,93.36,0.52,0,0,0,0
69.69,17,4121,US,0,1,6,136.16,0.51,0,0,0,0
44.56,13,5732,US,1,1,2,100.69,0.44,0,0,1,0
92.65,17,4121,US,0,3,5,64.06,1.45,0,0,0,0
7.52,12,5541,US,0,1,5,113.51,0.07,0,0,0,0
457.81,17,4121,US,0,1,5,136.95,3.34,0,0,0,0
61.11,13,5541,US,0,2,4,104.18,0.59,0,0,0,0
76.27,13,5812,US,0,0,1,89.09,0.86,0,0,0,0
66.22,14,5311,US,0,0,0,67.26,0.98,0,0,0,0
144.92,15,5912,US,0,2,7,53.03,2.73,0,0,0,0
36.39,15,5814,US,0,0,1,70.74,0.51,0,0,0,0
168.42,16,5732,US,0,0,2,106.44,1.58,0,0,1,0
60.5,15,5812,US,0,0,2,145.29,0.42,0,0,0,0
31.19,14,5411,US,0,1,4,114.8,0.27,0,0,0,0
13.37,11,5912,GB,0,1,4,62.2,0.21,1,0,0,0
13.62,22,4121,US,1,2,3,95.49,0.14,0,0,0,0
27.3,16,5732,US,0,1,7,87.1,0.31,0,0,1,0
31.93,11,5311,US,0,1,4,89.64,0.36,0,0,0,0
90.02,18,5732,US,0,1,4,112.65,0.8,0,0,1,0
2.28,6,5311,NG,15,11,24,63.66,0.04,1,0,0,1
15.61,17,5411,US,0,4,5,139.18,0.11,0,0,0,0
104.38,12,4121,US,0,1,2,110.71,0.94,0,0,0,0
38.7,11,5814,US,1,1,5,148.1,0.26,0,0,0,0
112.88,11,5732,FR,0,0,1,104.5,1.08,1,0,1,0
7.82,8,5812,US,0,1,1,129.97,0.06,0,0,0,0
41.08,6,5411,US,0,1,4,72.53,0.57,0,0,0,0
88.45,18,5812,US,0,2,3,112.68,0.78,0,0,0,0
16.33,9,5411,US,0,0,3,64.29,0.25,0,0,0,0
160.28,17,5541,US,0,0,2,79.42,2.02,0,0,0,0
136.84,6,5812,US,0,2,4,92.53,1.48,0,0,0,0
10.55,17,5814,US,0,1,5,69.53,0.15,0,0,0,0
26.16,17,5814,US,1,4,6,143.1,0.18,0,0,0,0
288.64,16,5411,US,0,2,4,68.66,4.2,0,0,0,0
101.49,21,5812,US,0,0,2,87.49,1.16,0,0,0,0
44.81,12,5912,US,0,0,5,68.45,0.65,0,0,0,0
6.25,17,5814,US,0,1,2,64.04,0.1,0,0,0,0
33.35,10,5411,US,3,3,5,142.05,0.23,0,0,0,0
1850.33,6,5732,RU,3,3,11,98.27,18.83,1,0,1,1
264.98,9,5311,US,0,2,3,93.04,2.85,0,0,0,0
9.9,19,5541,US,0,1,5,90.79,0.11,0,0,0,0
120.25,13,5311,US,0,0,1,138.07,0.87,0,0,0,0
122.84,14,5311,US,0,1,2,69.3,1.77,0,0,0,0
74.57,15,5732,US,0,2,4,105.58,0.71,0,0,1,0
39.93,10,5541,US,1,3,6,127.47,0.31,0,0,0,0
194.34,14,5411,US,1,2,5,119.96,1.62,0,0,0,0
9.99,12,5541,US,1,2,4,118.4,0.08,0,0,0,0
4.76,15,4121,US,0,0,1,137.11,0.03,0,0,0,0
145.36,12,5732,US,0,0,4,61.06,2.38,0,0,1,0
4013.47,5,6051,RU,2,3,9,45.96,87.33,1,1,1,1
16.21,14,5541,US,0,3,4,72.95,0.22,0,0,0,0
59.05,14,5541,US,0,0,2,108.17,0.55,0,0,0,0
105.71,13,5411,US,0,3,6,67.17,1.57,0,0,0,0
25.86,17,5814,GB,0,0,2,99.43,0.26,1,0,0,0
34.59,14,5311,US,1,1,4,54.65,0.63,0,0,0,0
405.47,15,5814,US,0,1,5,57.1,7.1,0,0,0,0
625.88,15,5812,US,0,0,4,104.83,5.97,0,0,0,0
9385.17,4,6051,US,3,6,8,99.87,93.97,0,1,1,1
43.77,15,5814,US,0,0,4,147.12,0.3,0,0,0,0
7.73,12,5732,US,0,0,0,50.18,0.15,0,0,1,0
64.43,16,5311,US,0,1,4,91.55,0.7,0,0,0,0
144.05,19,5912,US,0,1,3,61.13,2.36,0,0,0,0
17.86,14,5814,US,0,1,2,110.23,0.16,0,0,0,0
18.18,9,5812,US,0,1,4,103.66,0.18,0,0,0,0
140.52,5,5411,US,0,1,2,129.16,1.09,0,1,0,0
43.49,11,5732,US,0,0,2,132.66,0.33,0,0,1,0
68.69,20,5411,US,1,2,3,120.27,0.57,0,0,0,0
123.04,20,5541,US,0,0,4,121.59,1.01,0,0,0,0
25.92,16,5732,US,0,1,3,82.93,0.31,0,0,1,0
19.56,18,5912,US,1,1,2,99.05,0.2,0,0,0,0
41.33,19,5912,US,1,2,6,144.39,0.29,0,0,0,0
89.09,13,5814,US,0,1,5,73.55,1.21,0,0,0,0
27.78,18,5311,US,0,2,3,120.99,0.23,0,0,0,0
25.01,15,5732,US,0,0,2,57.35,0.44,0,0,1,0
21.26,15,5812,US,0,0,3,51.93,0.41,0,0,0,0
51.01,18,5541,JP,1,2,5,124.55,0.41,1,0,0,0
46.41,23,5812,US,1,1,4,71.62,0.65,0,0,0,0
112.5,17,5311,US,1,2,6,100.39,1.12,0,0,0,0
36.4,17,5812,US,0,1,4,52.81,0.69,0,0,0,0
53.69,11,5912,US,0,1,3,122.85,0.44,0,0,0,0
21.2,14,5411,DE,0,1,2,142.83,0.15,1,0,0,0
25.12,17,5311,US,1,1,3,102.78,0.24,0,0,0,0
203.64,21,5311,US,0,1,5,62.11,3.28,0,0,0,0
43.9,11,5912,US,1,2,7,83.32,0.53,0,0,0,0
46.63,12,5411,JP,0,0,1,53.18,0.88,1,0,0,0
21.21,12,5812,US,0,1,3,120.48,0.18,0,0,0,0
822.63,23,4829,GB,7,10,37,50.26,16.37,1,0,1,1
144.26,10,5311,US,0,0,2,76.08,1.9,0,0,0,0
13.61,15,5912,US,0,0,0,149.95,0.09,0,0,0,0
27.93,12,5732,US,0,3,8,134.11,0.21,0,0,1,0
68.31,12,5411,US,1,2,5,84.44,0.81,0,0,0,0
26.76,10,5912,US,0,1,4,137.99,0.19,0,0,0,0
98.16,19,5814,US,0,0,3,139.37,0.7,0,0,0,0
24.48,9,5814,US,0,0,3,65.4,0.37,0,0,0,0
41.28,17,5732,US,0,2,7,95.02,0.43,0,0,1,0
64.95,13,5912,US,0,1,5,145.06,0.45,0,0,0,0
17.38,18,5411,US,1,1,5,65.8,0.26,0,0,0,0
559.97,4,6051,US,9,24,29,43.55,12.86,0,1,1,1
125.37,16,5912,US,1,3,7,95.17,1.32,0,0,0,0
112.93,12,5732,US,0,2,6,90.02,1.25,0,0,1,0
23.07,12,5912,US,0,2,5,60.19,0.38,0,0,0,0
44.65,13,5311,US,1,2,6,63.05,0.71,0,0,0,0
225.62,10,5814,US,0,0,2,119.64,1.89,0,0,0,0
76.17,17,5411,US,1,3,5,135.86,0.56,0,0,0,0
3491.47,12,5732,CN,2,5,12,70.08,49.82,1,0,1,1
138.75,15,5541,GB,0,0,1,97.24,1.43,1,0,0,0
291.46,1,7995,GB,9,20,37,83.3,3.5,1,1,1,1
34.87,11,5812,US,0,1,4,63.75,0.55,0,0,0,0
20.15,20,5311,US,0,1,5,99.96,0.2,0,0,0,0
10.04,14,5732,US,0,0,0,97.23,0.1,0,0,1,0
80.07,17,5812,US,1,2,3,76.61,1.05,0,0,0,0
80.09,16,5311,US,0,0,1,90.86,0.88,0,0,0,0
89.11,8,5732,US,0,1,3,54.6,1.63,0,0,1,0
3.45,7,5912,US,0,1,5,67.09,0.05,0,0,0,0
17.49,14,5814,US,0,0,4,101.01,0.17,0,0,0,0
44.59,12,5732,US,0,1,6,104.53,0.43,0,0,1,0
74.95,18,5411,US,1,2,2,148.05,0.51,0,0,0,0
15.67,16,5812,US,0,0,4,149.02,0.11,0,0,0,0
42.55,13,5912,US,1,2,3,145.42,0.29,0,0,0,0
50.0,8,4121,US,0,1,5,119.42,0.42,0,0,0,0
40.33,11,5411,US,0,0,3,67.47,0.6,0,0,0,0
49.44,11,4121,US,0,0,1,88.64,0.56,0,0,0,0
44.34,10,5311,US,0,0,1,148.61,0.3,0,0,0,0
17.92,18,5311,US,1,1,3,130.38,0.14,0,0,0,0
23.23,9,5541,US,0,0,1,50.24,0.46,0,0,0,0
100.89,14,5311,US,0,1,6,135.81,0.74,0,0,0,0
113.08,13,5541,US,0,1,4,139.5,0.81,0,0,0,0
16.69,12,5311,FR,0,0,0,95.93,0.17,1,0,0,0
21.97,8,5812,US,1,3,8,139.49,0.16,0,0,0,0
34.33,11,5814,US,0,0,5,95.64,0.36,0,0,0,0
37.99,13,5541,US,0,0,5,144.61,0.26,0,0,0,0
129.71,9,5411,US,0,2,4,129.34,1.0,0,0,0,0
7.2,18,5814,US,0,3,5,80.62,0.09,0,0,0,0
95.35,12,5812,US,1,2,5,87.41,1.09,0,0,0,0
11.89,16,4121,US,1,1,6,75.9,0.16,0,0,0,0
21.63,21,5912,US,1,1,4,90.19,0.24,0,0,0,0
23.6,11,5912,US,1,1,2,131.66,0.18,0,0,0,0
51.52,15,5311,US,0,1,3,140.76,0.37,0,0,0,0
108.89,9,5814,US,1,2,3,91.43,1.19,0,0,0,0
1892.95,15,5732,CY,1,3,11,86.35,21.92,1,0,1,1
70.47,13,5912,US,0,1,6,94.38,0.75,0,0,0,0
70.72,12,5311,US,0,0,1,122.49,0.58,0,0,0,0
82.12,14,5311,US,0,1,1,103.95,0.79,0,0,0,0
47.21,12,4121,US,0,1,7,82.43,0.57,0,0,0,0
99.53,17,5732,US,1,1,7,89.55,1.11,0,0,1,0
54.14,12,5912,US,0,0,2,75.06,0.72,0,0,0,0
53.48,11,5732,US,0,1,3,88.77,0.6,0,0,1,0
106.48,11,4121,US,0,1,3,121.46,0.88,0,0,0,0
87.06,11,5812,US,0,2,3,52.39,1.66,0,0,0,0
17.68,13,5541,US,0,1,1,101.06,0.17,0,0,0,0
90.34,14,5311,US,0,0,2,102.48,0.88,0,0,0,0
89.44,7,5541,US,0,1,5,63.53,1.41,0,0,0,0
156.65,10,5311,US,0,0,4,120.39,1.3,0,0,0,0
78.48,11,4121,US,0,1,5,75.47,1.04,0,0,0,0
38.24,15,5812,US,0,0,1,119.69,0.32,0,0,0,0
7.4,16,5411,US,0,1,5,99.58,0.07,0,0,0,0
458.27,13,5411,US,0,0,7,80.94,5.66,0,0,0,0
39.16,12,5311,US,0,0,0,134.05,0.29,0,0,0,0
1.01,4,5311,US,12,23,17,82.65,0.01,0,1,0,1
14.63,11,5814,US,0,0,2,116.65,0.13,0,0,0,0
45.86,15,5541,US,0,0,1,97.62,0.47,0,0,0,0
82.53,12,5732,US,0,1,5,123.02,0.67,0,0,1,0
50.58,15,5541,US,0,3,5,63.55,0.8,0,0,0,0
112.39,12,5732,US,0,2,3,65.19,1.72,0,0,1,0
17.45,8,5732,US,0,1,2,76.92,0.23,0,0,1,0
133.14,14,5814,US,0,1,1,136.96,0.97,0,0,0,0
36.0,7,5812,US,0,0,4,93.74,0.38,0,0,0,0
123.94,9,5311,US,0,0,3,65.16,1.9,0,0,0,0
21.45,12,4121,US,0,0,1,106.05,0.2,0,0,0,0
17.71,8,5541,US,0,1,3,149.65,0.12,0,0,0,0
18.31,23,5411,US,0,1,8,82.71,0.22,0,0,0,0
60.11,8,5311,US,0,0,2,86.01,0.7,0,0,0,0
114.28,14,5411,US,2,3,8,56.86,2.01,0,0,0,0
61.48,18,5541,US,0,0,2,72.76,0.84,0,0,0,0
28.09,12,4121,US,0,0,3,147.42,0.19,0,0,0,0
49.16,16,5814,US,0,1,4,144.18,0.34,0,0,0,0
7.25,19,5912,US,0,1,3,112.56,0.06,0,0,0,0
69.91,0,5311,US,0,0,5,78.81,0.89,0,1,0,0
14.53,13,5812,US,1,1,2,134.86,0.11,0,0,0,0
43.09,14,5814,DE,0,1,2,51.4,0.84,1,0,0,0
46.94,23,5912,DE,0,0,1,128.67,0.36,1,0,0,0
23.75,8,5812,US,1,2,7,109.23,0.22,0,0,0,0
59.52,16,5411,US,0,0,2,143.56,0.41,0,0,0,0
23.08,12,4121,US,0,3,5,113.07,0.2,0,0,0,0
54.79,14,5912,US,1,1,2,64.99,0.84,0,0,0,0
98.7,17,5732,US,0,2,7,131.74,0.75,0,0,1,0
12.78,10,5814,US,0,1,6,55.0,0.23,0,0,0,0
111.34,20,5411,US,0,2,6,122.88,0.91,0,0,0,0
56.53,17,4121,US,0,2,5,94.7,0.6,0,0,0,0
173.93,11,5814,US,0,0,4,149.22,1.17,0,0,0,0
35.31,11,4121,US,0,0,5,101.72,0.35,0,0,0,0
23.86,16,5541,US,0,2,6,66.85,0.36,0,0,0,0
45.74,21,5814,US,0,1,4,82.71,0.55,0,0,0,0
14.74,13,5411,US,0,2,4,98.72,0.15,0,0,0,0
7950.16,0,5732,RU,1,6,5,95.73,83.05,1,1,1,1
128.86,12,4121,US,0,3,5,90.71,1.42,0,0,0,0
27.03,16,5541,US,0,1,4,95.27,0.28,0,0,0,0
48.19,14,5311,US,1,1,4,64.06,0.75,0,0,0,0
17.39,12,5541,US,1,3,6,88.95,0.2,0,0,0,0
66.01,10,4121,US,0,1,5,97.18,0.68,0,0,0,0
75.31,11,5812,US,0,2,4,131.71,0.57,0,0,0,0
210.97,15,5814,US,0,0,3,145.67,1.45,0,0,0,0
135.46,12,5912,US,0,1,6,52.74,2.57,0,0,0,0
21.94,15,5812,US,1,1,4,72.78,0.3,0,0,0,0
9.72,7,5411,US,0,0,0,77.12,0.13,0,0,0,0
353.02,5,5814,US,1,2,4,80.32,4.4,0,1,0,0
6.45,9,5311,US,0,1,4,50.71,0.13,0,0,0,0
17.9,13,4121,US,0,1,4,123.37,0.15,0,0,0,0
27.17,11,5812,US,1,2,5,55.77,0.49,0,0,0,0
199.43,11,5411,US,0,1,5,95.02,2.1,0,0,0,0
35.71,10,5912,US,0,0,4,59.44,0.6,0,0,0,0
136.47,11,5541,US,0,1,2,50.02,2.73,0,0,0,0
38.32,5,5541,US,0,0,2,81.56,0.47,0,1,0,0
13.29,17,5311,US,0,0,2,113.03,0.12,0,0,0,0
16.73,14,5541,US,1,1,4,68.93,0.24,0,0,0,0
70.58,14,5732,US,1,1,1,133.75,0.53,0,0,1,0
68.74,16,5311,US,0,1,4,110.14,0.62,0,0,0,0
44.92,10,5732,US,0,0,1,121.57,0.37,0,0,1,0
23.78,17,5411,US,1,1,6,87.08,0.27,0,0,0,0
10.21,12,5814,US,0,1,3,83.09,0.12,0,0,0,0
111.85,8,4121,US,0,2,2,142.07,0.79,0,0,0,0
38.19,17,5311,US,0,0,3,145.44,0.26,0,0,0,0
115.66,17,4121,US,0,0,2,112.48,1.03,0,0,0,0
179.94,5,5912,US,0,0,2,144.16,1.25,0,1,0,0
80.23,14,5541,US,1,4,8,117.86,0.68,0,0,0,0
18.5,10,5311,US,1,2,3,105.8,0.17,0,0,0,0
82.83,6,5311,US,0,2,5,112.39,0.74,0,0,0,0
6.72,7,5912,JP,1,3,4,102.02,0.07,1,0,0,0
18.41,9,5541,DE,0,1,2,54.09,0.34,1,0,0,0
177.61,23,5732,US,0,0,1,53.34,3.33,0,0,1,0
15.06,18,5812,US,0,0,1,50.58,0.3,0,0,0,0
31.55,13,5311,US,0,0,3,110.92,0.28,0,0,0,0
121.45,12,5814,US,0,0,3,52.28,2.32,0,0,0,0
46.9,14,5812,US,0,1,6,122.17,0.38,0,0,0,0
42.78,12,4121,US,0,0,3,61.97,0.69,0,0,0,0
219.48,7,5732,US,1,1,3,132.35,1.66,0,0,1,0
21.97,14,5541,US,0,1,5,50.24,0.44,0,0,0,0
7.81,18,5814,US,1,2,3,125.01,0.06,0,0,0,0
174.77,6,5541,US,0,0,5,135.93,1.29,0,0,0,0
37.92,12,5912,US,1,2,5,89.58,0.42,0,0,0,0
117.2,9,5814,US,0,1,6,147.21,0.8,0,0,0,0
33.1,7,5311,US,1,3,9,117.21,0.28,0,0,0,0
313.45,19,5311,US,0,1,1,100.23,3.13,0,0,0,0
61.7,11,5411,US,0,0,2,68.37,0.9,0,0,0,0
23.67,14,4121,US,0,4,7,90.58,0.26,0,0,0,0
55.76,13,5732,US,0,0,3,64.16,0.87,0,0,1,0
65.98,15,5814,US,0,1,1,80.39,0.82,0,0,0,0
257.79,8,5944,GB,5,8,22,64.97,3.97,1,0,1,1
286.25,12,5541,JP,0,1,8,106.27,2.69,1,0,0,0
67.76,17,4121,US,0,0,0,56.95,1.19,0,0,0,0
43.23,18,5311,US,0,1,3,121.3,0.36,0,0,0,0
262.95,16,5732,US,0,1,3,144.96,1.81,0,0,1,0
62.13,11,5732,US,0,0,4,132.72,0.47,0,0,1,0
25.53,13,5311,US,0,2,5,146.23,0.17,0,0,0,0
43.39,11,5411,US,0,0,1,132.21,0.33,0,0,0,0
101.97,13,4121,US,0,1,4,69.28,1.47,0,0,0,0
41.39,13,5812,US,1,2,4,65.57,0.63,0,0,0,0
46.42,12,5812,US,0,0,2,126.17,0.37,0,0,0,0
266.3,11,5814,US,1,1,6,126.74,2.1,0,0,0,0
32.93,17,4121,US,2,2,6,55.03,0.6,0,0,0,0
26.39,9,5732,US,0,0,1,53.69,0.49,0,0,1,0
62.99,14,5732,US,0,0,3,136.79,0.46,0,0,1,0
376.95,22,5812,US,2,2,5,70.99,5.31,0,0,0,0
3.47,19,4121,US,0,2,2,55.48,0.06,0,0,0,0
161.81,4,5732,US,1,1,1,98.35,1.65,0,1,1,0
26.86,7,5541,US,0,0,5,52.48,0.51,0,0,0,0
62.87,11,5541,US,0,0,2,66.6,0.94,0,0,0,0
86.18,11,5411,US,0,3,4,129.69,0.66,0,0,0,0
62.37,11,5814,US,0,4,5,61.21,1.02,0,0,0,0
198.52,16,5411,US,0,2,7,122.04,1.63,0,0,0,0
95.62,16,4121,CA,0,2,2,111.17,0.86,1,0,0,0
141.81,13,5541,US,1,2,3,97.1,1.46,0,0,0,0
31.95,6,5814,US,0,2,6,111.85,0.29,0,0,0,0
20.86,9,5411,US,0,0,4,136.14,0.15,0,0,0,0
272.47,12,5311,US,0,0,7,56.87,4.79,0,0,0,0
93.85,6,5311,US,1,1,5,86.53,1.08,0,0,0,0
31.05,15,4121,US,1,1,4,68.68,0.45,0,0,0,0
19.23,7,5912,US,0,0,5,130.35,0.15,0,0,0,0
28.83,16,5912,GB,0,0,5,139.65,0.21,1,0,0,0
59.87,20,5411,US,0,2,9,104.87,0.57,0,0,0,0
150.57,23,5912,US,0,0,4,82.83,1.82,0,0,0,0
79.81,12,5411,US,0,1,3,124.62,0.64,0,0,0,0
5.89,15,5311,DE,1,2,7,53.75,0.11,1,0,0,0
24.38,7,5411,US,0,2,4,110.98,0.22,0,0,0,0
133.32,16,5812,US,0,0,2,103.0,1.29,0,0,0,0
91.78,12,5541,US,0,1,2,118.8,0.77,0,0,0,0
716.49,21,4829,US,7,18,24,52.66,13.61,0,0,1,1
30.59,7,5812,US,0,2,2,116.18,0.26,0,0,0,0
28.37,14,5541,US,0,0,4,75.38,0.38,0,0,0,0
1005.04,1,5732,RU,2,3,7,65.07,15.45,1,1,1,1
110.56,15,5732,US,0,0,3,94.96,1.16,0,0,1,0
93.26,8,4121,US,0,3,3,93.85,0.99,0,0,0,0
38.36,15,5411,US,0,0,2,101.69,0.38,0,0,0,0
331.88,19,5311,US,0,1,2,90.47,3.67,0,0,0,0
26.48,11,5814,GB,0,1,4,118.88,0.22,1,0,0,0
47.28,13,5311,US,0,1,5,115.11,0.41,0,0,0,0
10.0,17,5311,US,0,0,4,132.27,0.08,0,0,0,0
18.04,18,5541,US,0,1,4,82.8,0.22,0,0,0,0
25.78,22,5912,US,0,1,1,137.41,0.19,0,0,0,0
15.94,9,5812,US,0,1,3,107.33,0.15,0,0,0,0
95.0,15,5411,US,0,2,3,126.32,0.75,0,0,0,0
46.67,11,5311,US,0,2,2,99.38,0.47,0,0,0,0
25.13,14,5732,US,0,0,8,76.14,0.33,0,0,1,0
192.97,13,5812,US,0,0,2,124.59,1.55,0,0,0,0
30.0,16,5541,US,0,1,2,58.18,0.52,0,0,0,0
65.29,11,5814,US,0,1,5,122.03,0.54,0,0,0,0
106.83,12,5814,US,2,5,5,113.14,0.94,0,0,0,0
185.08,13,5411,US,0,0,2,66.7,2.77,0,0,0,0
73.74,16,5912,US,0,1,2,133.32,0.55,0,0,0,0
363.1,9,7995,GB,5,16,40,65.36,5.56,1,0,1,1
129.25,12,5541,US,0,0,4,141.28,0.91,0,0,0,0
50.22,20,5912,US,1,2,6,122.92,0.41,0,0,0,0
35.65,14,5912,US,0,4,4,147.06,0.24,0,0,0,0
55.68,17,5411,US,0,0,4,56.24,0.99,0,0,0,0
54.13,23,5812,US,0,1,2,110.26,0.49,0,0,0,0
39.37,10,5812,US,0,3,6,148.0,0.27,0,0,0,0
68.55,14,5812,US,0,1,4,145.07,0.47,0,0,0,0
25.76,23,5541,US,1,2,7,55.1,0.47,0,0,0,0
10.7,17,5912,US,0,0,3,146.4,0.07,0,0,0,0
22.62,19,5541,US,0,2,5,78.35,0.29,0,0,0,0
66.47,17,5411,US,0,1,6,54.34,1.22,0,0,0,0
1.69,20,5311,NG,13,18,17,53.05,0.03,1,0,0,1
74.0,17,5912,US,1,3,3,121.49,0.61,0,0,0,0
21.31,10,5812,US,0,2,7,101.87,0.21,0,0,0,0
43.06,10,5311,US,0,1,2,136.83,0.31,0,0,0,0
35.33,14,5812,US,0,0,5,84.67,0.42,0,0,0,0
228.4,15,5812,US,0,1,6,51.15,4.47,0,0,0,0
41.22,18,5311,US,0,2,3,117.64,0.35,0,0,0,0
41.03,16,4121,US,0,0,1,140.78,0.29,0,0,0,0
323.19,9,5311,US,0,1,2,121.34,2.66,0,0,0,0
27.18,12,5814,US,0,1,2,90.42,0.3,0,0,0,0
187.0,10,5814,US,0,0,0,91.95,2.03,0,0,0,0
2718.84,3,5944,CN,1,3,5,61.09,44.51,1,1,1,1
33.5,14,5411,JP,0,1,4,73.96,0.45,1,0,0,0
93.29,20,5912,US,0,1,3,58.91,1.58,0,0,0,0
27.36,15,4121,US,0,3,4,149.06,0.18,0,0,0,0
60.74,10,5814,US,0,1,3,91.71,0.66,0,0,0,0
1.44,0,5311,US,8,25,25,63.21,0.02,0,1,0,1
20.57,17,5541,US,0,1,3,68.25,0.3,0,0,0,0
14.25,8,5541,US,1,2,5,79.19,0.18,0,0,0,0
16.99,22,5732,US,0,0,2,99.77,0.17,0,0,1,0
135.82,12,5541,US,0,1,4,114.99,1.18,0,0,0,0
29.35,15,5541,US,1,2,7,114.37,0.26,0,0,0,0
22.29,13,5912,US,0,2,4,116.6,0.19,0,0,0,0
4.85,10,5732,US,0,1,4,79.61,0.06,0,0,1,0
27.35,19,5912,US,0,0,3,135.23,0.2,0,0,0,0
21.68,16,5732,US,1,2,5,82.63,0.26,0,0,1,0
27.77,12,5541,US,0,0,0,130.46,0.21,0,0,0,0
151.54,17,5814,US,0,1,4,53.44,2.84,0,0,0,0
155.25,14,5311,US,0,1,3,117.43,1.32,0,0,0,0
15.86,7,4121,US,0,1,3,71.29,0.22,0,0,0,0
8.78,10,5311,US,0,0,3,95.72,0.09,0,0,0,0
78.77,14,5411,US,0,0,1,148.25,0.53,0,0,0,0
42.08,18,5812,US,0,0,4,77.95,0.54,0,0,0,0
49.28,16,5541,US,0,1,6,111.16,0.44,0,0,0,0
60.09,8,5732,US,1,1,4,61.88,0.97,0,0,1,0
119.33,16,5541,US,0,2,5,50.66,2.36,0,0,0,0
122.42,19,5812,US,0,1,5,78.31,1.56,0,0,0,0
43.42,7,5311,US,0,1,3,87.0,0.5,0,0,0,0
43.91,15,4121,US,0,1,4,114.51,0.38,0,0,0,0
25.58,10,5541,US,0,2,8,104.23,0.25,0,0,0,0
29.52,14,5812,US,1,2,2,138.72,0.21,0,0,0,0
41.15,10,4121,US,0,1,2,83.88,0.49,0,0,0,0
125.22,13,5541,US,0,1,3,125.5,1.0,0,0,0,0
109.76,10,5912,US,1,1,4,55.33,1.98,0,0,0,0
90.95,11,5812,US,0,0,1,126.21,0.72,0,0,0,0
14.35,10,5812,US,0,0,3,116.81,0.12,0,0,0,0
59.82,18,5541,US,1,2,8,118.79,0.5,0,0,0,0
32.37,12,4121,US,0,1,5,123.48,0.26,0,0,0,0
167.0,15,5541,US,0,1,5,123.32,1.35,0,0,0,0
111.9,9,5912,US,1,1,2,111.13,1.01,0,0,0,0
25.69,8,5812,US,1,1,6,147.5,0.17,0,0,0,0
44.57,14,4121,US,0,0,2,72.81,0.61,0,0,0,0
153.0,17,5812,US,1,5,7,117.89,1.3,0,0,0,0
293.06,14,5812,US,0,0,4,118.15,2.48,0,0,0,0
135.51,18,5311,US,0,2,4,75.37,1.8,0,0,0,0
30.56,20,5732,US,0,3,5,149.84,0.2,0,0,1,0
182.12,14,5732,US,0,2,4,97.4,1.87,0,0,1,0
43.73,0,5912,US,0,0,2,126.56,0.35,0,1,0,0
64.34,16,5311,US,0,2,6,104.34,0.62,0,0,0,0
87.84,6,5912,US,0,0,3,85.02,1.03,0,0,0,0
9.21,18,5814,US,0,1,5,102.18,0.09,0,0,0,0
60.04,10,5411,US,0,1,2,113.68,0.53,0,0,0,0
57.57,20,5311,US,0,0,0,77.87,0.74,0,0,0,0
78.65,17,5912,US,0,0,0,146.96,0.54,0,0,0,0
58.23,20,4121,US,0,1,3,78.42,0.74,0,0,0,0
28.36,15,5812,US,0,0,2,56.58,0.5,0,0,0,0
27.42,18,4121,US,0,3,4,125.31,0.22,0,0,0,0
63.49,15,5732,US,0,1,2,122.1,0.52,0,0,1,0
46.92,11,5812,US,0,1,2,142.41,0.33,0,0,0,0
35.97,9,5732,US,0,0,4,83.31,0.43,0,0,1,0
13.01,12,5732,US,1,1,3,131.7,0.1,0,0,1,0
30.96,16,5541,US,0,2,3,133.31,0.23,0,0,0,0
33.83,17,5814,US,0,0,1,144.84,0.23,0,0,0,0
11.53,18,4121,US,0,0,3,50.1,0.23,0,0,0,0
87.47,17,5732,US,0,1,4,124.9,0.7,0,0,1,0
48.46,8,5732,US,0,0,2,68.52,0.71,0,0,1,0
0.53,20,5311,US,10,25,19,62.32,0.01,0,0,0,1
42.08,22,5732,US,0,2,5,110.33,0.38,0,0,1,0
137.46,14,5812,US,1,1,3,64.88,2.12,0,0,0,0
20.97,12,5814,US,0,2,3,100.77,0.21,0,0,0,0
112.61,12,5732,FR,0,0,1,78.86,1.43,1,0,1,0
71.35,8,5812,US,0,0,3,129.32,0.55,0,0,0,0
15.05,16,5311,US,0,1,4,115.23,0.13,0,0,0,0
92.57,18,5411,US,0,0,1,54.38,1.7,0,0,0,0
108.6,16,4121,US,0,1,3,88.39,1.23,0,0,0,0
36.23,8,4121,US,1,1,4,140.87,0.26,0,0,0,0
33.7,12,5541,US,2,3,4,95.03,0.35,0,0,0,0
101.13,14,5732,US,0,0,3,129.38,0.78,0,0,1,0
85.4,13,5814,US,0,0,2,57.86,1.48,0,0,0,0
21.23,8,5814,US,0,2,4,82.58,0.26,0,0,0,0
82.85,14,5541,US,0,0,4,145.62,0.57,0,0,0,0
137.63,15,5541,US,0,0,2,92.61,1.49,0,0,0,0
948.74,4,5732,US,6,21,30,45.88,20.68,0,1,1,1
66.17,5,5732,US,1,1,8,122.11,0.54,0,1,1,0
1257.41,11,6051,NG,1,8,5,81.03,15.52,1,0,1,1
73.22,17,5912,US,0,1,3,61.76,1.19,0,0,0,0
52.14,16,5311,US,0,1,3,80.72,0.65,0,0,0,0
25.5,15,5814,US,0,0,5,109.45,0.23,0,0,0,0
24.59,13,5812,US,0,1,3,60.44,0.41,0,0,0,0
13.61,13,4121,US,0,0,4,128.54,0.11,0,0,0,0
37.88,15,5814,US,0,1,5,144.57,0.26,0,0,0,0
22.54,14,5732,CA,0,0,6,95.53,0.24,1,0,1,0
60.68,10,5411,US,0,1,3,112.29,0.54,0,0,0,0
56.02,13,5732,US,0,0,4,90.04,0.62,0,0,1,0
42.41,9,5732,US,0,1,5,138.32,0.31,0,0,1,0
48.87,16,5814,US,0,1,2,140.26,0.35,0,0,0,0
72.26,20,5411,US,0,0,2,96.19,0.75,0,0,0,0
19.89,11,5541,US,0,1,3,97.98,0.2,0,0,0,0
49.47,14,5541,US,0,1,1,84.14,0.59,0,0,0,0
37.06,15,5814,US,0,2,5,108.1,0.34,0,0,0,0
54.96,16,5814,DE,1,2,6,132.63,0.41,1,0,0,0
34.35,18,5541,US,0,2,6,64.54,0.53,0,0,0,0
51.54,12,4121,US,0,2,2,65.16,0.79,0,0,0,0
17.46,7,5411,US,0,0,1,149.59,0.12,0,0,0,0
150.9,8,5912,US,0,1,3,77.96,1.94,0,0,0,0
48.54,16,5814,US,0,0,2,60.18,0.81,0,0,0,0
2250.96,3,6051,NG,3,6,4,86.43,26.04,1,1,1,1
126.1,14,5411,US,0,1,2,121.82,1.04,0,0,0,0
68.76,7,5812,US,0,1,5,56.84,1.21,0,0,0,0
134.48,10,5541,US,0,0,2,87.76,1.53,0,0,0,0
15.58,21,5732,US,0,1,4,142.74,0.11,0,0,1,0
14.64,15,4121,US,0,0,0,67.72,0.22,0,0,0,0
60.84,21,5541,US,0,2,4,70.5,0.86,0,0,0,0
51.55,18,5541,US,2,3,3,126.9,0.41,0,0,0,0
56.92,15,5411,GB,0,0,5,58.58,0.97,1,0,0,0
181.39,13,5311,US,0,2,4,50.79,3.57,0,0,0,0
15.81,7,5541,US,0,1,3,129.84,0.12,0,0,0,0
82.9,10,5541,US,0,0,4,143.75,0.58,0,0,0,0
39.42,19,5541,US,0,1,4,140.02,0.28,0,0,0,0
279.08,8,5944,GB,6,23,30,75.43,3.7,1,0,1,1
167.14,11,5812,US,0,3,6,147.76,1.13,0,0,0,0
8.81,12,5411,US,0,0,1,115.24,0.08,0,0,0,0
30.4,11,5411,US,0,1,2,148.04,0.21,0,0,0,0
61.52,12,5411,US,0,4,7,88.32,0.7,0,0,0,0
18.92,14,5732,US,1,2,5,126.7,0.15,0,0,1,0
16.21,10,5814,US,0,2,4,115.77,0.14,0,0,0,0
46.43,18,5912,US,1,1,4,83.74,0.55,0,0,0,0
50.66,15,5311,US,0,1,3,64.01,0.79,0,0,0,0
18.01,17,5541,US,0,2,4,131.88,0.14,0,0,0,0
71.99,9,5311,US,1,1,6,95.8,0.75,0,0,0,0
47.43,15,5814,US,1,4,4,107.32,0.44,0,0,0,0
34.2,7,5411,US,0,0,1,64.42,0.53,0,0,0,0
330.62,12,5912,US,0,1,3,58.8,5.62,0,0,0,0
29.62,14,5732,US,1,1,3,52.03,0.57,0,0,1,0
59.15,15,5812,US,0,1,2,83.58,0.71,0,0,0,0
21.71,17,4121,US,1,1,3,69.37,0.31,0,0,0,0
13.49,13,5814,US,0,0,4,129.48,0.1,0,0,0,0
7.48,16,5912,US,1,1,3,83.26,0.09,0,0,0,0
50.49,14,5812,US,0,0,3,99.44,0.51,0,0,0,0
19.51,8,4121,US,0,2,2,110.89,0.18,0,0,0,0
22.96,15,5541,US,0,0,1,132.67,0.17,0,0,0,0
18.68,13,5311,US,1,1,2,123.02,0.15,0,0,0,0
22.19,6,5311,US,0,1,3,103.43,0.21,0,0,0,0
65.24,15,5812,US,0,2,4,141.66,0.46,0,0,0,0
26.0,15,5311,US,1,1,4,111.19,0.23,0,0,0,0
85.3,19,5411,US,0,1,3,97.06,0.88,0,0,0,0
58.08,9,5411,US,0,1,4,110.88,0.52,0,0,0,0
38.97,20,5411,US,0,0,4,85.03,0.46,0,0,0,0
39.63,18,4121,US,0,0,4,64.09,0.62,0,0,0,0
62.97,17,5814,US,0,0,2,58.74,1.07,0,0,0,0
49.82,18,4121,US,0,3,8,62.96,0.79,0,0,0,0
10.29,16,5311,US,1,2,7,134.02,0.08,0,0,0,0
104.52,19,5814,US,1,1,2,144.86,0.72,0,0,0,0
65.23,18,5812,US,1,1,4,85.38,0.76,0,0,0,0
26.32,10,5732,US,0,1,4,129.34,0.2,0,0,1,0
106.87,12,5814,US,1,1,3,121.42,0.88,0,0,0,0
96.46,14,5411,US,0,1,1,144.84,0.67,0,0,0,0
52.81,17,5912,US,1,2,8,104.09,0.51,0,0,0,0
20.66,8,5311,US,0,0,7,145.45,0.14,0,0,0,0
29.71,11,5812,US,1,1,4,125.5,0.24,0,0,0,0
6.05,14,5541,US,0,0,5,118.96,0.05,0,0,0,0
33.42,13,5411,US,1,1,1,56.89,0.59,0,0,0,0
65.31,10,5311,JP,0,1,2,98.19,0.67,1,0,0,0
167.86,8,5311,US,0,0,4,122.61,1.37,0,0,0,0
21.23,9,5814,US,0,0,3,109.26,0.19,0,0,0,0
52.48,15,5814,US,0,0,2,134.34,0.39,0,0,0,0
63.78,20,5912,US,1,3,6,138.32,0.46,0,0,0,0
17.29,20,5411,CA,0,3,8,128.9,0.13,1,0,0,0
15.08,10,5311,US,0,2,5,109.55,0.14,0,0,0,0
12.21,13,5814,US,0,3,6,68.98,0.18,0,0,0,0
189.49,10,5311,US,0,2,5,105.11,1.8,0,0,0,0
125.22,18,5311,US,0,0,2,91.6,1.37,0,0,0,0
15.13,16,4121,US,0,2,2,114.86,0.13,0,0,0,0
174.59,22,4121,US,0,0,5,116.66,1.5,0,0,0,0
34.42,13,5311,US,0,2,5,87.98,0.39,0,0,0,0
39.57,20,5812,US,0,2,4,82.6,0.48,0,0,0,0
40.38,8,5912,US,1,2,6,67.59,0.6,0,0,0,0
165.52,23,5411,US,0,0,4,72.42,2.29,0,0,0,0
53.67,15,5814,US,0,0,3,84.56,0.63,0,0,0,0
2.63,18,5814,US,0,1,3,106.93,0.02,0,0,0,0
2.68,22,5311,UA,9,24,43,85.98,0.03,1,0,0,1
96.8,9,5814,US,0,1,5,118.05,0.82,0,0,0,0
32.48,14,5812,US,1,1,4,129.85,0.25,0,0,0,0
52.36,15,5411,US,0,0,3,101.7,0.51,0,0,0,0
24.39,15,5732,US,0,0,5,53.33,0.46,0,0,1,0
102.99,9,5912,US,0,1,1,60.61,1.7,0,0,0,0
119.92,16,5411,US,0,1,3,117.88,1.02,0,0,0,0
12.77,17,5311,US,0,1,8,50.28,0.25,0,0,0,0
67.0,14,5732,US,0,1,3,102.19,0.66,0,0,1,0
824.76,13,7995,US,4,18,16,60.02,13.74,0,0,1,1
224.47,17,5541,US,0,0,0,54.83,4.09,0,0,0,0
21.65,11,5311,US,0,0,2,84.74,0.26,0,0,0,0
6539.21,1,6051,US,3,2,6,61.48,106.36,0,1,1,1
31.73,14,5912,US,0,1,2,75.33,0.42,0,0,0,0
54.22,13,5411,US,0,0,3,130.05,0.42,0,0,0,0
66.74,17,5411,DE,1,2,5,124.78,0.53,1,0,0,0
62.3,11,5812,US,0,1,4,120.19,0.52,0,0,0,0
66.36,8,5311,DE,0,2,4,87.2,0.76,1,0,0,0
29.69,12,5311,US,0,4,5,90.91,0.33,0,0,0,0
18.4,17,5411,US,0,2,4,75.34,0.24,0,0,0,0
18.97,13,4121,US,0,0,2,95.0,0.2,0,0,0,0
1.35,16,5311,US,11,21,21,66.54,0.02,0,0,0,1
210.16,19,5814,US,0,3,7,89.6,2.35,0,0,0,0
62.85,19,4121,US,0,0,3,55.71,1.13,0,0,0,0
30.18,16,5411,US,0,0,6,61.86,0.49,0,0,0,0
6338.32,0,5732,UA,3,4,5,78.25,81.0,1,1,1,1
28.54,15,5411,US,0,0,2,102.65,0.28,0,0,0,0
80.19,12,5812,US,0,3,5,138.75,0.58,0,0,0,0
9.03,12,5311,US,0,1,4,80.71,0.11,0,0,0,0
35.82,17,5411,US,0,0,4,71.09,0.5,0,0,0,0
70.1,15,5732,US,1,1,3,52.55,1.33,0,0,1,0
150.07,12,5732,US,0,0,3,66.72,2.25,0,0,1,0
33.19,17,5732,US,0,1,2,108.78,0.31,0,0,1,0
44.93,11,5814,US,1,3,5,62.04,0.72,0,0,0,0
25.18,13,5541,US,0,1,5,63.51,0.4,0,0,0,0
481.53,14,5411,US,0,2,4,98.02,4.91,0,0,0,0
56.13,17,5912,US,0,1,5,114.77,0.49,0,0,0,0
67.94,15,5732,US,1,1,2,61.32,1.11,0,0,1,0
69.98,10,5912,JP,0,0,6,97.94,0.71,1,0,0,0
49.71,11,4121,US,0,1,4,85.19,0.58,0,0,0,0
17.79,18,5311,US,0,1,4,142.91,0.12,0,0,0,0
58.48,15,5541,US,1,1,5,79.07,0.74,0,0,0,0
62.87,14,4121,CA,0,0,1,100.1,0.63,1,0,0,0
156.93,22,5541,US,0,0,0,125.38,1.25,0,0,0,0
111.83,13,5411,US,0,0,4,123.79,0.9,0,0,0,0
28.41,8,5732,US,0,0,2,116.76,0.24,0,0,1,0
22.83,16,5311,US,0,1,4,122.77,0.19,0,0,0,0
32.22,12,4121,US,1,1,2,148.15,0.22,0,0,0,0
50.07,5,5912,US,0,1,1,135.72,0.37,0,1,0,0
36.18,18,5732,US,0,0,5,86.87,0.42,0,0,1,0
20.62,15,5311,US,0,1,2,120.21,0.17,0,0,0,0
101.3,13,5912,US,0,0,5,105.26,0.96,0,0,0,0
14.16,15,5541,DE,0,1,4,109.76,0.13,1,0,0,0
406.84,23,6051,US,5,23,38,82.9,4.91,0,0,1,1
22.73,11,5311,US,0,0,2,125.13,0.18,0,0,0,0
14.82,15,5812,US,0,1,5,111.05,0.13,0,0,0,0
32.88,12,5912,US,0,0,3,147.89,0.22,0,0,0,0
72.25,9,5541,US,0,0,1,125.52,0.58,0,0,0,0
11.81,16,5541,US,0,0,6,149.89,0.08,0,0,0,0
20.12,23,5411,US,0,1,3,140.52,0.14,0,0,0,0
0.99,0,5311,US,5,26,22,89.64,0.01,0,1,0,1
37.56,15,5411,US,0,0,3,59.48,0.63,0,0,0,0
47.2,8,5311,US,0,0,3,140.14,0.34,0,0,0,0
25.62,15,5411,US,0,0,3,81.93,0.31,0,0,0,0
7.54,13,5814,US,0,0,3,111.32,0.07,0,0,0,0
168.39,16,5812,US,0,1,2,84.64,1.99,0,0,0,0
71.85,17,5541,US,1,1,2,83.6,0.86,0,0,0,0
51.16,16,5912,US,0,0,5,123.18,0.42,0,0,0,0
30.45,16,5411,US,0,2,6,74.36,0.41,0,0,0,0
52.32,14,5732,US,0,1,4,144.36,0.36,0,0,1,0
32.87,14,5541,US,0,2,8,94.72,0.35,0,0,0,0
2649.02,21,5944,CY,2,6,12,53.11,49.88,1,0,1,1
192.4,18,5814,US,0,0,1,138.41,1.39,0,0,0,0
25.15,9,5411,US,0,2,6,54.42,0.46,0,0,0,0
16.07,11,5311,US,0,0,2,60.23,0.27,0,0,0,0
36.98,18,5732,US,0,0,2,54.75,0.68,0,0,1,0
2516.13,3,5732,NG,1,4,10,69.67,36.11,1,1,1,1
274.62,21,5812,US,0,3,4,107.25,2.56,0,0,0,0
41.67,16,5541,US,0,1,4,72.66,0.57,0,0,0,0
142.31,16,5541,US,0,1,3,85.04,1.67,0,0,0,0
20.25,11,5814,US,0,0,3,81.75,0.25,0,0,0,0
149.69,9,4121,US,0,0,2,136.09,1.1,0,0,0,0
65.66,12,5732,US,0,0,1,85.99,0.76,0,0,1,0
62.81,11,5732,US,0,1,3,53.15,1.18,0,0,1,0
93.55,10,5311,US,0,1,4,119.98,0.78,0,0,0,0
70.75,14,5812,US,1,1,5,127.12,0.56,0,0,0,0
29.67,19,5812,US,0,1,2,114.02,0.26,0,0,0,0
280.05,8,5812,US,3,3,5,52.16,5.37,0,0,0,0
30.22,19,5912,US,0,1,4,107.27,0.28,0,0,0,0
19.98,10,5311,US,0,0,0,111.79,0.18,0,0,0,0
9.78,11,5814,US,0,0,6,95.86,0.1,0,0,0,0
67.36,16,4121,US,0,1,3,74.25,0.91,0,0,0,0
19.25,16,5912,US,0,1,2,125.91,0.15,0,0,0,0
20.09,16,5541,US,1,1,4,91.33,0.22,0,0,0,0
26.08,7,5411,GB,0,0,2,119.16,0.22,1,0,0,0
52.9,15,5541,US,0,0,3,83.42,0.63,0,0,0,0
66.89,10,5541,US,0,1,2,98.27,0.68,0,0,0,0
31.62,11,5812,US,0,0,2,103.51,0.31,0,0,0,0
85.88,11,5541,US,0,0,0,77.11,1.11,0,0,0,0
167.83,11,5411,US,2,3,7,60.26,2.79,0,0,0,0
143.61,14,5912,US,0,1,5,135.22,1.06,0,0,0,0
165.7,7,5814,US,0,1,3,76.23,2.17,0,0,0,0
15.42,8,5912,US,0,1,5,103.57,0.15,0,0,0,0
66.52,12,5812,US,0,1,8,51.61,1.29,0,0,0,0
9.23,14,5541,US,2,2,5,54.81,0.17,0,0,0,0
13.15,9,5311,US,0,0,3,95.86,0.14,0,0,0,0
36.3,9,4121,US,0,3,5,137.08,0.26,0,0,0,0
228.27,23,5814,US,0,1,5,85.07,2.68,0,0,0,0
10.35,11,5541,US,0,0,3,97.4,0.11,0,0,0,0
24.22,18,5812,US,0,3,5,138.46,0.17,0,0,0,0
18.27,16,5912,US,0,1,3,53.07,0.34,0,0,0,0
23.62,9,4121,US,0,2,5,128.51,0.18,0,0,0,0
12.87,17,5732,US,0,1,6,144.02,0.09,0,0,1,0
201.66,10,4121,US,0,3,8,61.05,3.3,0,0,0,0
160.82,14,5812,US,0,0,2,132.11,1.22,0,0,0,0
34.34,12,5912,US,0,0,2,132.36,0.26,0,0,0,0
45.66,14,5814,US,0,0,1,121.97,0.37,0,0,0,0
146.89,18,5732,US,0,0,1,121.57,1.21,0,0,1,0
357.87,14,5812,US,0,1,3,70.75,5.06,0,0,0,0
8738.63,1,5944,RO,2,2,4,48.52,180.1,1,1,1,1
30.44,12,5311,US,0,4,7,112.38,0.27,0,0,0,0
27.71,15,5732,US,0,0,4,138.9,0.2,0,0,1,0
48.79,7,5912,US,0,1,4,145.23,0.34,0,0,0,0
33.1,19,5541,US,1,1,6,108.83,0.3,0,0,0,0
10.71,12,5814,US,0,0,2,79.47,0.13,0,0,0,0
15.99,12,4121,US,0,1,3,73.02,0.22,0,0,0,0
35.28,11,5311,US,0,2,2,62.99,0.56,0,0,0,0
120.37,11,5912,US,0,2,2,69.28,1.74,0,0,0,0
74.41,8,5732,US,1,2,2,74.35,1.0,0,0,1,0
47.43,7,5541,US,0,0,5,79.44,0.6,0,0,0,0
60.47,9,5814,US,0,0,3,86.92,0.7,0,0,0,0
75.2,9,5732,US,0,1,2,69.16,1.09,0,0,1,0
77.21,17,5411,FR,0,0,3,64.18,1.2,1,0,0,0
130.57,9,5541,US,0,0,3,142.75,0.91,0,0,0,0
33.41,18,5814,US,0,0,4,52.12,0.64,0,0,0,0
18.84,17,5541,US,0,0,3,119.78,0.16,0,0,0,0
12.12,16,5912,US,0,0,5,103.27,0.12,0,0,0,0
58.84,11,4121,US,1,2,9,135.4,0.43,0,0,0,0
41.73,13,5732,DE,0,0,1,63.33,0.66,1,0,1,0
59.43,15,5812,US,0,0,1,65.89,0.9,0,0,0,0
24.73,10,5814,US,0,1,5,73.66,0.34,0,0,0,0
107.95,13,5732,US,0,0,5,117.83,0.92,0,0,1,0
6.2,11,5814,US,0,0,3,114.35,0.05,0,0,0,0
395.44,18,5541,JP,1,3,4,85.61,4.62,1,0,0,0
22.17,11,4121,US,1,1,3,73.5,0.3,0,0,0,0
63.89,14,5812,US,0,1,6,75.32,0.85,0,0,0,0
46.23,12,5311,US,0,0,2,132.49,0.35,0,0,0,0
48.16,15,5912,US,0,1,4,94.61,0.51,0,0,0,0
51.51,12,4121,US,0,0,5,75.79,0.68,0,0,0,0
191.39,20,5411,US,1,3,4,80.06,2.39,0,0,0,0
1.12,21,5311,US,13,25,33,49.32,0.02,0,0,0,1
267.78,20,5732,US,0,1,3,102.51,2.61,0,0,1,0
63.71,15,5732,US,0,0,0,129.67,0.49,0,0,1,0
25.71,12,5732,US,0,0,3,110.13,0.23,0,0,1,0
21.11,7,5814,US,1,2,5,94.74,0.22,0,0,0,0
23.0,16,5541,US,0,0,4,74.98,0.31,0,0,0,0
23.48,14,5912,US,0,0,5,105.53,0.22,0,0,0,0
32.7,11,5311,US,0,1,4,144.54,0.23,0,0,0,0
69.77,18,5812,US,0,0,0,106.0,0.66,0,0,0,0
5.56,14,4121,US,0,2,4,73.11,0.08,0,0,0,0
41.88,12,5732,US,0,1,5,139.55,0.3,0,0,1,0
30.17,13,5912,US,0,0,3,78.93,0.38,0,0,0,0
20.56,13,5732,US,0,0,3,92.78,0.22,0,0,1,0
55.26,14,5541,US,0,2,8,50.19,1.1,0,0,0,0
55.89,6,5812,US,0,0,2,50.35,1.11,0,0,0,0
33.07,19,5814,US,1,1,5,145.04,0.23,0,0,0,0
134.46,6,5541,US,1,1,2,139.17,0.97,0,0,0,0
80.33,13,5541,US,0,0,4,145.11,0.55,0,0,0,0
22.57,7,5541,US,0,1,5,66.22,0.34,0,0,0,0
102.63,20,5541,US,0,0,3,113.78,0.9,0,0,0,0
21.69,15,5411,US,1,2,3,78.88,0.27,0,0,0,0
16.14,14,5912,US,0,0,2,110.15,0.15,0,0,0,0
83.45,19,5814,US,1,3,8,148.01,0.56,0,0,0,0
36.05,18,5311,US,0,2,4,96.54,0.37,0,0,0,0
64.0,18,5732,US,0,1,3,79.56,0.8,0,0,1,0
28.19,22,5814,US,0,1,6,136.36,0.21,0,0,0,0
222.5,14,5912,US,0,0,1,83.67,2.66,0,0,0,0
13.79,9,4121,US,0,0,6,70.67,0.2,0,0,0,0
85.93,19,5912,US,0,1,5,67.54,1.27,0,0,0,0
27.88,9,5812,US,0,0,3,52.98,0.53,0,0,0,0
32.43,10,5732,US,0,0,3,126.87,0.26,0,0,1,0
259.55,19,5812,US,0,0,2,143.59,1.81,0,0,0,0
64.61,6,4121,US,0,1,5,96.67,0.67,0,0,0,0
198.75,18,5912,US,0,1,4,149.26,1.33,0,0,0,0
6.9,14,5814,US,1,1,3,59.61,0.12,0,0,0,0
196.47,15,4121,US,1,1,2,69.52,2.83,0,0,0,0
27.45,15,5541,US,0,1,3,80.86,0.34,0,0,0,0
151.85,14,5541,US,0,1,3,133.39,1.14,0,0,0,0
44.9,16,5814,US,1,1,4,116.16,0.39,0,0,0,0
53.3,20,5541,US,0,0,3,83.23,0.64,0,0,0,0
74.06,16,5311,US,1,2,3,92.98,0.8,0,0,0,0
62.02,12,5814,US,0,1,4,82.81,0.75,0,0,0,0
50.96,14,5912,US,0,1,4,80.32,0.63,0,0,0,0
42.84,10,5812,US,0,0,0,124.88,0.34,0,0,0,0
75.2,13,5541,US,0,0,2,97.42,0.77,0,0,0,0
93.98,11,5541,US,0,1,5,95.69,0.98,0,0,0,0
84.98,18,5541,US,0,0,2,115.42,0.74,0,0,0,0
43.64,20,5732,US,0,2,3,136.85,0.32,0,0,1,0
39.39,7,5732,US,0,1,2,142.71,0.28,0,0,1,0
36.97,18,5411,US,0,0,1,80.28,0.46,0,0,0,0
84.25,10,4121,US,0,1,1,71.87,1.17,0,0,0,0
20.88,14,5912,US,1,1,6,148.98,0.14,0,0,0,0
48.27,12,5541,US,0,0,0,62.17,0.78,0,0,0,0
119.77,17,4121,US,0,2,4,62.92,1.9,0,0,0,0
124.9,11,4121,US,0,1,5,76.64,1.63,0,0,0,0
46.66,13,5732,US,0,1,1,86.29,0.54,0,0,1,0
12.66,15,5411,US,0,1,3,94.64,0.13,0,0,0,0
104.3,16,5411,US,0,1,5,149.54,0.7,0,0,0,0
39.99,15,5732,US,0,0,3,107.78,0.37,0,0,1,0
80.53,9,5541,US,1,1,2,50.56,1.59,0,0,0,0
50.74,17,5311,US,0,0,4,114.15,0.44,0,0,0,0
62.56,6,5814,US,0,1,3,94.95,0.66,0,0,0,0
41.72,16,5541,US,0,1,4,66.4,0.63,0,0,0,0
26.74,16,5732,US,0,2,4,84.06,0.32,0,0,1,0
13.48,8,5912,US,0,2,3,141.88,0.1,0,0,0,0
684.21,8,5732,RO,5,10,40,82.9,8.25,1,0,1,1
38.37,10,5812,US,0,2,2,85.42,0.45,0,0,0,0
36.05,14,5311,US,0,1,2,141.55,0.25,0,0,0,0
195.74,11,4121,US,0,1,3,144.2,1.36,0,0,0,0
19.96,6,5732,US,0,1,4,125.01,0.16,0,0,1,0
20.13,3,5732,US,0,1,3,54.72,0.37,0,1,1,0
34.46,16,5814,US,0,2,9,113.31,0.3,0,0,0,0
53.08,14,5311,US,1,2,4,142.32,0.37,0,0,0,0
59.46,8,5732,US,1,2,4,118.63,0.5,0,0,1,0
11.35,18,5912,US,0,1,4,119.77,0.09,0,0,0,0
8.73,14,5912,US,1,1,3,100.7,0.09,0,0,0,0
51.01,22,4121,US,0,2,5,97.44,0.52,0,0,0,0
7.31,16,5912,US,0,1,5,113.53,0.06,0,0,0,0
48.94,12,5541,US,0,1,3,102.26,0.48,0,0,0,0
19.06,16,5411,US,0,1,5,148.49,0.13,0,0,0,0
128.67,11,5814,US,0,0,3,119.67,1.08,0,0,0,0
128.31,22,5912,US,0,1,3,108.71,1.18,0,0,0,0
178.66,14,5912,US,0,1,2,51.45,3.47,0,0,0,0
166.9,9,5732,US,0,0,2,76.74,2.17,0,0,1,0
885.35,10,4829,GB,9,9,17,91.84,9.64,1,0,1,1
12.65,17,4121,US,0,1,6,148.25,0.09,0,0,0,0
47.06,5,5732,US,0,1,3,83.59,0.56,0,1,1,0
44.89,23,5411,US,0,0,5,102.75,0.44,0,0,0,0
192.79,13,5814,US,0,0,1,119.77,1.61,0,0,0,0
4.28,8,5311,US,0,1,9,58.71,0.07,0,0,0,0
10.11,1,5912,US,0,1,2,55.34,0.18,0,1,0,0
8.5,12,4121,US,0,0,1,84.19,0.1,0,0,0,0
27.77,13,4121,US,0,1,3,106.06,0.26,0,0,0,0
43.72,13,5311,US,0,0,3,121.18,0.36,0,0,0,0
13.88,13,5411,US,0,0,3,58.45,0.24,0,0,0,0
5.23,17,5541,US,0,0,3,64.36,0.08,0,0,0,0
44.26,16,5812,US,0,1,7,122.39,0.36,0,0,0,0
39.97,11,5411,US,1,6,11,79.41,0.5,0,0,0,0
12.91,13,5814,US,0,2,6,66.86,0.19,0,0,0,0
65.63,21,4121,US,0,1,4,119.26,0.55,0,0,0,0
12.04,17,5411,US,0,0,5,73.06,0.16,0,0,0,0
89.74,16,5411,US,0,2,4,125.18,0.72,0,0,0,0
21.76,14,5311,US,0,1,1,58.79,0.37,0,0,0,0
224.45,23,5541,US,0,1,4,124.76,1.8,0,0,0,0
240.75,14,5732,US,0,0,0,139.98,1.72,0,0,1,0
12.76,18,5541,US,0,1,5,59.29,0.22,0,0,0,0
10.97,16,5814,US,0,0,1,119.74,0.09,0,0,0,0
40.73,17,5732,US,0,0,4,52.74,0.77,0,0,1,0
156.63,16,5814,US,0,0,4,63.78,2.46,0,0,0,0
23.63,9,5912,US,0,2,3,142.03,0.17,0,0,0,0
50.92,14,4121,US,0,0,1,128.15,0.4,0,0,0,0
42.21,13,5912,US,0,3,6,137.86,0.31,0,0,0,0
28.52,13,5814,US,0,0,2,52.38,0.54,0,0,0,0
29.64,17,5541,US,0,1,5,75.58,0.39,0,0,0,0
27.31,12,5812,US,0,1,5,70.01,0.39,0,0,0,0
38.64,11,5541,US,0,1,3,121.27,0.32,0,0,0,0
40.49,15,5812,US,0,3,5,90.59,0.45,0,0,0,0
60.49,17,5732,US,0,0,2,85.88,0.7,0,0,1,0
16.22,6,5812,US,0,0,2,58.78,0.28,0,0,0,0
11.64,5,5311,US,0,0,3,66.46,0.18,0,1,0,0
65.96,16,4121,US,1,1,3,84.6,0.78,0,0,0,0
30.59,12,5541,US,0,1,3,111.25,0.27,0,0,0,0
24.61,18,4121,US,0,1,2,97.99,0.25,0,0,0,0
98.72,7,5541,US,0,2,5,116.74,0.85,0,0,0,0
104.25,17,4121,US,0,0,1,60.79,1.71,0,0,0,0
4.67,8,4121,US,0,0,3,146.33,0.03,0,0,0,0
115.94,18,5814,US,0,1,4,117.26,0.99,0,0,0,0
18.59,11,5814,US,0,1,3,143.13,0.13,0,0,0,0
71.38,17,5411,US,0,0,3,88.36,0.81,0,0,0,0
83.81,12,5311,US,0,0,0,71.02,1.18,0,0,0,0
26.36,15,4121,US,0,0,4,92.0,0.29,0,0,0,0
84.18,16,4121,JP,1,2,4,62.57,1.35,1,0,0,0
110.05,9,5812,US,0,0,1,55.05,2.0,0,0,0,0
84.23,4,5912,US,0,0,3,137.84,0.61,0,1,0,0
62.93,12,5732,US,0,2,3,128.1,0.49,0,0,1,0
2355.63,5,6051,US,2,2,9,62.25,37.84,0,1,1,1
109.59,11,5812,US,0,0,2,112.92,0.97,0,0,0,0
130.55,11,5541,US,0,0,3,145.32,0.9,0,0,0,0
84.51,18,5311,US,0,1,6,97.22,0.87,0,0,0,0
19.0,13,5912,US,0,0,2,110.14,0.17,0,0,0,0
49.25,21,5732,US,0,0,3,142.87,0.34,0,0,1,0
47.83,17,5311,US,1,4,5,85.7,0.56,0,0,0,0
21.04,7,5541,US,0,1,5,138.85,0.15,0,0,0,0
7305.98,3,5944,RU,3,3,10,40.09,182.24,1,1,1,1
8.07,15,5732,US,0,2,3,77.3,0.1,0,0,1,0
41.82,13,5311,US,0,1,5,88.37,0.47,0,0,0,0
57.67,17,5311,US,0,2,7,78.95,0.73,0,0,0,0
15.27,14,5411,US,0,0,3,78.02,0.2,0,0,0,0
25.37,18,5411,US,0,3,6,95.77,0.26,0,0,0,0
39.6,9,4121,US,0,1,4,88.51,0.45,0,0,0,0
32.33,7,4121,US,0,1,1,135.93,0.24,0,0,0,0
14.46,14,5812,US,1,3,5,136.66,0.11,0,0,0,0
74.77,13,5732,US,0,0,3,93.98,0.8,0,0,1,0
8.09,13,5311,GB,0,0,3,137.54,0.06,1,0,0,0
1.35,17,5311,UA,8,16,23,96.72,0.01,1,0,0,1
88.31,22,5912,CA,2,3,3,92.96,0.95,1,0,0,0
107.24,9,5912,US,2,3,5,87.84,1.22,0,0,0,0
3.11,7,5311,US,5,12,24,52.8,0.06,0,0,0,1
14.39,12,5812,US,0,0,3,146.5,0.1,0,0,0,0
1.41,2,5311,NG,6,15,28,69.49,0.02,1,1,0,1
20.0,12,5411,US,0,2,4,148.31,0.13,0,0,0,0
33.78,14,5411,US,0,1,3,119.01,0.28,0,0,0,0
206.34,18,5311,US,0,0,3,141.29,1.46,0,0,0,0
13.5,20,5311,US,0,4,7,57.97,0.23,0,0,0,0
25.03,16,4121,US,1,3,6,77.01,0.33,0,0,0,0
8.24,12,5411,US,0,1,5,144.68,0.06,0,0,0,0
63.61,15,5732,US,0,0,2,69.48,0.92,0,0,1,0
1.41,0,5311,UA,14,12,45,43.65,0.03,1,1,0,1
78.85,13,5812,US,0,0,6,67.97,1.16,0,0,0,0
12.27,14,5541,US,0,1,3,131.41,0.09,0,0,0,0
7.73,14,5541,US,0,1,3,96.63,0.08,0,0,0,0
33.22,16,4121,US,0,0,3,92.09,0.36,0,0,0,0
69.75,20,5311,US,1,2,3,84.37,0.83,0,0,0,0
12.82,20,5411,US,0,0,4,117.03,0.11,0,0,0,0
33.49,13,5411,US,0,1,2,139.21,0.24,0,0,0,0
38.0,9,5814,US,0,2,4,70.45,0.54,0,0,0,0
143.22,16,5812,US,0,2,4,81.8,1.75,0,0,0,0
110.92,17,5812,US,0,0,4,87.41,1.27,0,0,0,0
14.67,13,5814,US,0,1,8,64.44,0.23,0,0,0,0
78.43,11,5541,US,0,4,8,85.81,0.91,0,0,0,0
18.45,16,5732,US,0,1,4,96.43,0.19,0,0,1,0
57.96,12,5814,US,0,0,2,101.05,0.57,0,0,0,0
20.22,16,5541,US,1,1,4,54.6,0.37,0,0,0,0
25.41,16,5541,US,0,2,5,53.24,0.48,0,0,0,0
125.36,14,5812,US,0,1,2,81.82,1.53,0,0,0,0
63.28,14,5311,US,0,2,5,85.89,0.74,0,0,0,0
63.79,16,5311,US,0,0,2,133.2,0.48,0,0,0,0
196.34,4,5411,FR,0,0,2,120.54,1.63,1,1,0,0
19.77,15,5912,US,0,0,3,58.68,0.34,0,0,0,0
6.27,15,5912,US,1,1,4,60.03,0.1,0,0,0,0
76.34,20,5814,US,0,0,2,63.49,1.2,0,0,0,0
4157.01,3,6051,RO,2,5,5,47.05,88.35,1,1,1,1
17.74,17,4121,US,0,2,4,103.26,0.17,0,0,0,0
21.9,10,4121,US,1,1,3,103.5,0.21,0,0,0,0
79.63,12,5541,US,1,3,8,129.67,0.61,0,0,0,0
56.4,10,5411,US,0,0,3,78.93,0.71,0,0,0,0
41.47,12,5732,US,0,1,4,74.25,0.56,0,0,1,0
73.93,15,5912,US,0,0,3,143.34,0.52,0,0,0,0
120.63,19,5912,US,0,0,2,81.99,1.47,0,0,0,0
211.6,16,5812,US,0,0,0,103.43,2.05,0,0,0,0
30.81,16,5812,US,0,0,2,51.91,0.59,0,0,0,0
64.97,13,5541,US,0,0,3,93.6,0.69,0,0,0,0
17.52,17,5311,US,0,2,3,59.16,0.3,0,0,0,0
30.52,9,5814,US,0,0,3,117.43,0.26,0,0,0,0
92.84,16,5311,US,0,0,4,102.74,0.9,0,0,0,0
37.01,13,5311,US,0,0,2,84.36,0.44,0,0,0,0
15.68,10,5912,US,0,1,4,122.81,0.13,0,0,0,0
45.78,12,5912,US,0,1,4,69.47,0.66,0,0,0,0
56.04,15,5814,US,0,2,5,91.01,0.62,0,0,0,0
135.47,3,5732,US,1,1,1,65.56,2.07,0,1,1,0
177.96,17,5411,US,1,1,7,122.56,1.45,0,0,0,0
25.52,13,5812,US,0,0,4,69.35,0.37,0,0,0,0
30.37,12,5411,US,0,0,1,60.59,0.5,0,0,0,0
1.91,22,5311,US,14,20,41,79.74,0.02,0,0,0,1
126.86,15,5812,US,0,0,0,120.16,1.06,0,0,0,0
91.75,21,5411,US,2,3,5,149.62,0.61,0,0,0,0
61.27,16,5732,US,1,2,2,61.55,1.0,0,0,1,0
29.96,11,5541,US,0,1,3,51.11,0.59,0,0,0,0
58.83,6,4121,US,0,2,3,104.77,0.56,0,0,0,0
30.63,9,5311,US,0,3,4,50.21,0.61,0,0,0,0
31.41,14,5732,US,1,1,2,143.79,0.22,0,0,1,0
67.42,23,5311,US,0,0,1,72.97,0.92,0,0,0,0
59.31,18,5311,US,0,1,5,105.44,0.56,0,0,0,0
18.71,7,5814,US,0,0,3,68.58,0.27,0,0,0,0
691.81,1,5732,NG,3,3,6,79.22,8.73,1,1,1,1
11.22,16,5311,US,0,0,1,70.67,0.16,0,0,0,0
87.45,19,4121,US,0,1,2,54.04,1.62,0,0,0,0
73.94,19,5732,JP,0,1,4,126.23,0.59,1,0,1,0
42.03,15,4121,US,0,2,2,85.38,0.49,0,0,0,0
23.86,0,5541,JP,0,1,1,114.64,0.21,1,1,0,0
16.38,20,5812,US,0,0,2,149.28,0.11,0,0,0,0
57.35,23,5541,US,3,3,4,123.3,0.47,0,0,0,0
100.62,18,5411,US,1,2,6,126.8,0.79,0,0,0,0
41.13,15,5411,US,1,3,4,107.27,0.38,0,0,0,0
79.84,11,5912,US,1,1,3,52.24,1.53,0,0,0,0
10.24,5,5812,US,0,0,0,88.25,0.12,0,1,0,0
166.34,10,5541,US,0,0,3,139.29,1.19,0,0,0,0
22.4,18,4121,US,0,0,3,95.37,0.23,0,0,0,0
11.95,16,4121,US,0,0,3,130.55,0.09,0,0,0,0
53.18,20,5814,US,0,0,2,89.53,0.59,0,0,0,0
82.71,13,5812,US,0,1,3,62.2,1.33,0,0,0,0
7.22,14,5311,US,0,0,2,131.33,0.05,0,0,0,0
2345.05,19,5944,CY,4,4,12,86.2,27.2,1,0,1,1
8.27,16,5814,US,1,3,4,50.96,0.16,0,0,0,0
36.43,17,5311,US,0,2,7,97.01,0.38,0,0,0,0
36.57,14,5812,US,0,0,1,67.18,0.54,0,0,0,0
155.42,18,5311,US,0,1,5,54.12,2.87,0,0,0,0
89.91,9,5812,US,0,0,4,139.8,0.64,0,0,0,0
88.96,20,5311,US,1,3,4,73.02,1.22,0,0,0,0
44.49,17,5812,US,0,0,2,93.32,0.48,0,0,0,0
143.77,4,5812,US,0,2,4,144.68,0.99,0,1,0,0
27.96,9,4121,DE,0,2,5,75.37,0.37,1,0,0,0
36.07,17,4121,US,0,0,0,97.95,0.37,0,0,0,0
34.11,14,5311,US,0,0,2,124.16,0.27,0,0,0,0
118.61,19,5912,US,0,0,4,74.3,1.6,0,0,0,0
68.53,17,5732,US,0,0,2,97.65,0.7,0,0,1,0
54.64,18,5912,US,0,0,2,78.23,0.7,0,0,0,0
11.0,19,5812,US,0,3,5,95.69,0.11,0,0,0,0
17.98,15,5411,US,0,0,2,52.51,0.34,0,0,0,0
313.02,13,5912,US,0,0,1,94.88,3.3,0,0,0,0
14.72,10,5732,US,0,1,4,102.97,0.14,0,0,1,0
89.58,8,5311,US,0,1,4,114.02,0.79,0,0,0,0
105.0,12,5311,US,1,4,7,97.66,1.08,0,0,0,0
125.41,14,4121,US,0,1,2,67.68,1.85,0,0,0,0
35.42,18,5814,US,0,0,2,56.97,0.62,0,0,0,0
26.61,13,5311,US,1,2,5,120.31,0.22,0,0,0,0
14.1,12,4121,GB,0,3,5,59.74,0.24,1,0,0,0
44.01,17,5814,US,0,2,7,122.58,0.36,0,0,0,0
26.38,9,5411,US,0,1,5,119.76,0.22,0,0,0,0
371.2,15,5411,US,0,0,3,83.86,4.43,0,0,0,0
25.27,15,5814,US,0,2,4,110.85,0.23,0,0,0,0
42.17,11,4121,US,0,0,1,62.66,0.67,0,0,0,0
78.08,17,5311,US,0,0,5,61.19,1.28,0,0,0,0
112.52,13,5311,GB,0,1,2,146.44,0.77,1,0,0,0
229.74,18,5311,US,0,0,2,50.87,4.52,0,0,0,0
22.42,17,5814,US,2,4,7,97.47,0.23,0,0,0,0
54.64,11,5541,US,0,2,5,108.7,0.5,0,0,0,0
43.72,17,5814,US,0,0,1,105.18,0.42,0,0,0,0
41.81,18,5812,US,0,0,0,78.28,0.53,0,0,0,0
43.11,18,5411,US,0,1,2,102.33,0.42,0,0,0,0
152.26,11,5411,US,1,5,7,101.36,1.5,0,0,0,0
12.7,16,5541,US,0,0,2,72.55,0.18,0,0,0,0
17.69,7,5812,US,0,0,8,52.54,0.34,0,0,0,0
70.3,17,5732,US,0,0,3,147.44,0.48,0,0,1,0
44.49,18,5411,US,0,0,1,66.44,0.67,0,0,0,0
22.41,12,5812,FR,0,0,2,57.2,0.39,1,0,0,0
76.44,10,5732,US,0,0,2,145.37,0.53,0,0,1,0
39.13,20,5411,US,0,0,0,95.73,0.41,0,0,0,0
23.45,17,5311,US,2,3,5,87.2,0.27,0,0,0,0
215.49,14,5812,US,0,0,4,115.25,1.87,0,0,0,0
36.72,17,5541,US,0,2,4,100.14,0.37,0,0,0,0
46.49,12,5732,US,0,1,6,69.69,0.67,0,0,1,0
6.59,19,4121,US,0,1,5,102.94,0.06,0,0,0,0
684.97,11,7995,US,9,19,29,48.38,14.16,0,0,1,1
64.52,9,5732,US,0,1,5,116.79,0.55,0,0,1,0
18.25,15,5311,US,0,0,4,125.14,0.15,0,0,0,0
151.63,20,5411,US,1,1,5,110.54,1.37,0,0,0,0
166.69,20,5912,US,1,1,2,119.48,1.4,0,0,0,0
57.33,8,4121,US,0,2,3,57.05,1.0,0,0,0,0
83.91,12,5732,US,1,2,5,78.39,1.07,0,0,1,0
22.54,16,5812,US,0,2,5,146.42,0.15,0,0,0,0
27.35,13,5732,US,0,0,1,91.02,0.3,0,0,1,0
14.93,21,4121,US,0,0,0,54.3,0.27,0,0,0,0
92.38,15,5812,US,0,1,2,146.15,0.63,0,0,0,0
97.35,15,4121,US,0,0,4,68.1,1.43,0,0,0,0
97.69,13,5541,US,0,2,2,112.71,0.87,0,0,0,0
27.45,10,5732,US,0,1,6,107.94,0.25,0,0,1,0
23.44,16,5541,US,1,1,1,142.42,0.16,0,0,0,0
67.86,10,5411,US,0,1,5,64.94,1.04,0,0,0,0
3489.1,7,4829,RU,1,2,6,43.9,79.48,1,0,1,1
66.41,11,4121,US,0,1,8,142.74,0.47,0,0,0,0
3.56,17,5912,US,0,0,3,79.54,0.04,0,0,0,0
24.11,8,5732,US,0,0,4,68.46,0.35,0,0,1,0
38.82,6,5541,US,0,2,3,77.66,0.5,0,0,0,0
94.37,16,5311,US,1,4,6,146.77,0.64,0,0,0,0
18.92,11,5814,US,0,2,5,114.35,0.17,0,0,0,0
72.07,14,5814,US,1,1,4,50.22,1.44,0,0,0,0
44.55,18,4121,CA,0,0,3,97.41,0.46,1,0,0,0
23.6,7,4121,US,0,0,1,101.16,0.23,0,0,0,0
59.82,17,5732,US,0,0,3,145.1,0.41,0,0,1,0
151.71,7,5411,US,0,2,4,58.54,2.59,0,0,0,0
40.41,18,5411,US,1,1,1,123.72,0.33,0,0,0,0
21.93,19,5912,US,0,3,7,68.01,0.32,0,0,0,0
37.49,15,4121,US,0,0,2,68.73,0.55,0,0,0,0
220.7,15,5912,US,0,0,2,65.38,3.38,0,0,0,0
25.59,12,5812,US,1,2,7,147.52,0.17,0,0,0,0
44.75,16,4121,US,0,2,7,102.13,0.44,0,0,0,0
820.81,4,6051,RU,4,5,8,47.79,17.18,1,1,1,1
55.13,10,5812,US,0,1,6,73.95,0.75,0,0,0,0
37.91,19,5732,US,0,3,3,105.29,0.36,0,0,1,0
6.33,19,5732,US,0,1,2,115.31,0.05,0,0,1,0
53.49,15,5814,US,0,1,3,75.62,0.71,0,0,0,0
154.26,14,5732,US,0,0,3,80.66,1.91,0,0,1,0
44.1,12,4121,US,0,3,7,64.3,0.69,0,0,0,0
103.75,14,5912,US,0,0,0,143.98,0.72,0,0,0,0
58.62,10,4121,US,0,0,3,119.11,0.49,0,0,0,0
18.62,14,5912,US,0,0,1,76.76,0.24,0,0,0,0
31.09,10,5812,US,0,2,4,51.44,0.6,0,0,0,0
92.67,19,4121,US,1,1,3,148.06,0.63,0,0,0,0
111.32,11,5541,US,0,2,5,146.49,0.76,0,0,0,0
8744.69,2,6051,CY,1,5,10,74.36,117.6,1,1,1,1
29.43,15,5541,US,0,1,3,66.94,0.44,0,0,0,0
22.15,17,5912,US,1,1,5,52.24,0.42,0,0,0,0
91.8,12,4121,US,1,1,2,106.57,0.86,0,0,0,0
29.16,16,5732,US,0,0,4,106.55,0.27,0,0,1,0
281.02,9,5912,US,0,2,2,98.43,2.86,0,0,0,0
23.73,16,5311,US,0,1,3,127.86,0.19,0,0,0,0
12.63,8,5912,US,0,2,5,75.66,0.17,0,0,0,0
8540.01,4,6051,CN,2,5,5,80.35,106.29,1,1,1,1
151.59,12,5812,US,0,0,4,106.07,1.43,0,0,0,0
115.17,10,5812,US,0,0,3,90.02,1.28,0,0,0,0
37.78,12,5814,US,0,0,2,142.17,0.27,0,0,0,0
64.25,12,5311,US,0,2,6,91.35,0.7,0,0,0,0
24.29,10,5541,US,1,2,6,114.55,0.21,0,0,0,0
6.7,11,5311,US,0,0,0,103.1,0.06,0,0,0,0
16.2,14,5541,US,0,1,4,115.64,0.14,0,0,0,0
16.12,15,5812,US,0,1,3,84.36,0.19,0,0,0,0
245.19,22,5812,US,0,1,3,133.12,1.84,0,0,0,0
21.74,20,5541,US,0,0,1,75.82,0.29,0,0,0,0
11.36,12,4121,US,0,0,3,128.74,0.09,0,0,0,0
113.54,9,5814,US,0,0,2,64.55,1.76,0,0,0,0
3218.72,11,6051,CN,2,3,7,83.54,38.53,1,0,1,1
35.11,13,5732,US,0,1,3,95.88,0.37,0,0,1,0
31.37,16,5812,US,0,1,3,128.97,0.24,0,0,0,0
7.55,12,5411,US,0,1,6,121.68,0.06,0,0,0,0
26.43,15,5912,US,0,0,2,110.81,0.24,0,0,0,0
32.87,16,5541,US,1,2,8,92.25,0.36,0,0,0,0
14.93,15,5541,US,0,1,2,122.53,0.12,0,0,0,0
2047.56,0,5732,NG,2,5,9,60.82,33.67,1,1,1,1
754.12,6,7995,CN,4,8,7,82.35,9.16,1,0,1,1
42.23,13,5814,DE,0,1,1,90.23,0.47,1,0,0,0
44.87,18,5812,US,1,1,3,98.09,0.46,0,0,0,0
4931.33,0,6051,RU,2,5,5,67.09,73.5,1,1,1,1
20.08,12,5732,US,0,1,2,108.81,0.18,0,0,1,0
21.6,15,5541,US,0,1,5,105.6,0.2,0,0,0,0
31.74,17,4121,US,0,1,1,97.43,0.33,0,0,0,0
36.65,12,5812,US,0,2,5,123.21,0.3,0,0,0,0
29.31,11,5732,US,0,1,6,63.3,0.46,0,0,1,0
44.41,11,5311,US,0,1,1,86.27,0.51,0,0,0,0
85.81,18,5732,US,0,0,3,140.68,0.61,0,0,1,0
3.24,16,5912,US,1,2,3,125.21,0.03,0,0,0,0
30.65,12,5732,US,0,1,2,110.02,0.28,0,0,1,0
41.44,11,5541,US,0,1,4,134.68,0.31,0,0,0,0
22.22,16,5311,US,0,1,2,63.44,0.35,0,0,0,0
35.92,14,5411,US,0,0,0,101.49,0.35,0,0,0,0
98.87,10,5311,US,3,6,6,126.84,0.78,0,0,0,0
23.64,10,5541,US,0,1,4,83.86,0.28,0,0,0,0
46.94,8,5814,US,1,3,6,88.88,0.53,0,0,0,0
15.33,13,5541,US,0,2,5,104.54,0.15,0,0,0,0
42.53,13,5311,US,0,0,0,135.59,0.31,0,0,0,0
25.79,16,5732,US,0,0,3,77.91,0.33,0,0,1,0
24.41,13,5732,US,0,1,1,87.74,0.28,0,0,1,0
26.86,11,4121,US,0,0,4,133.94,0.2,0,0,0,0
131.02,16,5812,US,0,1,3,148.57,0.88,0,0,0,0
44.25,16,5912,US,0,1,4,96.39,0.46,0,0,0,0
51.16,2,5812,US,0,0,3,134.87,0.38,0,1,0,0
29.04,18,5541,US,2,2,4,144.58,0.2,0,0,0,0
51.54,12,5311,US,0,1,1,79.13,0.65,0,0,0,0
25.62,13,5541,US,0,1,3,106.17,0.24,0,0,0,0
17.86,10,5541,US,1,1,4,118.77,0.15,0,0,0,0
61.0,10,4121,CA,0,2,6,91.39,0.67,1,0,0,0
60.52,16,4121,US,0,0,3,89.16,0.68,0,0,0,0
144.86,13,5411,US,0,1,7,94.35,1.54,0,0,0,0
64.54,14,5411,US,0,2,4,62.26,1.04,0,0,0,0
10.04,15,5541,US,0,1,4,57.72,0.17,0,0,0,0
51.62,18,5812,US,1,1,2,132.24,0.39,0,0,0,0
101.65,23,5311,US,0,1,6,72.53,1.4,0,0,0,0
21.89,8,5912,US,0,2,2,50.34,0.43,0,0,0,0
81.91,14,5732,US,0,2,2,61.3,1.34,0,0,1,0
59.15,6,5912,US,0,1,2,143.96,0.41,0,0,0,0
37.68,18,5732,US,0,1,2,87.65,0.43,0,0,1,0
65.44,7,5311,US,0,1,3,60.79,1.08,0,0,0,0
287.87,12,5732,US,1,2,6,107.85,2.67,0,0,1,0
6.81,14,5411,US,0,0,5,96.95,0.07,0,0,0,0
37.57,18,5541,US,0,1,4,57.16,0.66,0,0,0,0
100.4,6,5411,US,0,0,2,111.61,0.9,0,0,0,0
26.12,12,5311,US,1,1,3,131.29,0.2,0,0,0,0
76.67,17,5814,US,0,2,3,120.56,0.64,0,0,0,0
47.47,19,5411,US,0,2,4,148.45,0.32,0,0,0,0
28.33,13,5912,US,0,0,1,123.86,0.23,0,0,0,0
81.9,14,5411,US,0,0,2,119.27,0.69,0,0,0,0
40.87,16,5732,US,0,1,4,68.24,0.6,0,0,1,0
23.26,18,5912,US,1,1,2,139.39,0.17,0,0,0,0
40.78,15,5411,US,1,1,4,134.93,0.3,0,0,0,0
455.4,12,5732,US,1,1,2,88.35,5.15,0,0,1,0
25.34,11,5541,US,1,3,8,127.68,0.2,0,0,0,0
351.53,16,5541,US,0,4,5,131.78,2.67,0,0,0,0
28.27,18,5912,US,0,1,2,60.12,0.47,0,0,0,0
8.38,9,5814,US,0,3,8,86.48,0.1,0,0,0,0
93.79,3,5541,US,0,0,0,69.5,1.35,0,1,0,0
38.68,18,5814,US,1,2,3,84.71,0.46,0,0,0,0
52.15,13,5411,US,1,2,3,57.91,0.9,0,0,0,0
91.39,20,5814,US,0,0,5,55.63,1.64,0,0,0,0
176.7,16,5311,US,0,3,4,83.18,2.12,0,0,0,0
8.29,17,5311,US,0,0,5,110.48,0.08,0,0,0,0
108.47,7,5814,US,1,1,1,105.62,1.03,0,0,0,0
21.99,13,5311,US,0,0,3,51.44,0.43,0,0,0,0
29.01,13,5311,US,0,1,3,143.6,0.2,0,0,0,0
71.48,20,5812,US,0,0,0,142.08,0.5,0,0,0,0
84.63,11,5411,FR,1,2,8,60.81,1.39,1,0,0,0
99.26,10,5814,US,1,2,5,67.76,1.46,0,0,0,0
7.89,13,4121,US,0,2,6,134.94,0.06,0,0,0,0
13.85,9,5912,US,0,1,5,128.96,0.11,0,0,0,0
57.27,12,5814,US,1,1,6,143.16,0.4,0,0,0,0
109.22,12,4121,US,0,2,6,55.83,1.96,0,0,0,0
59.7,15,5541,US,0,1,3,118.14,0.51,0,0,0,0
42.72,10,5812,US,0,0,3,135.74,0.31,0,0,0,0
3812.9,5,6051,RO,2,6,7,59.36,64.23,1,1,1,1
55.76,15,5541,US,1,1,3,144.89,0.38,0,0,0,0
48.31,17,5812,US,0,1,3,98.68,0.49,0,0,0,0
30.44,23,5411,US,2,2,4,61.61,0.49,0,0,0,0
16.68,16,5912,US,0,3,4,105.57,0.16,0,0,0,0
64.74,14,5732,US,0,1,5,128.59,0.5,0,0,1,0
68.96,8,5311,US,0,0,2,105.81,0.65,0,0,0,0
13.01,7,5732,GB,0,0,4,70.48,0.18,1,0,1,0
17.51,10,5912,US,1,3,3,94.86,0.18,0,0,0,0
20.23,16,5732,US,0,3,7,136.47,0.15,0,0,1,0
87.78,12,5912,US,0,0,3,113.7,0.77,0,0,0,0
23.43,12,5311,US,1,1,6,149.84,0.16,0,0,0,0
136.39,17,5814,US,0,1,1,92.0,1.48,0,0,0,0
25.37,13,5541,US,0,0,3,51.98,0.49,0,0,0,0
64.32,10,5814,US,0,1,3,111.11,0.58,0,0,0,0
42.32,16,5812,US,0,0,1,76.0,0.56,0,0,0,0
10.17,13,4121,US,0,2,4,71.72,0.14,0,0,0,0
180.24,14,5812,US,1,2,2,129.73,1.39,0,0,0,0
16.35,14,5541,US,0,0,1,108.32,0.15,0,0,0,0
81.05,13,5311,US,0,4,6,67.6,1.2,0,0,0,0
151.99,8,4121,US,1,1,4,70.64,2.15,0,0,0,0
8260.09,2,5732,CY,1,2,8,91.23,90.54,1,1,1,1
27.06,15,4121,GB,0,0,1,135.51,0.2,1,0,0,0
9.34,9,5732,US,0,0,4,126.79,0.07,0,0,1,0
7.77,15,5311,US,0,1,3,105.17,0.07,0,0,0,0
24.57,18,5541,US,0,0,1,95.23,0.26,0,0,0,0
41.1,18,5912,US,0,0,2,127.26,0.32,0,0,0,0
50.72,14,5812,US,1,2,4,80.68,0.63,0,0,0,0
93.61,12,5732,FR,0,1,2,117.39,0.8,1,0,1,0
44.79,19,5912,JP,0,1,4,79.18,0.57,1,0,0,0
38.86,7,5411,US,0,0,4,61.96,0.63,0,0,0,0
139.79,15,5812,US,0,1,1,112.25,1.25,0,0,0,0
38.22,16,5541,US,0,2,4,149.23,0.26,0,0,0,0
42.9,13,5311,US,0,1,2,69.38,0.62,0,0,0,0
168.41,17,4121,US,0,0,3,123.43,1.36,0,0,0,0
0.52,12,5311,UA,12,14,43,43.82,0.01,1,0,0,1
68.64,14,5812,US,0,0,1,142.24,0.48,0,0,0,0
37.4,10,5411,US,0,0,3,71.7,0.52,0,0,0,0
9.26,10,5411,US,2,3,4,86.84,0.11,0,0,0,0
66.24,18,4121,US,0,3,6,133.96,0.49,0,0,0,0
39.66,19,5912,US,0,1,1,142.42,0.28,0,0,0,0
32.38,17,5814,US,2,3,5,55.1,0.59,0,0,0,0
66.03,9,5311,US,0,1,2,146.69,0.45,0,0,0,0
68.57,15,5541,US,1,5,9,124.32,0.55,0,0,0,0
112.87,16,5912,JP,0,2,5,117.25,0.96,1,0,0,0
99.34,10,4121,US,1,2,2,109.67,0.91,0,0,0,0
29.16,18,5812,US,0,2,4,79.59,0.37,0,0,0,0
49.6,20,5411,US,0,2,3,95.38,0.52,0,0,0,0
56.09,11,5311,US,0,1,2,102.25,0.55,0,0,0,0
11.34,14,5541,US,0,1,3,137.82,0.08,0,0,0,0
44.26,12,5814,US,0,1,1,55.9,0.79,0,0,0,0
640.76,9,5814,US,0,0,2,107.59,5.96,0,0,0,0
45.47,17,5814,US,0,1,5,58.86,0.77,0,0,0,0
16.44,11,5812,US,0,0,2,98.87,0.17,0,0,0,0
19.81,16,5541,US,0,1,3,144.7,0.14,0,0,0,0
35.73,12,5541,US,0,1,3,115.33,0.31,0,0,0,0
1081.55,22,5944,CN,1,6,11,55.78,19.39,1,0,1,1
131.1,12,5411,US,0,1,6,108.22,1.21,0,0,0,0
755.88,20,6051,GB,9,13,30,46.09,16.4,1,0,1,1
26.51,14,5912,US,2,2,5,100.86,0.26,0,0,0,0
158.85,12,5311,US,0,0,2,139.53,1.14,0,0,0,0
50.42,6,5311,US,1,1,5,100.8,0.5,0,0,0,0
70.36,13,5311,US,0,0,2,125.64,0.56,0,0,0,0
659.03,20,5311,US,0,0,5,141.14,4.67,0,0,0,0
37.59,13,5814,US,1,1,2,105.98,0.35,0,0,0,0
40.49,11,5814,US,0,1,5,68.43,0.59,0,0,0,0
49.06,11,5732,US,1,2,4,61.53,0.8,0,0,1,0
10.62,10,5411,US,0,0,2,86.99,0.12,0,0,0,0
6.18,7,4121,US,1,2,4,117.65,0.05,0,0,0,0
22.47,10,5732,US,0,2,2,101.63,0.22,0,0,1,0
16.91,10,5732,US,0,1,3,117.18,0.14,0,0,1,0
52.46,7,5732,US,0,0,2,96.7,0.54,0,0,1,0
41.13,14,5812,US,0,0,2,67.04,0.61,0,0,0,0
63.71,18,5812,US,0,0,2,96.99,0.66,0,0,0,0
72.39,21,5541,US,0,1,2,132.44,0.55,0,0,0,0
69.38,14,5814,US,0,0,2,106.45,0.65,0,0,0,0
44.1,14,5411,US,1,2,3,104.95,0.42,0,0,0,0
200.22,12,5411,US,0,1,1,51.74,3.87,0,0,0,0
14.99,13,5541,US,0,3,6,93.79,0.16,0,0,0,0
18.53,16,4121,US,0,0,0,69.03,0.27,0,0,0,0
26.53,12,5311,US,0,0,0,118.17,0.22,0,0,0,0
2419.42,11,5732,NG,3,2,11,74.66,32.41,1,0,1,1
104.17,12,5411,US,0,2,5,125.1,0.83,0,0,0,0
28.16,9,5812,US,0,0,7,81.03,0.35,0,0,0,0
30.33,12,5812,US,1,2,3,77.15,0.39,0,0,0,0
886.87,5,5732,US,10,14,22,64.1,13.84,0,1,1,1
1.5,15,5311,NG,9,26,22,94.09,0.02,1,0,0,1
64.26,13,5812,US,0,0,2,105.23,0.61,0,0,0,0
28.91,14,5411,US,0,1,4,74.03,0.39,0,0,0,0
38.25,15,5311,US,0,2,6,55.21,0.69,0,0,0,0
112.25,12,5912,US,0,3,6,83.6,1.34,0,0,0,0
36.67,15,4121,US,0,2,6,70.2,0.52,0,0,0,0
8.42,9,5411,US,0,0,0,56.4,0.15,0,0,0,0
18.72,9,5311,US,0,0,5,58.86,0.32,0,0,0,0
49.89,10,5541,US,0,1,1,61.33,0.81,0,0,0,0
44.77,11,5541,US,1,2,3,134.73,0.33,0,0,0,0
248.16,12,5541,US,0,1,7,70.31,3.53,0,0,0,0
84.03,6,4121,US,0,0,0,62.11,1.35,0,0,0,0
36.31,12,5812,US,0,1,2,112.61,0.32,0,0,0,0
17.6,18,5814,US,0,0,5,73.26,0.24,0,0,0,0
19.92,15,5812,US,0,2,7,106.15,0.19,0,0,0,0
16.39,15,5812,US,1,1,5,139.61,0.12,0,0,0,0
6.17,14,5912,US,1,1,2,86.61,0.07,0,0,0,0
48.32,13,5732,US,1,1,4,99.9,0.48,0,0,1,0
38.5,15,5541,US,0,0,4,64.24,0.6,0,0,0,0
1851.43,3,5944,RU,3,6,4,66.4,27.88,1,1,1,1
72.8,12,5814,US,0,2,4,65.7,1.11,0,0,0,0
139.11,13,5814,US,0,0,2,76.88,1.81,0,0,0,0
1840.67,21,7995,CN,2,6,5,48.67,37.82,1,0,1,1
107.54,13,5732,US,0,0,3,103.21,1.04,0,0,1,0
19.04,19,5732,US,0,0,2,83.34,0.23,0,0,1,0
24.56,15,5812,US,0,1,3,57.9,0.42,0,0,0,0
25.11,21,5411,US,0,3,6,93.43,0.27,0,0,0,0
126.86,6,4121,GB,0,1,1,52.16,2.43,1,0,0,0
13.19,21,5814,US,0,1,3,131.07,0.1,0,0,0,0
148.68,11,5541,DE,1,2,4,71.45,2.08,1,0,0,0
89.07,11,5812,US,0,2,5,105.9,0.84,0,0,0,0
35.75,19,5812,US,0,1,3,110.1,0.32,0,0,0,0
39.23,20,5912,JP,0,1,3,70.96,0.55,1,0,0,0
55.26,16,5541,US,0,1,4,88.26,0.63,0,0,0,0
29.01,20,5311,US,0,0,2,104.89,0.28,0,0,0,0
10.49,11,5541,US,0,0,5,127.69,0.08,0,0,0,0
22.72,17,5411,US,1,3,4,55.67,0.41,0,0,0,0
106.84,17,5814,US,0,0,2,109.22,0.98,0,0,0,0
24.65,15,5541,US,1,2,7,110.68,0.22,0,0,0,0
87.15,8,5912,US,0,1,2,140.25,0.62,0,0,0,0
71.31,13,5541,US,0,1,2,79.99,0.89,0,0,0,0
100.28,13,5814,US,0,1,4,116.09,0.86,0,0,0,0
55.23,14,5912,US,0,3,5,132.89,0.42,0,0,0,0
0.55,18,5311,UA,7,16,35,85.97,0.01,1,0,0,1
75.85,20,5812,US,0,1,5,116.72,0.65,0,0,0,0
30.05,14,5311,US,0,0,1,61.54,0.49,0,0,0,0
219.52,13,5541,CA,0,0,6,131.36,1.67,1,0,0,0
29.23,15,5812,US,2,2,5,143.68,0.2,0,0,0,0
70.81,14,5541,US,1,1,3,145.73,0.49,0,0,0,0
3.88,13,5311,US,0,2,3,114.88,0.03,0,0,0,0
37.63,15,5541,US,0,0,4,149.73,0.25,0,0,0,0
20.59,10,5311,US,0,1,2,140.77,0.15,0,0,0,0
102.1,8,4121,US,0,0,2,53.9,1.89,0,0,0,0
209.71,9,4121,US,0,3,4,78.38,2.68,0,0,0,0
12.53,16,5541,US,0,0,3,97.43,0.13,0,0,0,0
49.64,11,5812,US,0,0,3,123.33,0.4,0,0,0,0
30.4,12,5812,US,0,1,5,124.4,0.24,0,0,0,0
46.97,14,4121,US,0,1,3,147.65,0.32,0,0,0,0
24.23,8,4121,US,1,2,7,112.09,0.22,0,0,0,0
7747.06,0,5944,RU,2,6,5,64.4,120.3,1,1,1,1
7.37,16,5912,US,0,0,4,121.2,0.06,0,0,0,0
110.0,11,5814,US,0,1,4,91.35,1.2,0,0,0,0
167.45,10,5732,US,0,2,2,82.56,2.03,0,0,1,0
58.81,5,5812,US,0,1,3,86.16,0.68,0,1,0,0
39.48,8,5411,US,0,1,2,105.04,0.38,0,0,0,0
15.38,14,5732,US,0,0,2,122.88,0.13,0,0,1,0
492.79,14,4829,GB,10,8,24,55.27,8.92,1,0,1,1
78.07,16,5814,US,0,1,4,67.92,1.15,0,0,0,0
19.09,22,5912,US,1,3,4,87.72,0.22,0,0,0,0
27.86,15,5732,US,0,2,2,60.61,0.46,0,0,1,0
118.09,14,4121,US,0,1,7,105.27,1.12,0,0,0,0
35.86,16,5311,US,0,0,3,76.42,0.47,0,0,0,0
8.99,16,5311,US,0,1,3,114.7,0.08,0,0,0,0
20.55,20,5411,US,0,0,1,146.35,0.14,0,0,0,0
16.81,17,5411,US,0,0,2,62.23,0.27,0,0,0,0
99.29,11,5814,US,0,0,0,61.93,1.6,0,0,0,0
136.96,10,5812,US,0,1,2,106.25,1.29,0,0,0,0
99.55,18,5912,US,1,3,7,59.66,1.67,0,0,0,0
34.4,17,5311,US,2,2,2,143.7,0.24,0,0,0,0
155.32,6,5812,US,0,1,6,67.31,2.31,0,0,0,0
31.4,6,5411,DE,0,2,5,148.92,0.21,1,0,0,0
28.89,8,5912,US,0,1,2,121.72,0.24,0,0,0,0
4334.34,0,5732,UA,2,2,4,73.82,58.71,1,1,1,1
25.21,7,5541,US,0,0,2,98.29,0.26,0,0,0,0
177.17,12,5311,US,0,2,3,98.93,1.79,0,0,0,0
58.62,14,5814,US,0,0,2,95.27,0.62,0,0,0,0
4.1,10,5814,US,0,0,3,140.48,0.03,0,0,0,0
63.87,18,5541,US,0,0,0,129.61,0.49,0,0,0,0
40.85,19,5732,US,0,1,2,59.19,0.69,0,0,1,0
43.8,10,5814,US,0,0,1,127.44,0.34,0,0,0,0
34.43,20,4121,DE,1,1,2,101.73,0.34,1,0,0,0
51.1,9,4121,US,1,1,1,91.9,0.56,0,0,0,0
32.99,9,5541,US,0,0,1,121.74,0.27,0,0,0,0
66.38,14,5812,US,0,2,3,75.58,0.88,0,0,0,0
51.13,13,5814,US,3,3,7,96.68,0.53,0,0,0,0
61.34,15,5411,US,0,1,4,147.53,0.42,0,0,0,0
30.87,15,5311,US,0,1,3,139.89,0.22,0,0,0,0
65.15,15,5912,US,0,3,6,140.36,0.46,0,0,0,0
29.2,17,5541,US,0,1,2,81.71,0.36,0,0,0,0
33.05,16,5912,US,0,2,6,137.79,0.24,0,0,0,0
12.94,14,5912,US,0,0,2,148.76,0.09,0,0,0,0
128.61,14,5732,US,0,1,2,96.22,1.34,0,0,1,0
169.21,14,4121,US,0,0,4,88.39,1.91,0,0,0,0
94.27,15,4121,US,0,1,5,73.58,1.28,0,0,0,0
20.13,14,5311,US,0,0,0,81.85,0.25,0,0,0,0
25.81,15,5912,US,0,1,2,126.25,0.2,0,0,0,0
43.91,7,5411,US,1,2,5,99.4,0.44,0,0,0,0
221.73,19,5541,US,1,1,4,64.51,3.44,0,0,0,0
52.36,16,5732,US,0,1,4,89.57,0.58,0,0,1,0
89.02,20,5912,US,1,2,2,58.25,1.53,0,0,0,0
66.28,7,5411,US,0,1,3,127.38,0.52,0,0,0,0
31.83,21,5814,JP,0,0,2,82.02,0.39,1,0,0,0
143.52,19,5732,US,0,0,2,55.72,2.58,0,0,1,0
17.9,14,5311,US,0,0,2,128.37,0.14,0,0,0,0
44.93,15,5732,US,0,0,3,133.03,0.34,0,0,1,0
529.87,17,5944,US,7,21,15,81.05,6.54,0,0,1,1
28.93,11,5411,US,0,1,3,79.8,0.36,0,0,0,0
10.3,11,5541,US,1,2,3,76.08,0.14,0,0,0,0
66.79,10,5912,US,0,0,2,126.43,0.53,0,0,0,0
12.07,12,5732,US,0,0,4,115.6,0.1,0,0,1,0
37.25,8,4121,US,0,0,2,57.12,0.65,0,0,0,0
51.58,21,5814,US,0,2,3,70.52,0.73,0,0,0,0
14.82,12,5732,US,0,1,4,58.39,0.25,0,0,1,0
145.35,13,4121,US,0,1,4,101.6,1.43,0,0,0,0
160.98,16,5541,US,0,2,3,56.57,2.85,0,0,0,0
12.71,11,5912,US,0,0,3,56.91,0.22,0,0,0,0
87.27,14,5814,US,0,1,4,143.95,0.61,0,0,0,0
17.59,19,5541,US,0,3,5,100.98,0.17,0,0,0,0
13.43,19,5912,US,2,2,3,123.49,0.11,0,0,0,0
162.42,13,5912,US,0,2,5,62.12,2.61,0,0,0,0
60.3,11,5732,US,0,0,0,92.41,0.65,0,0,1,0
86.64,21,5814,US,0,0,5,67.96,1.27,0,0,0,0
471.48,4,5732,RO,4,22,30,84.88,5.55,1,1,1,1
20.75,11,5411,US,0,1,4,58.37,0.36,0,0,0,0
83.25,18,5411,US,0,0,4,124.36,0.67,0,0,0,0
158.16,12,5311,US,0,1,2,74.67,2.12,0,0,0,0
27.37,14,4121,US,0,0,1,94.91,0.29,0,0,0,0
71.78,11,5541,US,0,2,3,93.66,0.77,0,0,0,0
77.79,11,5912,US,0,3,6,52.46,1.48,0,0,0,0
36.67,9,5732,US,1,1,3,61.37,0.6,0,0,1,0
13.24,16,4121,US,0,1,6,121.05,0.11,0,0,0,0
20.56,4,5812,US,1,2,4,53.61,0.38,0,1,0,0
23.65,22,4121,US,0,2,4,86.12,0.27,0,0,0,0
24.98,11,5311,US,0,2,5,101.86,0.25,0,0,0,0
74.8,7,4121,US,0,0,4,149.95,0.5,0,0,0,0
28.9,19,5814,US,0,1,2,149.9,0.19,0,0,0,0
65.91,4,5541,US,0,1,4,57.12,1.15,0,1,0,0
4.03,12,5411,FR,0,1,2,96.73,0.04,1,0,0,0
75.74,15,5311,US,0,1,2,108.27,0.7,0,0,0,0
71.0,6,5311,US,1,1,3,126.54,0.56,0,0,0,0
8.3,18,5411,US,0,1,4,53.1,0.16,0,0,0,0
234.69,15,5541,US,1,3,4,84.43,2.78,0,0,0,0
76.56,9,5912,US,0,0,5,71.14,1.08,0,0,0,0
38.35,11,5541,US,0,1,1,89.58,0.43,0,0,0,0
8170.81,1,5944,CY,3,2,4,70.06,116.63,1,1,1,1
64.46,8,5912,US,1,2,4,148.06,0.44,0,0,0,0
49.77,12,5411,US,0,2,6,99.96,0.5,0,0,0,0
16.25,12,4121,US,0,0,4,62.89,0.26,0,0,0,0
32.13,9,5411,US,0,0,1,137.0,0.23,0,0,0,0
23.94,9,4121,US,0,1,6,116.46,0.21,0,0,0,0
48.42,17,5732,US,0,1,2,89.22,0.54,0,0,1,0
221.82,20,5311,GB,0,3,6,55.73,3.98,1,0,0,0
199.17,19,5311,US,1,2,2,135.87,1.47,0,0,0,0
16.27,9,4121,US,0,1,4,132.12,0.12,0,0,0,0
17.18,12,5732,US,0,2,7,126.98,0.14,0,0,1,0
23.83,13,4121,US,0,0,1,146.37,0.16,0,0,0,0
55.69,17,5732,US,0,1,4,103.12,0.54,0,0,1,0
51.47,12,5541,JP,0,1,9,55.99,0.92,1,0,0,0
45.6,23,4121,US,1,5,7,87.85,0.52,0,0,0,0
19.42,9,5411,US,0,1,6,116.06,0.17,0,0,0,0
49.04,8,5541,FR,0,0,2,51.56,0.95,1,0,0,0
3872.39,5,6051,RU,1,2,9,53.78,72.0,1,1,1,1
38.39,13,4121,JP,1,3,5,127.0,0.3,1,0,0,0
15.42,19,5812,US,0,0,5,92.28,0.17,0,0,0,0
46.99,18,5814,US,0,2,2,124.46,0.38,0,0,0,0
3.88,9,5311,US,0,2,3,108.45,0.04,0,0,0,0
152.73,12,4121,US,0,0,3,122.0,1.25,0,0,0,0
48.63,15,5541,US,0,0,5,53.44,0.91,0,0,0,0
63.25,14,5814,US,0,1,2,104.95,0.6,0,0,0,0
19.64,8,4121,US,0,0,5,130.72,0.15,0,0,0,0
93.42,11,5814,US,0,0,3,61.55,1.52,0,0,0,0
303.91,12,5541,US,0,0,1,110.39,2.75,0,0,0,0
244.49,11,5311,US,1,5,10,140.12,1.74,0,0,0,0
34.28,16,5814,US,0,0,2,129.33,0.27,0,0,0,0
57.41,9,5311,US,0,1,3,67.77,0.85,0,0,0,0
75.04,10,5812,US,1,3,5,146.47,0.51,0,0,0,0
39.64,17,5812,US,0,4,6,75.92,0.52,0,0,0,0
157.7,13,5732,US,1,1,5,115.09,1.37,0,0,1,0
105.21,14,5912,US,0,1,2,110.45,0.95,0,0,0,0
75.96,12,5732,US,1,1,3,131.72,0.58,0,0,1,0
7.16,8,5732,US,0,0,1,149.54,0.05,0,0,1,0
42.81,16,5311,US,0,2,6,81.83,0.52,0,0,0,0
89.73,16,5311,US,0,1,2,142.75,0.63,0,0,0,0
28.42,23,5311,US,1,4,6,61.55,0.46,0,0,0,0
33.74,15,5411,US,0,2,4,61.65,0.55,0,0,0,0
199.48,12,5912,US,0,1,1,64.7,3.08,0,0,0,0
239.06,19,5411,US,0,0,6,91.95,2.6,0,0,0,0
41.97,6,5912,US,0,2,3,133.22,0.32,0,0,0,0
65.25,15,5311,JP,0,0,4,76.12,0.86,1,0,0,0
16.21,9,4121,US,0,0,3,127.65,0.13,0,0,0,0
267.72,12,5912,US,0,1,4,89.79,2.98,0,0,0,0
29.03,14,5541,JP,0,0,3,139.23,0.21,1,0,0,0
72.34,17,5311,US,2,3,5,119.44,0.61,0,0,0,0
146.72,17,5541,US,1,3,5,51.44,2.85,0,0,0,0
37.62,11,5812,US,0,1,2,67.49,0.56,0,0,0,0
205.09,13,5311,US,0,0,4,68.46,3.0,0,0,0,0
90.53,11,5812,US,0,0,3,58.21,1.56,0,0,0,0
2427.85,16,4829,NG,4,5,8,83.14,29.2,1,0,1,1
40.95,14,5541,US,0,1,5,87.16,0.47,0,0,0,0
3.0,0,5311,UA,10,17,15,58.0,0.05,1,1,0,1
53.27,13,5814,US,0,0,2,121.57,0.44,0,0,0,0
58.1,11,5814,US,0,0,3,100.71,0.58,0,0,0,0
45.65,15,5311,US,0,2,4,84.57,0.54,0,0,0,0
678.31,15,5814,US,2,3,6,54.76,12.39,0,0,0,0
70.76,11,5541,US,0,0,0,97.22,0.73,0,0,0,0
39.93,11,5732,US,0,0,2,92.16,0.43,0,0,1,0
10.23,9,5912,US,0,1,1,117.62,0.09,0,0,0,0
54.22,13,5812,US,0,1,3,67.01,0.81,0,0,0,0
37.03,15,5732,US,0,1,2,67.92,0.55,0,0,1,0
45.48,14,5812,DE,2,2,3,121.01,0.38,1,0,0,0
7.19,16,5541,US,0,0,4,101.36,0.07,0,0,0,0
43.97,11,5732,US,0,1,8,121.96,0.36,0,0,1,0
55.52,18,5812,US,0,3,7,82.59,0.67,0,0,0,0
9.23,14,5814,US,1,2,5,86.71,0.11,0,0,0,0
677.81,15,6051,GB,7,24,33,59.72,11.35,1,0,1,1
84.22,17,5541,US,0,0,2,54.52,1.54,0,0,0,0
94.4,12,5541,CA,0,1,6,119.41,0.79,1,0,0,0
12.57,13,5912,US,0,1,8,139.12,0.09,0,0,0,0
73.5,11,5411,US,1,2,3,124.68,0.59,0,0,0,0
111.59,11,5814,US,0,1,2,131.31,0.85,0,0,0,0
3718.99,3,5732,UA,1,2,8,51.58,72.1,1,1,1,1
16.07,12,5541,US,0,0,1,59.25,0.27,0,0,0,0
39.41,9,5541,US,0,0,2,83.02,0.47,0,0,0,0
14.05,16,5411,US,0,2,5,62.47,0.22,0,0,0,0
217.09,16,5732,US,0,0,2,77.33,2.81,0,0,1,0
86.68,15,5541,US,0,1,3,117.02,0.74,0,0,0,0
143.66,12,4121,US,1,1,2,70.56,2.04,0,0,0,0
7972.19,4,5732,RO,2,4,4,48.55,164.21,1,1,1,1
55.61,22,5411,US,0,4,5,91.63,0.61,0,0,0,0
42.53,15,5814,US,0,1,5,57.31,0.74,0,0,0,0
171.43,17,5311,US,0,2,5,72.71,2.36,0,0,0,0
139.74,12,5411,US,0,0,0,126.7,1.1,0,0,0,0
169.3,14,4121,US,0,0,1,139.28,1.22,0,0,0,0
18.7,12,4121,US,0,3,8,117.05,0.16,0,0,0,0
100.92,23,4121,US,0,1,3,134.44,0.75,0,0,0,0
256.99,20,5732,US,0,0,2,141.87,1.81,0,0,1,0
139.95,12,5311,US,0,2,2,132.76,1.05,0,0,0,0
6.48,23,5912,US,0,0,4,127.87,0.05,0,0,0,0
86.18,13,5311,US,0,0,4,77.75,1.11,0,0,0,0
66.15,16,5311,US,0,0,2,102.13,0.65,0,0,0,0
51.68,14,5912,US,1,1,2,90.69,0.57,0,0,0,0
49.35,17,5912,US,0,0,0,143.39,0.34,0,0,0,0
100.87,15,5311,US,0,1,1,125.31,0.8,0,0,0,0
33.37,16,5912,US,0,1,2,55.52,0.6,0,0,0,0
78.63,11,5814,US,0,2,3,106.9,0.74,0,0,0,0
70.39,9,5812,US,0,0,1,50.09,1.41,0,0,0,0
314.54,14,4121,US,0,0,2,65.81,4.78,0,0,0,0
98.19,16,5912,US,0,2,6,138.33,0.71,0,0,0,0
41.35,17,5812,US,0,0,3,83.59,0.49,0,0,0,0
1.86,21,5311,US,15,14,42,86.19,0.02,0,0,0,1
71.66,8,5541,US,0,1,4,120.26,0.6,0,0,0,0
220.12,7,5411,US,0,0,1,110.96,1.98,0,0,0,0
311.98,19,5732,US,0,1,4,119.76,2.61,0,0,1,0
43.47,16,5912,US,0,1,1,89.26,0.49,0,0,0,0
96.59,11,4121,FR,2,6,7,52.35,1.85,1,0,0,0
51.7,19,5311,US,0,1,1,90.43,0.57,0,0,0,0
28.23,15,5814,US,0,2,4,105.44,0.27,0,0,0,0
123.19,14,4121,US,0,0,3,85.03,1.45,0,0,0,0
24.32,13,5732,US,0,0,5,124.95,0.19,0,0,1,0
25.97,11,5732,US,0,2,5,101.73,0.26,0,0,1,0
27.63,15,5541,US,0,1,4,74.73,0.37,0,0,0,0
43.0,7,5541,US,0,1,4,55.46,0.78,0,0,0,0
90.11,17,4121,US,0,1,3,101.88,0.88,0,0,0,0
628.22,20,7995,RO,4,24,24,78.37,8.02,1,0,1,1
47.37,14,5732,US,0,1,5,136.45,0.35,0,0,1,0
63.94,23,5812,US,0,0,1,116.6,0.55,0,0,0,0
126.76,13,5541,US,0,1,6,144.49,0.88,0,0,0,0
102.38,10,5411,US,0,0,4,88.3,1.16,0,0,0,0
48.09,5,5411,US,0,0,5,110.15,0.44,0,1,0,0
37.51,19,5411,JP,1,2,2,110.45,0.34,1,0,0,0
157.28,13,5912,US,0,1,3,106.54,1.48,0,0,0,0
36.32,19,5311,US,0,0,3,63.74,0.57,0,0,0,0
17.51,20,5814,US,0,1,7,55.05,0.32,0,0,0,0
722.98,8,5732,US,0,0,2,124.23,5.82,0,0,1,0
60.79,12,5311,US,0,2,8,132.42,0.46,0,0,0,0
75.33,19,5732,US,0,2,6,108.4,0.69,0,0,1,0
28.78,10,5912,US,0,1,4,88.13,0.33,0,0,0,0
457.84,16,5541,US,0,2,5,69.47,6.59,0,0,0,0
87.09,13,5814,US,1,1,3,130.35,0.67,0,0,0,0
58.04,13,5912,US,0,1,3,114.98,0.5,0,0,0,0
106.76,13,4121,US,0,1,1,89.11,1.2,0,0,0,0
33.84,8,5411,US,1,3,9,123.79,0.27,0,0,0,0
111.92,13,5812,US,0,2,3,106.7,1.05,0,0,0,0
22.76,12,5912,US,0,0,0,144.4,0.16,0,0,0,0
56.33,10,5411,US,0,1,4,143.71,0.39,0,0,0,0
164.99,13,5912,US,0,1,3,141.03,1.17,0,0,0,0
38.64,17,5411,US,0,1,3,101.19,0.38,0,0,0,0
78.62,16,4121,US,2,2,5,129.84,0.61,0,0,0,0
132.73,8,5732,US,0,0,5,89.91,1.48,0,0,1,0
22.68,8,5311,US,1,2,6,104.77,0.22,0,0,0,0
51.44,17,5814,US,1,1,1,79.78,0.64,0,0,0,0
22.1,8,5812,US,1,1,6,142.1,0.16,0,0,0,0
114.76,12,5732,US,1,2,5,65.19,1.76,0,0,1,0
25.13,13,5814,US,0,0,3,104.77,0.24,0,0,0,0
49.97,15,5311,US,1,1,2,139.02,0.36,0,0,0,0
58.21,11,5812,CA,0,1,3,99.08,0.59,1,0,0,0
59.16,18,5541,US,0,0,3,126.86,0.47,0,0,0,0
29.16,15,5311,US,0,1,5,69.88,0.42,0,0,0,0
13.19,4,5912,US,0,1,5,118.06,0.11,0,1,0,0
261.56,10,5541,US,1,2,4,137.18,1.91,0,0,0,0
61.65,9,5541,US,0,0,3,64.34,0.96,0,0,0,0
54.22,15,5541,US,0,0,1,104.37,0.52,0,0,0,0
103.01,12,5814,US,0,1,6,137.8,0.75,0,0,0,0
42.14,8,5812,US,0,2,4,118.25,0.36,0,0,0,0
51.42,12,5912,US,0,0,5,121.85,0.42,0,0,0,0
28.9,8,5411,US,1,2,5,86.72,0.33,0,0,0,0
221.77,8,4121,US,0,0,4,138.24,1.6,0,0,0,0
283.68,10,5411,US,0,0,4,147.78,1.92,0,0,0,0
1086.3,6,6051,NG,1,8,11,65.88,16.49,1,0,1,1
177.19,18,5541,US,0,0,4,129.53,1.37,0,0,0,0
28.3,16,5812,US,0,0,2,83.16,0.34,0,0,0,0
15.84,15,5541,US,0,1,3,51.35,0.31,0,0,0,0
183.37,15,5411,US,0,3,5,61.45,2.98,0,0,0,0
99.26,9,5732,US,0,0,5,53.89,1.84,0,0,1,0
33.12,19,5732,US,0,1,5,76.94,0.43,0,0,1,0
32.99,13,5912,US,0,0,1,118.1,0.28,0,0,0,0
14.46,22,5814,US,0,0,0,111.51,0.13,0,0,0,0
750.92,2,6051,RU,3,5,11,70.54,10.65,1,1,1,1
16.45,13,5732,US,0,0,1,112.91,0.15,0,0,1,0
281.96,19,5311,US,0,1,4,97.97,2.88,0,0,0,0
65.82,20,5411,US,0,0,1,90.03,0.73,0,0,0,0
23.5,17,5912,US,0,0,1,92.08,0.26,0,0,0,0
41.99,14,5311,US,0,1,1,51.18,0.82,0,0,0,0
16.84,17,5541,US,0,0,1,52.83,0.32,0,0,0,0
98.79,8,5732,JP,0,0,3,53.68,1.84,1,0,1,0
120.42,7,5732,US,0,1,3,107.93,1.12,0,0,1,0
40.36,7,5812,US,0,0,3,143.32,0.28,0,0,0,0
12.49,15,5812,US,0,0,2,148.87,0.08,0,0,0,0
38.2,10,5912,US,0,0,2,133.31,0.29,0,0,0,0
42.43,9,5411,US,1,2,3,147.31,0.29,0,0,0,0
11.09,13,5912,US,0,0,4,149.13,0.07,0,0,0,0
27.82,10,5311,US,0,0,1,142.41,0.2,0,0,0,0
95.24,16,4121,US,0,1,1,105.72,0.9,0,0,0,0
50.56,13,5912,CA,0,2,4,142.3,0.36,1,0,0,0
20.04,19,5411,US,0,1,3,133.03,0.15,0,0,0,0
54.66,22,5311,US,0,1,4,110.72,0.49,0,0,0,0
58.78,16,5541,US,0,0,1,92.26,0.64,0,0,0,0
11.72,10,4121,US,0,0,5,65.4,0.18,0,0,0,0
146.2,10,5814,US,0,1,4,100.37,1.46,0,0,0,0
88.1,14,5814,US,0,1,2,133.2,0.66,0,0,0,0
2.5,13,5411,US,1,3,5,83.76,0.03,0,0,0,0
170.11,14,5814,US,0,1,5,57.67,2.95,0,0,0,0
83.57,13,5814,US,0,2,5,71.02,1.18,0,0,0,0
78.87,8,5912,US,0,2,5,55.5,1.42,0,0,0,0
57.43,14,5411,CA,1,1,5,81.93,0.7,1,0,0,0
96.75,10,5311,US,0,0,7,103.71,0.93,0,0,0,0
53.63,9,4121,US,0,0,4,63.32,0.85,0,0,0,0
70.88,15,5732,US,0,1,7,120.82,0.59,0,0,1,0
271.86,11,5812,US,2,2,6,109.4,2.49,0,0,0,0
23.3,13,5541,US,0,0,2,102.19,0.23,0,0,0,0
65.99,13,5411,US,0,0,4,112.5,0.59,0,0,0,0
22.56,18,5732,US,0,0,2,123.68,0.18,0,0,1,0
47.64,20,5541,US,0,1,2,94.53,0.5,0,0,0,0
8.64,14,5732,US,0,0,2,76.24,0.11,0,0,1,0
90.64,13,5541,US,0,0,4,132.73,0.68,0,0,0,0
85.22,14,5541,US,0,2,4,131.18,0.65,0,0,0,0
56.86,15,5732,US,0,0,1,106.28,0.54,0,0,1,0
112.07,14,5732,US,0,1,6,126.66,0.88,0,0,1,0
10.62,12,5411,US,0,1,3,122.69,0.09,0,0,0,0
48.65,8,4121,US,0,0,5,142.15,0.34,0,0,0,0
222.85,20,5944,US,7,25,39,92.7,2.4,0,0,1,1
10.22,12,5411,US,0,0,2,64.55,0.16,0,0,0,0
21.7,6,5814,US,1,1,4,88.95,0.24,0,0,0,0
79.4,11,5912,US,0,2,4,77.58,1.02,0,0,0,0
24.15,15,5812,US,1,2,5,120.47,0.2,0,0,0,0
66.9,10,5311,US,0,0,2,128.07,0.52,0,0,0,0
514.47,12,5812,US,1,2,3,98.7,5.21,0,0,0,0
31.48,9,5814,US,0,0,5,114.4,0.28,0,0,0,0
139.87,14,5311,US,0,1,3,73.8,1.9,0,0,0,0
70.13,12,5411,US,0,1,2,72.2,0.97,0,0,0,0
24.47,11,5732,US,0,1,6,81.92,0.3,0,0,1,0
17.57,9,5814,US,0,0,2,92.66,0.19,0,0,0,0
29.86,12,5732,US,0,0,5,148.97,0.2,0,0,1,0
14.11,19,5311,US,0,1,4,111.24,0.13,0,0,0,0
126.03,12,5541,US,0,0,2,99.55,1.27,0,0,0,0
67.82,11,5541,US,0,0,1,131.61,0.52,0,0,0,0
78.37,8,5732,US,1,2,4,68.93,1.14,0,0,1,0
57.29,14,5814,US,0,0,4,85.04,0.67,0,0,0,0
23.86,7,5541,US,0,0,0,123.69,0.19,0,0,0,0
95.04,12,4121,US,0,1,2,72.5,1.31,0,0,0,0
63.47,12,4121,US,0,1,6,51.81,1.23,0,0,0,0
55.93,14,5814,US,0,1,3,82.68,0.68,0,0,0,0
179.94,21,4121,US,0,0,2,103.37,1.74,0,0,0,0
52.44,10,5541,US,0,0,0,120.93,0.43,0,0,0,0
2968.99,7,5732,CY,1,8,6,91.69,32.38,1,0,1,1
74.02,0,5411,US,0,0,3,137.34,0.54,0,1,0,0
46.08,16,5311,US,1,2,3,84.34,0.55,0,0,0,0
48.03,12,5732,US,0,0,2,66.54,0.72,0,0,1,0
59.45,12,5912,US,1,2,5,87.33,0.68,0,0,0,0
70.89,12,5411,US,0,2,4,148.51,0.48,0,0,0,0
44.32,12,5912,US,1,1,5,145.17,0.31,0,0,0,0
11.34,6,5732,FR,0,0,4,134.96,0.08,1,0,1,0
20.96,17,5912,US,0,0,7,103.5,0.2,0,0,0,0
904.39,13,5944,GB,9,10,33,65.78,13.75,1,0,1,1
51.25,11,5411,US,0,0,1,103.37,0.5,0,0,0,0
19.9,12,5912,US,0,1,3,137.74,0.14,0,0,0,0
306.62,18,4829,RO,7,23,22,87.47,3.51,1,0,1,1
16.56,14,5912,US,1,5,12,112.81,0.15,0,0,0,0
160.55,13,5732,US,0,0,2,92.23,1.74,0,0,1,0
109.86,8,5732,US,1,1,3,79.43,1.38,0,0,1,0
16.57,12,5732,JP,0,2,2,92.97,0.18,1,0,1,0
226.19,14,5812,US,0,1,2,119.02,1.9,0,0,0,0
24.2,15,5814,US,0,2,4,108.24,0.22,0,0,0,0
22.68,18,5541,US,0,1,5,92.63,0.24,0,0,0,0
43.53,20,5411,US,0,0,0,118.12,0.37,0,0,0,0
28.36,13,5541,US,0,1,5,145.66,0.19,0,0,0,0
153.6,13,5732,US,0,2,2,57.68,2.66,0,0,1,0
26.32,9,5541,US,0,1,7,65.17,0.4,0,0,0,0
18.42,18,5311,US,0,0,2,142.27,0.13,0,0,0,0
60.29,16,5912,US,0,1,1,140.28,0.43,0,0,0,0
17.15,11,4121,US,0,1,8,95.62,0.18,0,0,0,0
13.19,11,5411,US,0,0,2,129.71,0.1,0,0,0,0
16.02,19,5812,US,0,0,3,70.27,0.23,0,0,0,0
24.44,9,5311,US,1,1,3,63.52,0.38,0,0,0,0
27.92,10,4121,US,0,1,2,136.12,0.21,0,0,0,0
122.81,13,4121,US,0,1,4,52.17,2.35,0,0,0,0
7416.8,2,6051,NG,1,3,6,80.67,91.94,1,1,1,1
24.84,9,5311,US,0,0,3,111.4,0.22,0,0,0,0
232.1,17,5814,US,0,2,5,100.12,2.32,0,0,0,0
109.3,9,4121,JP,0,0,0,123.82,0.88,1,0,0,0
15.58,19,5411,US,0,2,6,78.83,0.2,0,0,0,0
30.13,15,5541,US,0,2,9,136.37,0.22,0,0,0,0
13.13,16,4121,US,0,1,3,70.34,0.19,0,0,0,0
39.67,13,5732,US,0,3,7,51.76,0.77,0,0,1,0
55.22,20,5311,US,1,3,3,60.56,0.91,0,0,0,0
50.25,11,5732,US,0,1,3,68.84,0.73,0,0,1,0
31.51,12,4121,US,0,0,2,63.76,0.49,0,0,0,0
16.98,22,5912,US,0,0,2,70.29,0.24,0,0,0,0
15.46,15,5814,US,1,1,7,129.25,0.12,0,0,0,0
9.85,16,5912,US,0,0,2,134.16,0.07,0,0,0,0
20.45,12,5812,US,0,0,3,135.07,0.15,0,0,0,0
7.89,10,5732,US,0,1,6,65.75,0.12,0,0,1,0
34.12,7,5814,US,0,1,4,121.41,0.28,0,0,0,0
76.19,10,5814,US,0,0,0,119.76,0.64,0,0,0,0
769.74,1,5944,US,4,24,34,62.01,12.41,0,1,1,1
178.04,13,5812,US,0,0,3,121.82,1.46,0,0,0,0
13.4,9,5541,US,0,0,2,110.55,0.12,0,0,0,0
63.24,13,5541,US,0,2,3,95.41,0.66,0,0,0,0
183.34,20,5732,US,0,2,4,68.51,2.68,0,0,1,0
122.12,13,5311,US,0,4,5,122.76,0.99,0,0,0,0
59.35,8,5311,US,0,0,2,129.64,0.46,0,0,0,0
39.85,14,5812,US,0,0,0,111.62,0.36,0,0,0,0
56.77,13,5732,US,0,1,4,88.01,0.65,0,0,1,0
73.32,7,5541,US,0,1,1,142.25,0.52,0,0,0,0
46.66,21,5541,US,0,0,1,142.67,0.33,0,0,0,0
38.35,11,5732,US,0,1,1,85.75,0.45,0,0,1,0
54.91,15,5541,US,1,1,4,77.0,0.71,0,0,0,0
29.98,13,5812,US,0,1,2,102.21,0.29,0,0,0,0
201.64,18,5812,US,0,0,1,79.3,2.54,0,0,0,0
861.77,16,4829,RO,4,11,20,66.3,13.0,1,0,1,1
6240.47,4,5944,CN,3,3,7,66.29,94.14,1,1,1,1
34.65,15,5541,US,0,1,5,92.74,0.37,0,0,0,0
38.14,13,5814,US,1,1,3,103.22,0.37,0,0,0,0
46.23,17,5912,US,0,0,1,116.68,0.4,0,0,0,0
162.97,12,5812,US,1,4,9,70.2,2.32,0,0,0,0
91.24,11,5814,US,0,0,1,103.94,0.88,0,0,0,0
3.18,9,5311,UA,8,16,48,40.38,0.08,1,0,0,1
128.45,21,5541,US,0,2,3,88.9,1.44,0,0,0,0
30.44,9,5812,US,1,1,3,104.08,0.29,0,0,0,0
23.68,10,4121,US,2,2,3,62.53,0.38,0,0,0,0
21.04,22,5732,US,1,1,5,89.16,0.24,0,0,1,0
7.14,12,5411,US,0,1,3,146.8,0.05,0,0,0,0
7660.56,0,5732,US,3,5,9,51.03,150.12,0,1,1,1
24.69,17,5411,US,0,1,5,71.67,0.34,0,0,0,0
12.62,13,4121,US,0,2,3,78.78,0.16,0,0,0,0
65.7,9,5411,US,0,0,1,79.62,0.83,0,0,0,0
55.41,16,5814,US,0,1,1,126.22,0.44,0,0,0,0
685.3,9,7995,CN,1,5,7,89.92,7.62,1,0,1,1
100.8,14,5411,US,0,2,3,64.66,1.56,0,0,0,0
119.45,13,5411,US,0,1,2,62.37,1.92,0,0,0,0
97.88,7,5814,US,0,0,1,51.3,1.91,0,0,0,0
87.82,9,5812,US,0,0,1,54.69,1.61,0,0,0,0
66.7,11,5814,US,1,2,3,125.23,0.53,0,0,0,0
270.4,16,4829,GB,7,11,27,44.95,6.02,1,0,1,1
21.2,13,4121,US,0,1,3,70.4,0.3,0,0,0,0
2.66,19,5812,US,0,1,2,56.63,0.05,0,0,0,0
120.2,12,4121,US,0,1,6,67.4,1.78,0,0,0,0
46.21,14,4121,US,0,0,2,97.92,0.47,0,0,0,0
52.18,19,5912,US,0,0,3,104.56,0.5,0,0,0,0
21.55,8,5814,US,0,0,1,59.81,0.36,0,0,0,0
40.03,16,5311,DE,0,0,3,145.95,0.27,1,0,0,0
6300.24,2,5944,RU,3,5,4,70.3,89.62,1,1,1,1
44.48,16,5814,US,0,3,8,99.84,0.45,0,0,0,0
72.01,10,5541,US,0,0,1,103.67,0.69,0,0,0,0
89.86,12,5311,GB,0,0,2,146.42,0.61,1,0,0,0
42.83,18,5812,US,0,0,4,70.77,0.61,0,0,0,0
105.66,13,5814,US,0,2,4,63.74,1.66,0,0,0,0
30.59,14,5411,DE,0,0,2,122.65,0.25,1,0,0,0
10.66,13,5411,DE,0,1,4,129.75,0.08,1,0,0,0
326.55,4,5732,GB,4,24,27,93.69,3.49,1,1,1,1
724.38,19,7995,RO,6,11,17,88.11,8.22,1,0,1,1
51.12,12,5311,US,0,2,3,126.58,0.4,0,0,0,0
71.38,13,5411,US,0,0,3,142.34,0.5,0,0,0,0
29.48,9,5912,US,0,1,2,52.09,0.57,0,0,0,0
14.64,14,5541,US,1,2,4,80.04,0.18,0,0,0,0
19.73,19,4121,US,0,0,6,53.21,0.37,0,0,0,0
24.67,11,5814,US,0,2,5,129.82,0.19,0,0,0,0
22.37,6,5812,US,0,1,4,64.26,0.35,0,0,0,0
144.84,20,5311,US,0,0,2,90.82,1.59,0,0,0,0
7670.03,3,6051,CY,2,4,10,84.87,90.37,1,1,1,1
137.36,16,5814,US,0,1,5,95.03,1.45,0,0,0,0
71.32,10,5311,US,0,1,5,99.35,0.72,0,0,0,0
26.45,11,5541,US,0,0,2,149.89,0.18,0,0,0,0
45.48,9,5912,US,0,1,2,121.12,0.38,0,0,0,0
48.03,15,5812,US,0,1,4,52.06,0.92,0,0,0,0
61.86,11,4121,US,1,2,5,137.02,0.45,0,0,0,0
16.01,10,5411,US,0,2,2,102.76,0.16,0,0,0,0
41.31,10,5912,US,0,2,8,141.65,0.29,0,0,0,0
40.05,14,5311,US,0,1,7,55.62,0.72,0,0,0,0
25.98,16,5411,US,0,0,0,138.63,0.19,0,0,0,0
80.01,23,5732,US,0,2,3,136.07,0.59,0,0,1,0
40.03,16,5411,US,0,0,1,92.24,0.43,0,0,0,0
100.19,16,5411,US,0,0,3,115.0,0.87,0,0,0,0
23.17,14,5814,US,0,0,0,93.53,0.25,0,0,0,0
34.64,10,4121,US,0,0,2,147.46,0.23,0,0,0,0
12.53,12,5311,US,1,3,5,62.76,0.2,0,0,0,0
87.28,15,5732,US,0,2,4,143.31,0.61,0,0,1,0
52.54,9,5912,US,0,2,4,122.9,0.43,0,0,0,0
9.04,9,5912,US,0,0,4,89.36,0.1,0,0,0,0
27.59,8,5912,US,0,1,4,106.36,0.26,0,0,0,0
206.85,10,5732,US,1,1,2,60.05,3.44,0,0,1,0
6.9,15,5912,US,0,1,2,137.91,0.05,0,0,0,0
12.51,16,5814,US,0,0,0,102.4,0.12,0,0,0,0
20.98,12,5541,US,0,0,0,65.86,0.32,0,0,0,0
45.06,10,5411,US,0,2,3,114.8,0.39,0,0,0,0
32.2,19,5732,US,0,1,4,81.97,0.39,0,0,1,0
58.23,11,4121,US,0,1,2,71.87,0.81,0,0,0,0
38.44,16,5311,US,0,1,4,80.55,0.48,0,0,0,0
506.85,19,6051,US,4,8,18,44.47,11.4,0,0,1,1
30.41,8,5732,US,0,1,7,114.7,0.27,0,0,1,0
17.86,18,5812,US,1,1,3,74.62,0.24,0,0,0,0
35.26,16,5912,US,0,1,5,110.76,0.32,0,0,0,0
1.25,2,5311,US,15,22,39,54.65,0.02,0,1,0,1
2991.51,16,5732,RU,2,5,10,88.21,33.91,1,0,1,1
100.08,12,5814,US,0,1,3,143.77,0.7,0,0,0,0
43.33,19,4121,US,0,0,4,125.47,0.35,0,0,0,0
39.59,12,5732,US,0,1,4,121.07,0.33,0,0,1,0
63.05,14,4121,US,0,1,7,118.22,0.53,0,0,0,0
45.63,12,5732,US,0,2,4,95.04,0.48,0,0,1,0
19.66,8,5912,US,0,2,2,104.37,0.19,0,0,0,0
5.96,12,5411,US,0,0,3,110.36,0.05,0,0,0,0
67.75,11,5912,US,0,3,4,113.05,0.6,0,0,0,0
32.08,5,5541,US,0,1,2,134.07,0.24,0,1,0,0
18.97,12,5411,US,0,0,2,103.23,0.18,0,0,0,0
16.85,13,5912,US,0,0,0,78.26,0.22,0,0,0,0
110.17,16,5912,US,0,1,5,94.03,1.17,0,0,0,0
124.45,12,5732,US,1,1,5,63.65,1.96,0,0,1,0
47.81,9,5814,FR,1,1,2,53.58,0.89,1,0,0,0
351.61,11,5411,US,0,1,2,140.81,2.5,0,0,0,0
16.77,9,5812,US,1,2,4,65.42,0.26,0,0,0,0
143.87,14,5411,US,0,1,6,51.98,2.77,0,0,0,0
80.64,20,5732,US,1,1,5,59.96,1.34,0,0,1,0
118.92,14,5912,US,0,2,6,113.65,1.05,0,0,0,0
64.58,19,4121,US,0,1,3,136.22,0.47,0,0,0,0
23.23,17,5912,US,0,1,2,79.11,0.29,0,0,0,0
3444.15,19,7995,NG,1,5,9,83.72,41.14,1,0,1,1
65.53,8,5541,US,0,0,2,135.19,0.48,0,0,0,0
8.04,14,4121,US,1,1,2,98.44,0.08,0,0,0,0
139.34,13,5311,US,0,0,2,65.37,2.13,0,0,0,0
47.74,14,4121,US,0,1,5,66.19,0.72,0,0,0,0
151.86,10,5814,US,0,0,2,90.51,1.68,0,0,0,0
12.18,19,5411,US,0,1,5,111.72,0.11,0,0,0,0
120.16,9,5732,US,1,1,4,109.63,1.1,0,0,1,0
57.55,13,5311,US,0,2,4,59.22,0.97,0,0,0,0
62.15,11,5812,US,1,1,3,116.29,0.53,0,0,0,0
4115.63,2,5944,RU,2,3,6,68.0,60.52,1,1,1,1
487.99,17,5912,US,0,1,2,108.4,4.5,0,0,0,0
105.75,18,5912,US,0,0,0,140.41,0.75,0,0,0,0
7.36,15,5812,US,0,1,5,102.35,0.07,0,0,0,0
120.38,12,5732,US,0,0,5,79.77,1.51,0,0,1,0
6.08,10,5912,US,0,0,1,110.13,0.06,0,0,0,0
42.56,9,5732,US,0,0,2,90.36,0.47,0,0,1,0
158.76,17,5912,US,1,2,8,84.43,1.88,0,0,0,0
44.77,13,5912,US,1,2,5,144.47,0.31,0,0,0,0
56.49,8,5411,US,1,1,4,119.64,0.47,0,0,0,0
160.32,12,5732,US,0,1,4,102.39,1.57,0,0,1,0
32.25,12,5311,US,0,0,2,90.06,0.36,0,0,0,0
18.56,18,4121,US,0,0,1,53.22,0.35,0,0,0,0
222.21,11,5411,US,0,1,4,118.06,1.88,0,0,0,0
14.05,18,5541,US,0,1,7,132.35,0.11,0,0,0,0
50.87,11,5812,US,0,0,4,62.84,0.81,0,0,0,0
50.4,8,5411,US,0,1,2,76.55,0.66,0,0,0,0
54.03,13,5311,US,1,1,1,53.95,1.0,0,0,0,0
15.51,15,4121,FR,1,2,7,79.25,0.2,1,0,0,0
59.57,11,5812,US,0,0,2,59.87,0.99,0,0,0,0
17.75,16,5541,US,0,0,1,114.64,0.15,0,0,0,0
24.91,15,5311,US,1,1,3,105.7,0.24,0,0,0,0
31.85,17,5411,US,1,1,4,52.86,0.6,0,0,0,0
19.36,13,5732,US,0,1,5,70.88,0.27,0,0,1,0
338.43,11,5411,US,0,1,4,90.04,3.76,0,0,0,0
2501.1,23,4829,NG,2,6,9,75.85,32.97,1,0,1,1
47.64,7,5732,US,0,0,3,103.3,0.46,0,0,1,0
24.51,11,5311,US,1,3,8,81.52,0.3,0,0,0,0
29.26,16,5541,US,0,1,3,129.76,0.23,0,0,0,0
10.95,20,5814,US,0,0,2,103.98,0.11,0,0,0,0
23.42,11,5814,GB,0,0,6,140.11,0.17,1,0,0,0
238.11,14,5912,US,0,1,3,130.14,1.83,0,0,0,0
16.27,11,4121,US,0,0,2,76.59,0.21,0,0,0,0
88.3,16,5411,US,0,1,3,75.24,1.17,0,0,0,0
149.75,21,5411,US,0,0,4,75.96,1.97,0,0,0,0
40.68,10,5311,US,0,0,0,70.45,0.58,0,0,0,0
56.91,18,5411,US,0,1,4,126.05,0.45,0,0,0,0
45.3,10,5812,US,1,1,3,86.33,0.52,0,0,0,0
79.96,11,5814,US,0,1,4,142.99,0.56,0,0,0,0
27.37,12,5912,US,0,1,4,114.74,0.24,0,0,0,0
948.61,8,6051,NG,3,6,12,50.11,18.93,1,0,1,1
240.13,10,5814,US,0,1,1,69.01,3.48,0,0,0,0
58.46,14,5912,US,1,1,2,140.39,0.42,0,0,0,0
172.15,13,5912,US,0,1,2,132.8,1.3,0,0,0,0
41.34,10,5912,US,0,0,2,128.27,0.32,0,0,0,0
26.75,16,5311,US,0,0,2,66.65,0.4,0,0,0,0
26.19,19,5411,US,0,2,4,124.84,0.21,0,0,0,0
18.31,10,5541,US,1,1,5,122.66,0.15,0,0,0,0
182.17,14,5541,US,0,1,4,75.47,2.41,0,0,0,0
157.04,19,5541,US,0,1,5,93.51,1.68,0,0,0,0
80.09,17,5411,US,0,1,2,124.18,0.64,0,0,0,0
20.88,11,5814,US,1,1,6,92.09,0.23,0,0,0,0
65.13,13,5814,US,0,0,4,111.89,0.58,0,0,0,0
19.39,15,5411,US,0,1,2,86.06,0.23,0,0,0,0
750.01,16,7995,RO,10,9,21,90.96,8.25,1,0,1,1
169.54,12,5732,US,0,2,6,73.47,2.31,0,0,1,0
12.13,10,5912,US,0,0,2,112.95,0.11,0,0,0,0
365.28,6,5814,US,0,1,3,118.61,3.08,0,0,0,0
103.19,14,5541,US,0,1,3,87.97,1.17,0,0,0,0
44.04,13,5732,US,0,1,4,127.77,0.34,0,0,1,0
30.87,16,5812,US,0,0,1,137.41,0.22,0,0,0,0
20.52,16,5732,US,0,0,2,55.23,0.37,0,0,1,0
23.9,12,5732,US,0,0,3,88.98,0.27,0,0,1,0
88.84,14,5812,US,0,0,4,88.61,1.0,0,0,0,0
16.34,11,5311,US,0,1,5,86.94,0.19,0,0,0,0
75.89,7,5812,US,0,0,5,81.12,0.94,0,0,0,0
50.64,13,5814,US,0,0,4,54.05,0.94,0,0,0,0
392.71,23,5732,GB,6,19,28,98.81,3.97,1,0,1,1
121.43,17,4121,US,1,1,5,135.49,0.9,0,0,0,0
1732.63,6,7995,NG,3,5,7,79.86,21.7,1,0,1,1
40.36,14,5311,US,0,1,5,56.3,0.72,0,0,0,0
27.59,16,5311,US,0,2,5,107.14,0.26,0,0,0,0
6.06,8,5732,US,0,1,3,142.51,0.04,0,0,1,0
57.97,15,5311,US,0,1,4,120.72,0.48,0,0,0,0
50.09,6,5912,US,1,2,6,112.42,0.45,0,0,0,0
58.74,4,5732,US,0,1,4,127.25,0.46,0,1,1,0
12.61,19,4121,US,0,1,3,84.96,0.15,0,0,0,0
111.32,8,5411,US,0,0,0,138.27,0.81,0,0,0,0
1.65,14,5311,NG,9,25,20,54.27,0.03,1,0,0,1
162.96,16,4121,GB,0,0,1,79.48,2.05,1,0,0,0
37.23,15,5541,US,1,1,2,109.41,0.34,0,0,0,0
52.08,14,5912,US,0,1,3,85.85,0.61,0,0,0,0
85.89,19,5541,US,0,3,8,148.37,0.58,0,0,0,0
158.1,10,5311,US,1,2,6,85.05,1.86,0,0,0,0
10.67,14,5812,US,0,0,2,52.66,0.2,0,0,0,0
10.68,16,5732,US,0,1,2,126.45,0.08,0,0,1,0
20.08,14,4121,US,0,1,3,118.4,0.17,0,0,0,0
66.01,12,4121,US,0,1,2,142.07,0.46,0,0,0,0
289.99,21,5311,US,0,0,2,135.85,2.13,0,0,0,0
83.24,15,5814,US,0,2,3,148.01,0.56,0,0,0,0
12.1,20,5912,DE,2,2,4,117.46,0.1,1,0,0,0
22.59,18,4121,CA,0,1,4,50.53,0.45,1,0,0,0
17.74,12,5812,US,0,1,4,56.33,0.31,0,0,0,0
14.33,16,5912,US,0,0,4,93.2,0.15,0,0,0,0
29.56,13,5812,US,0,0,3,103.63,0.29,0,0,0,0
41.66,12,5812,US,1,1,2,67.54,0.62,0,0,0,0
74.12,15,5411,US,0,0,2,142.49,0.52,0,0,0,0
46.94,16,5814,US,0,2,4,109.23,0.43,0,0,0,0
36.43,14,5812,US,0,1,3,100.12,0.36,0,0,0,0
100.81,6,5411,US,0,1,4,73.03,1.38,0,0,0,0
36.55,17,5732,US,0,1,3,88.73,0.41,0,0,1,0
46.14,14,5814,US,0,4,4,59.84,0.77,0,0,0,0
0.58,17,5311,NG,7,19,46,58.49,0.01,1,0,0,1
31.47,19,5814,US,0,0,6,55.62,0.57,0,0,0,0
23.99,10,5732,US,0,1,4,130.13,0.18,0,0,1,0
27.99,13,5541,US,1,2,3,88.83,0.32,0,0,0,0
55.84,17,5541,US,1,2,4,109.39,0.51,0,0,0,0
24.39,20,5912,US,0,1,4,138.79,0.18,0,0,0,0
72.93,15,5541,US,0,0,4,50.14,1.45,0,0,0,0
21.76,17,5541,US,0,0,6,84.46,0.26,0,0,0,0
55.46,13,5814,US,1,2,6,136.14,0.41,0,0,0,0
81.36,19,5732,US,2,2,3,97.05,0.84,0,0,1,0
29.71,16,5814,US,0,0,2,128.3,0.23,0,0,0,0
19.64,13,5311,US,0,1,2,88.36,0.22,0,0,0,0
38.62,20,5541,US,0,0,1,136.56,0.28,0,0,0,0
36.95,12,5411,US,0,0,1,123.55,0.3,0,0,0,0
101.74,10,5311,US,1,4,7,145.09,0.7,0,0,0,0
60.68,10,5311,US,0,1,6,100.16,0.61,0,0,0,0
31.04,16,5411,US,0,0,1,136.91,0.23,0,0,0,0
48.43,12,5812,US,0,0,3,119.86,0.4,0,0,0,0
38.23,12,5732,US,0,0,2,75.58,0.51,0,0,1,0
17.99,14,5732,US,1,2,4,137.39,0.13,0,0,1,0
56.58,14,5912,US,0,0,1,142.26,0.4,0,0,0,0
7.16,14,5541,US,0,1,2,94.72,0.08,0,0,0,0
158.24,7,5541,US,0,1,5,53.42,2.96,0,0,0,0
50.46,17,5912,US,0,0,2,69.91,0.72,0,0,0,0
19.7,17,5411,US,0,2,7,127.31,0.15,0,0,0,0
174.6,12,5411,US,0,3,4,85.48,2.04,0,0,0,0
13.38,12,5411,US,0,1,2,98.27,0.14,0,0,0,0
12.79,20,5732,US,0,1,3,75.44,0.17,0,0,1,0
39.39,11,5912,US,0,0,1,95.95,0.41,0,0,0,0
28.9,18,5411,CA,0,4,8,76.58,0.38,1,0,0,0
145.24,9,5311,US,0,1,4,130.3,1.11,0,0,0,0
14.82,21,5912,US,0,0,4,87.11,0.17,0,0,0,0
457.94,1,4829,GB,6,22,33,86.72,5.28,1,1,1,1
14.19,18,5814,US,0,0,2,106.41,0.13,0,0,0,0
61.71,15,5411,US,1,2,2,147.82,0.42,0,0,0,0
24.96,15,5912,US,0,0,4,50.34,0.5,0,0,0,0
93.01,14,5732,US,0,0,4,53.58,1.74,0,0,1,0
66.59,16,5912,US,0,0,4,62.26,1.07,0,0,0,0
36.45,13,5912,US,0,0,2,122.01,0.3,0,0,0,0
62.61,6,4121,US,0,0,2,113.46,0.55,0,0,0,0
10.66,11,4121,US,0,2,8,85.24,0.13,0,0,0,0
70.63,14,5411,US,0,2,4,108.32,0.65,0,0,0,0
25.18,13,5411,US,0,0,3,116.19,0.22,0,0,0,0
22.43,12,5732,US,1,2,4,114.48,0.2,0,0,1,0
49.47,9,4121,US,0,2,6,100.8,0.49,0,0,0,0
37.4,18,4121,US,1,2,4,103.47,0.36,0,0,0,0
34.1,7,5732,US,0,0,3,143.39,0.24,0,0,1,0
113.48,12,5812,US,0,0,6,149.23,0.76,0,0,0,0
842.49,6,4829,US,4,15,20,68.65,12.27,0,0,1,1
30.19,23,5541,US,1,2,5,99.95,0.3,0,0,0,0
14.36,21,5732,US,0,2,5,108.85,0.13,0,0,1,0
50.11,18,4121,US,0,0,2,65.2,0.77,0,0,0,0
185.62,14,5411,GB,0,0,4,128.6,1.44,1,0,0,0
88.96,6,5732,US,0,0,3,108.13,0.82,0,0,1,0
9.77,15,5814,US,0,1,3,52.05,0.19,0,0,0,0
20.23,14,5812,US,0,0,2,147.83,0.14,0,0,0,0
94.36,13,5812,US,0,1,3,91.82,1.03,0,0,0,0
82.66,12,5541,US,1,1,4,86.89,0.95,0,0,0,0
21.21,13,5814,US,0,0,2,132.63,0.16,0,0,0,0
76.26,20,4121,US,0,1,2,70.36,1.08,0,0,0,0
64.27,12,4121,US,0,0,4,132.8,0.48,0,0,0,0
65.38,13,5912,US,0,1,1,138.52,0.47,0,0,0,0
226.75,13,5812,US,0,1,3,103.84,2.18,0,0,0,0
52.03,17,4121,US,0,1,2,126.22,0.41,0,0,0,0
70.03,14,5411,US,0,0,4,131.15,0.53,0,0,0,0
6.6,15,5541,US,1,4,6,97.32,0.07,0,0,0,0
254.37,22,5411,US,0,1,2,107.46,2.37,0,0,0,0
21.91,15,5541,US,0,1,7,79.63,0.28,0,0,0,0
68.23,16,5912,US,0,0,3,97.91,0.7,0,0,0,0
30.94,16,5411,US,1,1,2,137.39,0.23,0,0,0,0
32.39,16,5411,US,0,0,4,83.46,0.39,0,0,0,0
50.55,13,5411,US,0,2,5,60.51,0.84,0,0,0,0
2146.14,0,5944,RU,1,2,7,59.16,36.28,1,1,1,1
24.11,15,5411,JP,0,0,2,81.08,0.3,1,0,0,0
17.28,13,5812,US,1,2,4,89.37,0.19,0,0,0,0
37.19,11,5814,US,0,1,2,99.47,0.37,0,0,0,0
22.64,17,5311,US,0,1,3,114.86,0.2,0,0,0,0
12.26,23,5912,US,0,1,3,114.02,0.11,0,0,0,0
51.57,10,5311,US,0,1,4,62.09,0.83,0,0,0,0
49.2,8,5812,US,0,1,5,102.62,0.48,0,0,0,0
146.2,13,5814,US,0,0,3,87.14,1.68,0,0,0,0
29.56,14,5541,US,2,2,6,78.87,0.37,0,0,0,0
42.14,16,5541,US,0,1,3,61.23,0.69,0,0,0,0
40.85,9,5912,US,0,0,3,89.05,0.46,0,0,0,0
92.29,8,5812,US,0,0,1,120.01,0.77,0,0,0,0
110.05,12,5311,US,1,1,3,141.88,0.78,0,0,0,0
21.36,12,5912,US,0,1,4,103.88,0.21,0,0,0,0
20.0,13,5541,US,0,1,2,115.21,0.17,0,0,0,0
152.11,18,5732,US,0,1,5,61.9,2.46,0,0,1,0
24.66,12,4121,US,0,0,2,129.09,0.19,0,0,0,0
15.06,13,5912,US,0,0,7,132.08,0.11,0,0,0,0
80.69,13,5541,US,0,1,2,67.63,1.19,0,0,0,0
192.59,7,5814,GB,1,2,7,125.62,1.53,1,0,0,0
49.3,11,5541,US,1,1,4,103.76,0.48,0,0,0,0
73.55,15,5912,US,0,0,1,134.67,0.55,0,0,0,0
22.23,13,5732,US,0,0,3,59.81,0.37,0,0,1,0
98.5,14,5812,US,0,1,3,75.78,1.3,0,0,0,0
140.4,18,5912,US,0,0,1,54.28,2.59,0,0,0,0
89.78,13,5411,US,0,1,4,96.14,0.93,0,0,0,0
34.1,11,4121,US,0,1,6,107.83,0.32,0,0,0,0
86.71,18,5541,US,0,0,1,144.37,0.6,0,0,0,0
39.2,13,5814,US,0,0,2,104.28,0.38,0,0,0,0
45.87,7,5411,US,0,0,3,101.87,0.45,0,0,0,0
45.19,7,5912,US,0,1,1,131.54,0.34,0,0,0,0
48.25,10,5311,US,0,0,3,107.35,0.45,0,0,0,0
48.53,19,5311,US,0,0,5,112.76,0.43,0,0,0,0
1.57,6,5311,US,10,28,39,92.77,0.02,0,0,0,1
18.33,17,5812,US,0,0,4,66.78,0.27,0,0,0,0
39.28,11,5912,US,0,1,3,146.17,0.27,0,0,0,0
68.78,15,5732,JP,1,1,3,99.88,0.69,1,0,1,0
74.45,16,5311,US,1,2,3,73.43,1.01,0,0,0,0
60.58,9,5812,US,0,0,4,97.74,0.62,0,0,0,0
32.38,16,5814,US,0,1,3,102.91,0.31,0,0,0,0
12.56,12,5912,US,0,0,3,52.92,0.24,0,0,0,0
12.95,12,5411,US,0,1,4,76.9,0.17,0,0,0,0
54.18,18,5411,US,1,2,4,61.13,0.89,0,0,0,0
65.33,7,5814,US,0,1,3,66.28,0.99,0,0,0,0
37.58,15,5732,US,1,2,5,136.05,0.28,0,0,1,0
52.71,13,5812,FR,0,2,3,96.68,0.55,1,0,0,0
70.48,6,5814,US,0,0,2,70.36,1.0,0,0,0,0
31.0,15,5411,US,0,1,4,109.58,0.28,0,0,0,0
91.84,12,5541,US,0,0,0,125.65,0.73,0,0,0,0
36.02,20,5732,US,0,0,2,134.2,0.27,0,0,1,0
17.4,16,5311,US,0,1,2,142.02,0.12,0,0,0,0
297.11,16,5541,US,0,0,3,57.46,5.17,0,0,0,0
140.33,15,5411,US,0,0,2,84.78,1.66,0,0,0,0
57.2,15,5411,US,0,0,4,131.78,0.43,0,0,0,0
751.45,14,6051,US,5,12,25,65.81,11.42,0,0,1,1
21.29,18,5311,DE,0,1,2,141.46,0.15,1,0,0,0
300.38,16,5814,US,0,1,2,84.2,3.57,0,0,0,0
93.34,22,5311,US,1,2,5,108.02,0.86,0,0,0,0
63.88,8,5541,US,1,1,5,116.34,0.55,0,0,0,0
63.3,8,5814,JP,1,2,3,98.33,0.64,1,0,0,0
57.72,20,5541,US,0,0,0,102.64,0.56,0,0,0,0
7.23,16,4121,US,0,1,4,95.06,0.08,0,0,0,0
29.8,11,5814,US,1,1,4,70.56,0.42,0,0,0,0
20.66,14,5814,US,0,0,1,89.12,0.23,0,0,0,0
112.42,19,5814,US,0,0,3,133.64,0.84,0,0,0,0
50.82,10,5812,US,0,0,1,126.32,0.4,0,0,0,0
43.96,22,5411,US,0,0,2,146.76,0.3,0,0,0,0
36.75,17,5411,US,0,1,1,108.91,0.34,0,0,0,0
143.63,15,4121,US,0,0,6,146.49,0.98,0,0,0,0
148.41,12,5912,US,0,0,2,58.15,2.55,0,0,0,0
69.01,15,5732,US,0,0,3,149.31,0.46,0,0,1,0
56.21,15,4121,US,0,0,1,149.87,0.38,0,0,0,0
26.6,17,5732,US,0,0,2,115.38,0.23,0,0,1,0
9.4,21,5732,US,0,0,3,142.43,0.07,0,0,1,0
34.56,14,5814,US,0,1,4,145.37,0.24,0,0,0,0
41.16,12,4121,US,1,1,2,84.17,0.49,0,0,0,0
63.06,11,4121,US,0,0,1,108.53,0.58,0,0,0,0
60.85,11,5732,US,0,0,6,55.89,1.09,0,0,1,0
16.68,11,5411,US,0,0,3,147.26,0.11,0,0,0,0
29.88,9,5411,US,0,1,4,149.34,0.2,0,0,0,0
120.48,9,5541,US,0,1,1,52.84,2.28,0,0,0,0
20.53,19,5732,US,1,2,5,109.93,0.19,0,0,1,0
23.28,10,5732,US,0,0,3,141.47,0.16,0,0,1,0
61.16,14,5732,US,0,0,2,141.59,0.43,0,0,1,0
8.1,14,5812,US,0,0,4,140.53,0.06,0,0,0,0
176.49,11,5814,JP,0,0,2,82.19,2.15,1,0,0,0
58.19,14,5541,GB,0,1,2,121.2,0.48,1,0,0,0
24.0,13,5411,US,0,0,2,120.85,0.2,0,0,0,0
18.71,14,5812,US,0,0,3,66.98,0.28,0,0,0,0
140.82,12,5311,US,0,0,2,82.2,1.71,0,0,0,0
111.9,8,5812,US,0,1,3,68.12,1.64,0,0,0,0
112.5,8,5814,US,0,2,3,75.72,1.49,0,0,0,0
102.4,13,5311,FR,0,0,1,149.45,0.69,1,0,0,0
131.88,11,5411,US,0,2,3,68.57,1.92,0,0,0,0
23.03,9,5912,US,0,1,2,128.95,0.18,0,0,0,0
14.53,11,5814,US,1,2,8,124.11,0.12,0,0,0,0
8.39,18,5411,US,0,0,2,91.64,0.09,0,0,0,0
23.33,13,5311,US,0,1,3,129.97,0.18,0,0,0,0
520.99,19,5541,US,0,0,1,122.04,4.27,0,0,0,0
31.63,9,5812,US,1,1,2,65.79,0.48,0,0,0,0
40.55,12,5814,US,0,1,3,140.72,0.29,0,0,0,0
39.54,8,5541,US,0,0,2,137.46,0.29,0,0,0,0
57.34,16,5732,US,0,0,4,58.72,0.98,0,0,1,0
30.3,18,4121,US,0,2,4,77.79,0.39,0,0,0,0
67.9,18,4121,US,0,0,3,118.95,0.57,0,0,0,0
88.2,8,5814,US,1,3,5,97.54,0.9,0,0,0,0
37.21,16,4121,US,0,1,6,124.2,0.3,0,0,0,0
76.99,16,5411,US,1,2,4,86.03,0.89,0,0,0,0
43.89,10,5732,US,0,0,1,86.86,0.51,0,0,1,0
10.67,13,5912,US,0,1,4,58.98,0.18,0,0,0,0
52.26,10,5411,US,0,2,5,140.18,0.37,0,0,0,0
17.63,19,5814,US,0,1,2,146.06,0.12,0,0,0,0
15.98,15,5912,US,0,1,4,62.89,0.25,0,0,0,0
135.3,8,4121,US,1,1,4,145.06,0.93,0,0,0,0
97.82,8,5732,US,0,0,5,61.16,1.6,0,0,1,0
37.66,6,5411,US,0,1,2,120.3,0.31,0,0,0,0
9.08,16,5912,US,1,2,7,112.22,0.08,0,0,0,0
68.0,15,5912,US,0,2,8,80.79,0.84,0,0,0,0
33.44,2,5732,US,0,1,3,130.96,0.26,0,1,1,0
39.99,13,5411,US,0,1,3,122.85,0.33,0,0,0,0
28.75,18,4121,US,0,0,8,123.19,0.23,0,0,0,0
70.32,12,4121,US,0,0,1,69.2,1.02,0,0,0,0
55.87,14,5812,US,0,0,4,127.08,0.44,0,0,0,0
4.2,13,5541,US,2,3,7,67.74,0.06,0,0,0,0
16.22,12,5814,US,0,0,3,74.13,0.22,0,0,0,0
19.71,23,5814,JP,1,2,3,137.31,0.14,1,0,0,0
124.81,15,4121,US,0,0,1,50.58,2.47,0,0,0,0
128.15,20,5541,US,0,0,3,114.95,1.11,0,0,0,0
39.44,9,5311,US,0,0,4,98.92,0.4,0,0,0,0
44.59,16,5912,US,0,1,4,111.7,0.4,0,0,0,0
31.29,13,5411,US,0,0,1,147.72,0.21,0,0,0,0
187.03,4,5912,US,0,1,3,149.46,1.25,0,1,0,0
89.63,20,5912,US,0,0,3,146.61,0.61,0,0,0,0
66.35,13,5814,US,1,2,3,140.86,0.47,0,0,0,0
39.99,13,5814,US,0,0,2,73.7,0.54,0,0,0,0
18.81,6,5732,US,0,0,2,71.6,0.26,0,0,1,0
19.61,13,5912,US,0,0,3,84.7,0.23,0,0,0,0
53.13,11,4121,US,0,0,1,86.21,0.62,0,0,0,0
11.24,15,5912,US,0,1,3,88.73,0.13,0,0,0,0
221.16,3,5732,GB,9,21,15,77.38,2.86,1,1,1,1
16.22,12,5912,US,0,0,3,57.98,0.28,0,0,0,0
32.9,14,5411,US,0,0,1,125.6,0.26,0,0,0,0
312.22,16,5812,US,1,2,2,96.09,3.25,0,0,0,0
49.1,11,5411,US,0,1,2,74.87,0.66,0,0,0,0
843.46,2,5732,CY,1,3,10,49.98,16.88,1,1,1,1
22.77,9,5732,US,0,0,1,144.21,0.16,0,0,1,0
15.46,11,5812,US,0,0,2,147.49,0.1,0,0,0,0
10.74,14,5541,US,0,0,2,102.59,0.1,0,0,0,0
35.07,15,5812,US,1,1,4,109.82,0.32,0,0,0,0
1.49,10,5311,NG,7,22,29,43.46,0.03,1,0,0,1
42.01,13,5814,US,1,1,2,119.57,0.35,0,0,0,0
36.34,9,5732,US,1,2,7,119.03,0.31,0,0,1,0
212.66,14,4121,US,0,1,2,125.24,1.7,0,0,0,0
216.52,19,5912,US,0,2,4,87.26,2.48,0,0,0,0
35.91,8,5732,US,0,0,2,109.43,0.33,0,0,1,0
13.64,15,4121,US,0,2,3,90.18,0.15,0,0,0,0
126.53,13,5912,US,1,2,4,94.81,1.33,0,0,0,0
12.75,17,5814,US,0,0,5,104.79,0.12,0,0,0,0
75.62,21,4121,US,0,0,2,63.92,1.18,0,0,0,0
78.52,10,5541,US,0,0,1,135.73,0.58,0,0,0,0
8.3,17,5732,US,0,1,1,66.35,0.13,0,0,1,0
115.88,21,5812,US,0,0,1,98.37,1.18,0,0,0,0
176.83,6,4121,US,0,2,3,107.3,1.65,0,0,0,0
53.28,14,4121,US,0,0,2,71.28,0.75,0,0,0,0
1.88,17,5311,US,5,19,32,45.93,0.04,0,0,0,1
17.88,14,5411,US,1,1,2,80.24,0.22,0,0,0,0
36.39,13,5732,US,0,1,4,98.87,0.37,0,0,1,0
193.77,13,5912,US,0,2,2,56.99,3.4,0,0,0,0
19.16,21,4121,FR,0,1,3,92.97,0.21,1,0,0,0
80.31,16,5541,US,0,2,2,103.22,0.78,0,0,0,0
57.6,10,5541,US,0,0,0,113.41,0.51,0,0,0,0
78.57,9,5814,US,0,3,5,71.32,1.1,0,0,0,0
14.81,11,5912,US,0,0,5,122.72,0.12,0,0,0,0
25.18,12,5541,US,0,0,5,81.77,0.31,0,0,0,0
10.32,14,5812,US,0,0,1,91.34,0.11,0,0,0,0
15.13,7,5912,US,0,0,4,68.1,0.22,0,0,0,0
37.24,13,5912,US,0,2,3,68.47,0.54,0,0,0,0
51.66,15,5311,US,0,0,1,103.61,0.5,0,0,0,0
14.14,16,5812,US,0,1,3,130.17,0.11,0,0,0,0
69.3,13,5311,US,1,2,3,66.12,1.05,0,0,0,0
32.03,11,5411,US,0,0,3,76.39,0.42,0,0,0,0
56.78,12,5814,US,0,0,2,98.68,0.58,0,0,0,0
19.59,17,5541,US,0,1,2,130.92,0.15,0,0,0,0
28.91,11,5311,US,0,0,3,111.78,0.26,0,0,0,0
183.28,8,4121,CA,0,1,1,80.34,2.28,1,0,0,0
10.65,23,5812,US,0,1,2,104.78,0.1,0,0,0,0
53.29,7,5814,US,0,1,3,108.4,0.49,0,0,0,0
39.85,15,5541,US,0,1,6,128.39,0.31,0,0,0,0
29.54,10,5732,US,1,3,6,126.03,0.23,0,0,1,0
14.39,8,5411,US,0,0,3,55.36,0.26,0,0,0,0
32.89,12,5311,US,0,0,2,54.38,0.6,0,0,0,0
21.7,15,5311,US,0,1,3,74.16,0.29,0,0,0,0
48.59,16,5541,US,0,0,2,107.01,0.45,0,0,0,0
43.9,12,5541,US,0,1,3,73.44,0.6,0,0,0,0
41.72,16,5812,US,1,1,2,112.26,0.37,0,0,0,0
31.4,17,5812,US,0,0,3,78.15,0.4,0,0,0,0
144.86,18,5814,US,0,0,5,149.52,0.97,0,0,0,0
37.11,13,4121,US,0,3,6,89.82,0.41,0,0,0,0
53.48,12,5912,US,0,1,4,50.29,1.06,0,0,0,0
19.86,13,5812,US,0,3,5,68.65,0.29,0,0,0,0
41.96,10,5732,US,0,0,4,128.52,0.33,0,0,1,0
84.16,8,5541,US,0,0,3,145.14,0.58,0,0,0,0
61.49,12,5311,CA,0,1,5,91.46,0.67,1,0,0,0
0.84,21,5311,NG,13,22,24,97.22,0.01,1,0,0,1
20.33,14,5812,US,1,1,4,57.73,0.35,0,0,0,0
5958.91,2,5944,RO,3,4,6,86.22,69.11,1,1,1,1
47.3,11,5311,US,0,1,3,77.85,0.61,0,0,0,0
38.26,14,5541,US,0,1,4,77.18,0.5,0,0,0,0
38.63,11,5411,DE,1,4,7,74.99,0.52,1,0,0,0
23.09,7,5411,US,0,1,3,50.43,0.46,0,0,0,0
24.3,4,5311,US,0,1,3,64.56,0.38,0,1,0,0
185.47,12,5311,US,0,0,2,97.75,1.9,0,0,0,0
29.8,19,5912,GB,0,3,5,136.37,0.22,1,0,0,0
56.65,13,5812,US,0,0,1,143.91,0.39,0,0,0,0
256.71,21,5732,US,1,1,2,50.08,5.13,0,0,1,0
44.81,9,5912,US,0,0,4,136.86,0.33,0,0,0,0
40.81,11,4121,US,0,1,4,100.83,0.4,0,0,0,0
47.0,14,5814,US,0,0,4,115.07,0.41,0,0,0,0
23.78,18,5912,US,1,3,7,77.75,0.31,0,0,0,0
44.81,9,4121,US,0,1,2,97.22,0.46,0,0,0,0
25.42,10,5732,US,0,0,1,57.8,0.44,0,0,1,0
64.46,14,5814,US,0,3,4,80.13,0.8,0,0,0,0
70.15,6,5411,US,1,2,5,51.15,1.37,0,0,0,0
22.48,15,5311,US,0,0,4,142.22,0.16,0,0,0,0
36.23,18,4121,US,1,3,10,66.63,0.54,0,0,0,0
142.0,18,5912,US,0,1,4,68.29,2.08,0,0,0,0
8.71,16,5732,US,0,1,2,138.61,0.06,0,0,1,0
31.9,11,5311,US,1,1,2,130.27,0.24,0,0,0,0
53.56,18,5814,US,0,0,6,94.96,0.56,0,0,0,0
2536.22,4,5732,RO,1,3,7,81.79,31.01,1,1,1,1
64.56,16,5541,US,0,2,7,56.0,1.15,0,0,0,0
24.16,9,4121,US,2,5,6,59.19,0.41,0,0,0,0
91.05,23,5912,FR,1,1,4,68.8,1.32,1,0,0,0
61.21,17,5814,US,0,0,1,144.64,0.42,0,0,0,0
73.21,15,4121,US,0,0,2,116.35,0.63,0,0,0,0
152.06,16,5812,US,0,0,3,54.57,2.79,0,0,0,0
49.59,18,5814,US,0,0,4,56.03,0.89,0,0,0,0
124.27,14,5411,US,0,1,6,120.85,1.03,0,0,0,0
34.22,21,5814,US,0,3,5,104.51,0.33,0,0,0,0
37.12,10,5311,US,0,2,3,109.6,0.34,0,0,0,0
23.52,16,5912,US,0,1,2,132.0,0.18,0,0,0,0
35.28,15,5541,US,0,1,4,113.04,0.31,0,0,0,0
50.03,15,5812,US,0,0,2,59.24,0.84,0,0,0,0
191.54,13,5541,US,0,0,1,135.18,1.42,0,0,0,0
21.9,14,5912,US,0,2,5,59.35,0.37,0,0,0,0
8282.03,5,5732,UA,2,5,4,97.27,85.14,1,1,1,1
49.08,18,5541,US,0,1,2,73.97,0.66,0,0,0,0
23.08,17,5732,US,0,2,4,116.9,0.2,0,0,1,0
85.37,9,5541,US,0,2,6,135.81,0.63,0,0,0,0
20.18,13,4121,US,1,2,4,61.02,0.33,0,0,0,0
85.22,14,4121,US,0,1,5,94.44,0.9,0,0,0,0
5.67,16,5912,US,0,1,1,63.68,0.09,0,0,0,0
12.62,15,5541,US,0,0,5,129.64,0.1,0,0,0,0
64.02,14,5411,US,1,1,2,149.53,0.43,0,0,0,0
42.79,20,5311,US,0,0,3,132.62,0.32,0,0,0,0
44.73,15,5311,US,1,3,6,142.07,0.31,0,0,0,0
57.12,11,5732,US,0,1,5,145.53,0.39,0,0,1,0
145.84,13,5732,US,0,1,1,63.76,2.29,0,0,1,0
58.29,14,5311,US,0,0,4,101.98,0.57,0,0,0,0
68.37,7,5541,US,0,3,8,95.76,0.71,0,0,0,0
86.75,12,5411,US,1,2,2,95.36,0.91,0,0,0,0
38.74,12,5411,US,0,0,4,91.93,0.42,0,0,0,0
21.89,19,5912,US,0,0,3,91.67,0.24,0,0,0,0
2157.75,22,5944,CN,2,4,12,64.36,33.53,1,0,1,1
39.66,17,5732,US,0,2,3,72.15,0.55,0,0,1,0
14.29,10,5311,US,0,1,5,93.19,0.15,0,0,0,0
119.91,11,5311,US,0,0,2,78.45,1.53,0,0,0,0
113.12,13,5812,US,0,0,3,129.05,0.88,0,0,0,0
1304.0,0,4829,NG,2,3,12,85.04,15.33,1,1,1,1
60.06,13,4121,US,0,0,4,114.93,0.52,0,0,0,0
20.65,18,5912,US,0,0,2,138.38,0.15,0,0,0,0
106.54,13,5732,US,0,0,4,96.2,1.11,0,0,1,0
126.44,11,5411,US,0,0,5,138.5,0.91,0,0,0,0
34.84,16,5541,US,0,0,3,102.78,0.34,0,0,0,0
7.48,10,5311,US,0,1,4,96.45,0.08,0,0,0,0
67.39,14,5541,US,0,0,0,70.65,0.95,0,0,0,0
22.63,9,5814,US,1,1,3,86.22,0.26,0,0,0,0
73.31,15,4121,US,0,0,4,83.63,0.88,0,0,0,0
3131.11,8,5732,NG,2,6,11,54.03,57.95,1,0,1,1
85.03,14,5732,US,0,1,4,120.94,0.7,0,0,1,0
105.86,8,5541,US,0,1,1,97.47,1.09,0,0,0,0
8.03,8,5812,US,1,2,4,64.35,0.12,0,0,0,0
22.66,8,4121,US,0,0,4,140.14,0.16,0,0,0,0
7.85,14,5912,US,0,1,5,122.68,0.06,0,0,0,0
31.52,15,5912,US,0,4,8,53.71,0.59,0,0,0,0
176.66,13,5311,US,0,1,4,96.66,1.83,0,0,0,0
99.22,9,5541,US,0,3,6,84.82,1.17,0,0,0,0
118.84,14,5814,US,0,1,3,99.9,1.19,0,0,0,0
82.15,11,5411,US,0,0,1,134.17,0.61,0,0,0,0
62.35,10,5411,US,0,2,4,111.41,0.56,0,0,0,0
28.49,7,5814,US,1,1,3,121.45,0.23,0,0,0,0
38.89,13,5812,GB,0,0,3,105.79,0.37,1,0,0,0
16.08,22,5812,CA,0,1,2,64.9,0.25,1,0,0,0
47.58,16,5311,US,0,1,5,78.24,0.61,0,0,0,0
12.24,11,5812,US,0,1,3,88.19,0.14,0,0,0,0
25.82,14,5814,US,0,0,2,83.83,0.31,0,0,0,0
54.7,11,5812,US,1,1,1,56.09,0.98,0,0,0,0
90.54,15,5732,US,1,2,3,83.53,1.08,0,0,1,0
9.42,11,4121,US,2,2,4,99.08,0.1,0,0,0,0
496.45,21,5732,US,6,23,35,51.98,9.55,0,0,1,1
86.18,12,5812,US,0,1,4,60.88,1.42,0,0,0,0
103.54,15,5812,US,2,2,4,122.13,0.85,0,0,0,0
186.86,12,5812,US,1,1,1,145.8,1.28,0,0,0,0
129.96,17,5411,US,0,0,1,104.16,1.25,0,0,0,0
80.07,16,5814,US,0,0,2,131.81,0.61,0,0,0,0
21.12,15,5732,US,1,1,3,54.48,0.39,0,0,1,0
2527.38,19,5944,CN,2,8,8,74.15,34.08,1,0,1,1
126.26,13,5411,US,0,2,3,72.35,1.75,0,0,0,0
141.71,16,5311,US,1,2,3,90.91,1.56,0,0,0,0
42.87,12,5912,US,0,2,5,106.85,0.4,0,0,0,0
35.92,5,5411,US,0,1,1,88.95,0.4,0,1,0,0
34.25,14,5311,US,0,2,5,140.09,0.24,0,0,0,0
8.51,11,5311,US,0,4,10,117.0,0.07,0,0,0,0
19.45,15,5311,US,0,0,3,81.34,0.24,0,0,0,0
60.59,12,5732,US,0,2,5,103.52,0.59,0,0,1,0
66.08,14,5912,US,0,0,4,104.21,0.63,0,0,0,0
30.49,13,5912,US,0,2,9,100.79,0.3,0,0,0,0
42.6,11,5311,US,0,1,2,143.21,0.3,0,0,0,0
17.53,16,5814,US,1,2,3,95.44,0.18,0,0,0,0
64.79,15,5541,US,0,2,7,58.19,1.11,0,0,0,0
73.86,16,5812,US,1,2,5,75.24,0.98,0,0,0,0
39.49,9,5411,US,1,1,5,84.9,0.47,0,0,0,0
15.49,16,5814,US,0,0,3,64.45,0.24,0,0,0,0
12.38,13,5311,US,0,0,3,85.79,0.14,0,0,0,0
131.54,4,5814,FR,0,0,3,120.39,1.09,1,1,0,0
6.12,8,5732,US,1,3,4,121.87,0.05,0,0,1,0
84.79,13,5912,US,0,0,2,55.35,1.53,0,0,0,0
3.01,15,5311,UA,15,10,42,70.38,0.04,1,0,0,1
70.46,17,5814,US,0,3,9,73.34,0.96,0,0,0,0
18.56,16,5311,US,0,0,2,84.9,0.22,0,0,0,0
118.55,14,5541,US,0,2,3,98.11,1.21,0,0,0,0
17.1,5,5541,US,0,0,0,93.66,0.18,0,1,0,0
28.28,5,5814,US,1,1,4,143.08,0.2,0,1,0,0
5582.95,1,5944,CY,3,2,10,51.38,108.66,1,1,1,1
768.24,1,4829,US,8,13,19,44.25,17.36,0,1,1,1
51.86,11,5541,US,1,3,4,87.64,0.59,0,0,0,0
75.28,15,5541,CA,0,1,3,50.15,1.5,1,0,0,0
21.02,11,5814,US,0,0,3,86.36,0.24,0,0,0,0
13.42,17,5541,US,0,0,3,109.14,0.12,0,0,0,0
44.86,20,5311,US,1,3,4,80.19,0.56,0,0,0,0
9002.27,0,5732,CN,2,2,8,76.84,117.16,1,1,1,1
82.61,21,5814,US,1,2,7,112.87,0.73,0,0,0,0
157.63,12,5311,US,1,3,3,99.29,1.59,0,0,0,0
19.2,15,5912,US,1,3,7,110.94,0.17,0,0,0,0
104.61,13,5541,US,0,0,3,71.65,1.46,0,0,0,0
53.26,13,5541,US,2,2,3,110.58,0.48,0,0,0,0
54.11,18,5411,US,0,2,7,139.52,0.39,0,0,0,0
73.8,12,5411,US,0,2,5,117.4,0.63,0,0,0,0
7.96,19,5411,US,1,4,6,74.36,0.11,0,0,0,0
2386.46,2,4829,NG,1,2,5,66.45,35.91,1,1,1,1
5522.38,4,5732,RU,1,6,5,65.96,83.72,1,1,1,1
61.5,10,5541,US,0,2,2,115.82,0.53,0,0,0,0
62.1,19,4121,US,0,0,3,117.43,0.53,0,0,0,0
54.97,15,4121,US,0,1,3,68.69,0.8,0,0,0,0
121.23,16,5541,US,0,1,4,92.76,1.31,0,0,0,0
39.77,15,5812,US,0,0,3,123.79,0.32,0,0,0,0
54.56,17,5912,US,0,1,6,118.47,0.46,0,0,0,0
76.7,9,5311,US,0,0,1,60.21,1.27,0,0,0,0
84.42,13,5912,US,0,3,4,62.76,1.35,0,0,0,0
36.24,20,5814,US,0,1,4,105.36,0.34,0,0,0,0
38.34,13,5912,US,0,0,5,134.98,0.28,0,0,0,0
188.18,8,5912,US,0,0,5,92.88,2.03,0,0,0,0
7.08,13,5732,US,0,0,1,136.26,0.05,0,0,1,0
7580.48,2,5732,RO,3,4,10,63.31,119.74,1,1,1,1
32.54,17,5541,US,1,3,3,50.82,0.64,0,0,0,0
123.66,5,5912,US,0,1,1,54.75,2.26,0,1,0,0
14.0,18,5912,US,0,1,4,76.31,0.18,0,0,0,0
131.13,14,4121,US,1,1,3,100.1,1.31,0,0,0,0
80.41,13,5411,US,0,0,1,144.34,0.56,0,0,0,0
51.07,8,5812,US,0,1,5,61.48,0.83,0,0,0,0
13.17,12,4121,US,0,0,4,67.55,0.19,0,0,0,0
747.43,20,6051,GB,5,16,22,48.49,15.41,1,0,1,1
74.97,12,5311,US,0,1,5,109.92,0.68,0,0,0,0
70.2,9,5411,US,0,0,4,60.81,1.15,0,0,0,0
26.21,16,5732,US,0,2,4,54.46,0.48,0,0,1,0
717.06,0,6051,US,4,19,34,56.23,12.75,0,1,1,1
47.29,17,5812,US,0,3,4,90.03,0.53,0,0,0,0
9.52,18,5912,GB,0,3,4,72.1,0.13,1,0,0,0
114.52,15,5732,US,1,1,6,145.21,0.79,0,0,1,0
99.1,18,4121,US,0,1,3,101.94,0.97,0,0,0,0
240.63,18,5814,US,0,0,2,75.49,3.19,0,0,0,0
20.79,4,5732,US,0,0,1,102.7,0.2,0,1,1,0
5.69,20,5732,US,0,3,4,80.91,0.07,0,0,1,0
227.39,6,5732,US,0,0,3,123.53,1.84,0,0,1,0
54.95,17,5814,US,0,3,6,108.17,0.51,0,0,0,0
21.09,13,5541,US,0,2,3,95.95,0.22,0,0,0,0
15.15,12,5541,US,1,2,4,143.25,0.11,0,0,0,0
22.1,10,5541,US,0,0,4,131.31,0.17,0,0,0,0
9.47,16,5812,US,0,0,3,53.23,0.18,0,0,0,0
66.84,12,5812,US,0,0,4,79.57,0.84,0,0,0,0
177.12,13,5812,US,1,3,3,113.63,1.56,0,0,0,0
28.37,7,5411,US,0,0,3,95.3,0.3,0,0,0,0
37.02,23,5814,US,0,0,4,97.52,0.38,0,0,0,0
17.46,11,5912,US,0,0,4,85.27,0.2,0,0,0,0
50.77,7,5411,US,0,1,1,52.3,0.97,0,0,0,0
6034.98,5,5944,RO,1,3,6,78.4,76.98,1,1,1,1
8.79,12,5814,US,0,1,3,136.64,0.06,0,0,0,0
20.29,19,5732,US,0,0,4,120.91,0.17,0,0,1,0
29.45,13,5411,GB,0,1,11,54.59,0.54,1,0,0,0
0.81,18,5311,US,9,23,30,78.22,0.01,0,0,0,1
47.76,13,5912,US,0,0,2,59.25,0.81,0,0,0,0
11.31,20,5732,US,1,1,5,96.35,0.12,0,0,1,0
71.96,14,5814,US,0,1,1,111.75,0.64,0,0,0,0
82.52,16,5912,US,0,2,4,59.27,1.39,0,0,0,0
44.41,23,5411,US,0,2,2,122.58,0.36,0,0,0,0
29.41,19,5411,US,0,0,2,60.91,0.48,0,0,0,0
156.91,18,5812,US,0,0,3,82.29,1.91,0,0,0,0
16.88,18,5411,US,0,2,3,67.59,0.25,0,0,0,0
43.19,9,4121,GB,0,2,4,136.78,0.32,1,0,0,0
24.37,15,5912,US,1,1,1,107.54,0.23,0,0,0,0
88.83,18,5411,US,0,0,6,59.31,1.5,0,0,0,0
122.21,15,5311,US,0,1,1,142.66,0.86,0,0,0,0
13.41,2,5541,US,0,0,5,94.32,0.14,0,1,0,0
65.47,19,5311,US,1,1,2,97.52,0.67,0,0,0,0
32.34,17,5541,US,1,2,3,121.46,0.27,0,0,0,0
18.28,12,5541,US,0,0,6,50.0,0.37,0,0,0,0
60.61,14,5311,US,0,2,4,121.62,0.5,0,0,0,0
123.4,6,5814,US,0,0,2,78.33,1.58,0,0,0,0
56.56,18,5912,US,0,0,8,54.79,1.03,0,0,0,0
76.05,18,5814,US,0,1,5,124.93,0.61,0,0,0,0
20.36,17,5311,US,0,2,6,52.21,0.39,0,0,0,0
42.1,17,5732,US,0,1,1,140.14,0.3,0,0,1,0
20.32,8,5311,US,0,1,1,98.67,0.21,0,0,0,0
35.68,10,5912,US,0,0,1,141.71,0.25,0,0,0,0
115.46,20,5814,US,0,0,2,134.31,0.86,0,0,0,0
20.66,12,5541,US,0,0,6,111.07,0.19,0,0,0,0
117.09,7,5912,US,0,1,7,106.05,1.1,0,0,0,0
26.64,3,5912,US,1,2,5,119.28,0.22,0,1,0,0
126.11,14,5812,US,2,4,6,65.47,1.93,0,0,0,0
79.38,19,5912,US,0,0,4,73.59,1.08,0,0,0,0
25.76,21,5812,US,0,0,1,121.28,0.21,0,0,0,0
33.49,13,5912,US,1,1,4,116.25,0.29,0,0,0,0
88.01,23,5311,US,0,2,4,110.87,0.79,0,0,0,0
152.35,14,5812,US,0,0,3,145.55,1.05,0,0,0,0
46.64,12,5814,JP,0,1,4,73.47,0.63,1,0,0,0
256.72,16,5912,US,0,0,3,142.73,1.8,0,0,0,0
57.75,6,5411,US,0,2,6,64.62,0.89,0,0,0,0
16.39,13,5814,US,0,2,3,140.08,0.12,0,0,0,0
74.02,12,4121,US,0,0,3,73.81,1.0,0,0,0,0
95.98,9,5912,US,0,1,5,82.88,1.16,0,0,0,0
3.87,16,5812,US,1,2,3,144.49,0.03,0,0,0,0
40.78,18,5912,US,0,1,4,71.23,0.57,0,0,0,0
44.79,16,4121,US,0,2,4,61.14,0.73,0,0,0,0
90.79,12,5814,US,0,0,4,127.15,0.71,0,0,0,0
58.99,12,5541,US,0,0,3,108.85,0.54,0,0,0,0
41.01,10,5411,US,1,1,4,78.71,0.52,0,0,0,0
54.53,16,5814,US,1,1,4,120.42,0.45,0,0,0,0
17.98,8,5311,US,0,0,4,92.63,0.19,0,0,0,0
58.61,11,5912,US,0,0,3,92.65,0.63,0,0,0,0
8.82,18,5311,US,0,1,2,59.21,0.15,0,0,0,0
16.14,9,4121,US,1,1,6,64.5,0.25,0,0,0,0
26.02,8,5812,US,0,0,2,74.27,0.35,0,0,0,0
51.8,19,5732,US,0,0,2,85.67,0.6,0,0,1,0
50.39,12,5912,US,0,0,4,72.2,0.7,0,0,0,0
9.19,9,5814,US,1,3,6,131.62,0.07,0,0,0,0
113.24,15,5541,US,0,1,2,109.26,1.04,0,0,0,0
70.89,17,4121,US,0,1,3,60.38,1.17,0,0,0,0
10.02,15,5814,US,0,1,3,102.3,0.1,0,0,0,0
26.31,21,5812,GB,0,3,6,113.65,0.23,1,0,0,0
50.71,9,5814,US,1,2,4,91.95,0.55,0,0,0,0
38.5,10,5732,US,0,2,5,78.41,0.49,0,0,1,0
48.33,9,5814,JP,0,1,3,54.15,0.89,1,0,0,0
59.5,17,5311,US,2,2,4,125.79,0.47,0,0,0,0
73.46,11,5814,US,0,0,3,69.74,1.05,0,0,0,0
146.7,18,5912,US,0,3,5,74.46,1.97,0,0,0,0
54.84,20,5814,US,0,0,2,96.36,0.57,0,0,0,0
352.65,17,5912,US,1,1,4,130.57,2.7,0,0,0,0
5.8,10,5311,US,0,1,4,104.69,0.06,0,0,0,0
32.51,15,4121,US,0,2,5,143.94,0.23,0,0,0,0
15.66,15,5814,US,0,0,2,62.82,0.25,0,0,0,0
9.97,9,5311,US,0,1,3,95.68,0.1,0,0,0,0
70.74,14,5814,US,0,1,4,113.2,0.62,0,0,0,0
115.13,16,5732,US,0,2,3,108.87,1.06,0,0,1,0
57.73,10,5812,US,0,0,3,111.8,0.52,0,0,0,0
18.3,15,5311,US,0,0,4,100.29,0.18,0,0,0,0
52.08,9,5732,US,1,1,1,92.19,0.56,0,0,1,0
129.97,12,5541,US,1,2,4,107.93,1.2,0,0,0,0
12.71,15,5812,US,0,2,3,149.93,0.08,0,0,0,0
56.66,10,5411,US,0,0,1,84.33,0.67,0,0,0,0
21.53,6,5411,US,0,0,1,101.52,0.21,0,0,0,0
12.69,12,5411,US,0,1,3,93.72,0.14,0,0,0,0
46.46,15,4121,US,0,1,2,121.43,0.38,0,0,0,0
53.08,9,5541,US,0,1,3,74.93,0.71,0,0,0,0
48.65,21,5912,US,0,1,2,146.46,0.33,0,0,0,0
74.96,12,4121,US,0,0,2,94.67,0.79,0,0,0,0
81.44,13,5541,US,0,0,3,139.27,0.58,0,0,0,0
90.46,10,4121,US,0,1,4,129.29,0.7,0,0,0,0
61.94,10,5814,US,0,1,3,120.37,0.51,0,0,0,0
31.31,14,5311,US,0,1,3,147.08,0.21,0,0,0,0
49.76,13,5311,US,0,1,3,96.43,0.52,0,0,0,0
3.14,16,5311,NG,5,13,18,54.97,0.06,1,0,0,1
203.45,9,5311,US,1,3,5,52.86,3.85,0,0,0,0
26.44,8,4121,US,0,1,4,140.39,0.19,0,0,0,0
39.46,12,5411,US,0,0,2,71.38,0.55,0,0,0,0
22.29,12,5814,US,0,1,3,72.24,0.31,0,0,0,0
54.13,19,4121,US,0,0,0,66.8,0.81,0,0,0,0
23.3,9,5814,US,0,3,4,114.66,0.2,0,0,0,0
68.45,19,5812,US,1,3,5,104.78,0.65,0,0,0,0
19.0,13,5912,US,0,0,3,144.7,0.13,0,0,0,0
8.81,15,4121,US,0,0,1,114.82,0.08,0,0,0,0
180.89,14,5912,US,0,1,3,117.97,1.53,0,0,0,0
38.0,10,5411,US,0,0,2,81.07,0.47,0,0,0,0
84.56,12,4121,US,1,1,3,62.04,1.36,0,0,0,0
103.72,12,4121,GB,0,0,0,54.26,1.91,1,0,0,0
34.88,16,5732,US,0,0,3,58.06,0.6,0,0,1,0
107.3,17,5411,US,1,1,4,51.88,2.07,0,0,0,0
7.37,23,5311,US,0,0,1,64.96,0.11,0,0,0,0
51.04,14,5311,US,0,1,7,58.7,0.87,0,0,0,0
73.16,10,4121,US,1,2,7,115.03,0.64,0,0,0,0
97.48,20,5411,US,0,2,4,116.93,0.83,0,0,0,0
16.66,11,5814,US,0,1,6,50.56,0.33,0,0,0,0
26.39,7,5812,US,0,0,1,139.93,0.19,0,0,0,0
76.73,12,5812,US,0,2,6,88.15,0.87,0,0,0,0
19.35,9,5912,US,1,2,6,96.14,0.2,0,0,0,0
14.06,21,5732,US,1,3,7,74.21,0.19,0,0,1,0
38.43,15,5311,US,0,0,1,79.45,0.48,0,0,0,0
32.29,10,5311,US,0,2,4,55.66,0.58,0,0,0,0
108.26,13,5732,US,0,1,2,133.85,0.81,0,0,1,0
23.33,16,5732,US,0,1,4,54.44,0.43,0,0,1,0
75.32,18,5912,FR,0,0,2,116.33,0.65,1,0,0,0
66.01,11,5732,US,0,0,0,120.1,0.55,0,0,1,0
85.48,17,5732,US,0,0,3,143.6,0.6,0,0,1,0
120.91,19,5541,US,0,2,4,79.27,1.53,0,0,0,0
36.95,18,5411,FR,0,0,3,107.47,0.34,1,0,0,0
75.78,17,5541,US,1,2,2,75.7,1.0,0,0,0,0
51.61,8,5311,US,0,0,1,144.43,0.36,0,0,0,0
20.16,19,5732,US,0,0,2,149.58,0.13,0,0,1,0
165.06,10,5812,US,0,1,4,94.75,1.74,0,0,0,0
115.07,13,5732,US,0,2,5,107.23,1.07,0,0,1,0
148.12,12,5541,US,0,0,2,64.59,2.29,0,0,0,0
23.91,11,5814,US,0,0,0,125.78,0.19,0,0,0,0
50.21,12,5411,US,0,0,3,74.62,0.67,0,0,0,0
45.16,12,5912,US,0,0,1,108.86,0.41,0,0,0,0
35.5,11,5732,US,1,2,5,131.69,0.27,0,0,1,0
21.52,18,5541,US,0,0,4,83.84,0.26,0,0,0,0
96.48,12,4121,US,0,1,3,109.3,0.88,0,0,0,0
42.84,12,5912,US,1,3,4,86.44,0.5,0,0,0,0
15.33,19,5311,US,0,1,3,144.76,0.11,0,0,0,0
31.61,12,5814,US,0,0,1,144.5,0.22,0,0,0,0
65.54,20,5411,US,0,2,3,114.77,0.57,0,0,0,0
18.23,18,5912,US,0,0,4,66.27,0.28,0,0,0,0
52.01,8,5814,US,0,1,5,124.4,0.42,0,0,0,0
33.84,19,5311,US,0,0,2,71.5,0.47,0,0,0,0
105.0,17,5311,US,0,0,2,140.47,0.75,0,0,0,0
12.07,15,5814,US,0,5,8,97.36,0.12,0,0,0,0
6082.45,2,6051,CN,2,4,4,52.16,116.61,1,1,1,1
126.39,16,5732,US,0,0,4,96.23,1.31,0,0,1,0
35.28,10,5411,US,1,3,4,122.08,0.29,0,0,0,0
31.37,17,5541,US,0,3,6,114.37,0.27,0,0,0,0
19.57,9,4121,US,0,2,3,117.03,0.17,0,0,0,0
45.76,10,5814,US,0,1,1,89.41,0.51,0,0,0,0
141.43,11,5912,US,1,3,5,80.97,1.75,0,0,0,0
50.21,16,4121,US,0,0,3,79.21,0.63,0,0,0,0
16.07,16,5912,US,0,0,2,145.92,0.11,0,0,0,0
70.44,16,5311,US,0,2,10,81.42,0.87,0,0,0,0
332.62,6,5732,GB,6,22,31,65.41,5.09,1,0,1,1
12.88,13,5311,US,0,1,2,108.68,0.12,0,0,0,0
37.19,12,5541,US,0,0,2,120.04,0.31,0,0,0,0
73.88,10,5411,US,0,1,5,146.29,0.51,0,0,0,0
2477.39,4,5732,UA,1,2,6,78.55,31.54,1,1,1,1
25.87,11,5311,US,1,2,2,132.65,0.2,0,0,0,0
63.35,13,5814,DE,1,2,4,145.67,0.43,1,0,0,0
15.89,15,5812,US,1,2,4,77.86,0.2,0,0,0,0
79.24,19,5411,US,1,2,4,147.16,0.54,0,0,0,0
86.21,12,5732,US,0,0,1,141.51,0.61,0,0,1,0
75.73,19,5732,US,0,0,1,104.43,0.73,0,0,1,0
11.71,20,5912,US,0,2,3,105.71,0.11,0,0,0,0
266.38,15,5812,US,0,0,3,68.32,3.9,0,0,0,0
38.84,20,5812,US,1,1,3,77.65,0.5,0,0,0,0
22.74,14,5411,US,0,1,5,97.96,0.23,0,0,0,0
61.2,20,5311,US,0,0,2,85.09,0.72,0,0,0,0
61.16,15,5814,US,0,0,2,133.35,0.46,0,0,0,0
31.83,14,5541,US,0,1,4,109.71,0.29,0,0,0,0
12.8,23,5912,US,1,1,4,62.75,0.2,0,0,0,0
44.68,17,5411,US,0,1,4,108.11,0.41,0,0,0,0
81.58,16,5812,US,0,1,3,107.28,0.76,0,0,0,0
23.69,12,5541,US,1,1,1,56.0,0.42,0,0,0,0
207.49,14,5912,US,0,1,3,142.55,1.46,0,0,0,0
38.81,8,5732,US,0,1,5,110.24,0.35,0,0,1,0
16.5,9,5732,US,0,2,4,132.02,0.12,0,0,1,0
43.83,20,5732,JP,1,1,1,129.86,0.34,1,0,1,0
276.23,12,5541,US,0,0,3,127.36,2.17,0,0,0,0
144.49,13,4121,US,0,0,1,138.33,1.04,0,0,0,0
145.42,12,5814,US,0,0,3,93.15,1.56,0,0,0,0
93.56,15,5411,US,1,1,5,90.08,1.04,0,0,0,0
30.96,11,5814,US,0,0,1,145.13,0.21,0,0,0,0
17.74,15,5732,US,0,1,2,108.07,0.16,0,0,1,0
34.63,21,5311,US,0,0,4,135.51,0.26,0,0,0,0
39.27,14,5812,US,0,0,1,102.33,0.38,0,0,0,0
64.84,12,5814,US,0,0,3,116.09,0.56,0,0,0,0
123.02,13,5411,US,0,0,3,125.17,0.98,0,0,0,0
2799.34,6,6051,RU,3,4,12,69.7,40.16,1,0,1,1
43.49,19,5411,US,1,1,1,136.67,0.32,0,0,0,0
8.23,12,5814,US,0,1,4,53.11,0.15,0,0,0,0
24.21,11,4121,US,0,2,4,78.2,0.31,0,0,0,0
38.27,16,5732,US,0,2,4,73.72,0.52,0,0,1,0
1546.59,20,4829,RU,3,3,8,53.62,28.84,1,0,1,1
30.42,15,5732,US,0,0,2,106.5,0.29,0,0,1,0
25.52,10,5814,US,0,1,2,93.78,0.27,0,0,0,0
146.54,12,5311,US,0,1,4,88.63,1.65,0,0,0,0
26.48,1,5732,US,0,1,3,81.13,0.33,0,1,1,0
34.27,16,5812,US,0,1,5,65.86,0.52,0,0,0,0
55.05,16,5311,US,0,2,7,75.12,0.73,0,0,0,0
32.02,13,5812,US,0,0,3,59.18,0.54,0,0,0,0
48.32,7,5541,US,1,1,3,53.76,0.9,0,0,0,0
51.77,15,5912,US,1,1,2,101.91,0.51,0,0,0,0
30.75,12,5541,US,1,2,3,59.78,0.51,0,0,0,0
32.9,17,5912,US,0,0,1,134.05,0.25,0,0,0,0
20.0,8,5732,US,0,2,4,131.04,0.15,0,0,1,0
315.03,18,4121,US,0,0,5,63.66,4.95,0,0,0,0
107.23,14,5411,US,1,2,3,52.7,2.03,0,0,0,0
45.57,16,5912,US,0,4,5,92.6,0.49,0,0,0,0
30.54,8,5912,US,0,1,2,125.39,0.24,0,0,0,0
30.04,21,5814,US,0,0,2,68.01,0.44,0,0,0,0
36.99,14,5311,US,0,1,2,101.74,0.36,0,0,0,0
116.3,16,5732,US,1,2,4,122.29,0.95,0,0,1,0
50.63,13,5814,US,0,3,4,123.73,0.41,0,0,0,0
52.58,19,5541,US,0,0,2,96.69,0.54,0,0,0,0
68.99,18,5541,US,0,4,9,84.7,0.81,0,0,0,0
30.98,23,5732,US,0,1,4,56.81,0.55,0,0,1,0
31.79,20,5541,US,0,0,4,63.55,0.5,0,0,0,0
69.99,18,5732,US,0,2,3,68.46,1.02,0,0,1,0
22.38,14,5732,US,1,2,2,147.88,0.15,0,0,1,0
8429.79,1,6051,CN,1,6,9,45.43,185.56,1,1,1,1
28.5,14,5541,US,0,1,2,126.83,0.22,0,0,0,0
66.41,18,5541,US,1,1,3,104.3,0.64,0,0,0,0
40.26,6,5311,US,0,1,4,83.17,0.48,0,0,0,0
116.48,11,5411,US,0,1,3,148.85,0.78,0,0,0,0
50.93,17,5411,US,0,1,2,108.76,0.47,0,0,0,0
42.94,10,5732,US,0,0,1,105.54,0.41,0,0,1,0
62.76,14,5732,US,1,2,3,99.9,0.63,0,0,1,0
23.58,13,5411,US,0,0,4,102.13,0.23,0,0,0,0
20.11,16,5311,US,0,4,11,131.34,0.15,0,0,0,0
122.65,10,5411,US,1,1,5,99.57,1.23,0,0,0,0
70.37,17,5541,US,1,2,3,125.91,0.56,0,0,0,0
47.37,9,5411,US,0,0,1,65.14,0.73,0,0,0,0
50.31,18,5541,US,0,2,6,111.92,0.45,0,0,0,0
86.82,19,5732,US,2,3,9,92.81,0.94,0,0,1,0
10.33,10,5814,US,0,1,4,99.81,0.1,0,0,0,0
8.14,16,5812,US,0,0,2,84.18,0.1,0,0,0,0
20.45,14,5912,US,0,1,4,120.65,0.17,0,0,0,0
3.19,4,5311,NG,11,21,38,79.53,0.04,1,1,0,1
67.58,9,5732,US,0,1,1,53.27,1.27,0,0,1,0
51.85,20,5732,US,0,1,5,61.24,0.85,0,0,1,0
289.26,17,5912,US,1,2,9,53.43,5.41,0,0,0,0
56.88,18,5814,US,0,0,1,59.42,0.96,0,0,0,0
72.72,18,5912,US,1,2,8,105.55,0.69,0,0,0,0
290.7,13,5814,US,0,1,2,90.9,3.2,0,0,0,0
43.66,11,5411,US,0,0,4,116.6,0.37,0,0,0,0
48.86,20,5814,US,0,0,2,117.47,0.42,0,0,0,0
47.22,17,5912,US,1,2,5,51.86,0.91,0,0,0,0
64.97,8,4121,US,1,2,6,126.0,0.52,0,0,0,0
113.26,12,5311,US,0,2,4,121.35,0.93,0,0,0,0
903.83,20,5944,GB,8,17,29,61.68,14.65,1,0,1,1
11.86,12,5541,US,0,1,7,131.01,0.09,0,0,0,0
123.93,18,5814,US,0,1,3,147.41,0.84,0,0,0,0
39.46,15,5311,US,0,0,0,117.65,0.34,0,0,0,0
2.35,12,5311,UA,7,28,43,58.41,0.04,1,0,0,1
2387.97,6,7995,CY,1,5,10,79.11,30.19,1,0,1,1
21.05,9,5541,US,0,1,4,65.6,0.32,0,0,0,0
60.16,15,5732,US,0,1,4,103.07,0.58,0,0,1,0
87.79,15,5912,CA,0,1,5,112.43,0.78,1,0,0,0
17.0,16,5411,US,0,0,2,102.64,0.17,0,0,0,0
7.74,11,5814,US,1,1,4,147.09,0.05,0,0,0,0
18.97,11,5812,US,0,1,4,110.88,0.17,0,0,0,0
29.28,9,5311,US,0,1,2,103.1,0.28,0,0,0,0
85.49,13,5814,US,0,0,2,87.85,0.97,0,0,0,0
27.87,11,5411,US,1,2,5,83.46,0.33,0,0,0,0
66.66,19,5812,US,0,1,5,84.21,0.79,0,0,0,0
14.02,19,5541,US,0,0,3,125.27,0.11,0,0,0,0
30.95,16,5732,US,0,2,7,128.5,0.24,0,0,1,0
24.19,12,5411,US,0,2,3,114.99,0.21,0,0,0,0
31.84,20,5411,US,0,0,0,78.35,0.41,0,0,0,0
40.68,13,5814,CA,0,0,3,91.89,0.44,1,0,0,0
128.68,12,5541,US,1,2,3,52.39,2.46,0,0,0,0
205.41,13,5912,US,0,1,2,115.31,1.78,0,0,0,0
45.37,13,5812,US,0,1,1,55.33,0.82,0,0,0,0
13.85,12,5812,US,0,2,4,116.0,0.12,0,0,0,0
10.92,13,5732,US,0,1,3,134.83,0.08,0,0,1,0
861.96,14,6051,GB,8,20,37,98.81,8.72,1,0,1,1
102.36,13,5541,US,0,2,6,78.91,1.3,0,0,0,0
42.92,11,5541,US,0,1,4,140.51,0.31,0,0,0,0
21.97,12,5912,US,0,0,4,76.84,0.29,0,0,0,0
45.6,15,5411,US,0,1,4,74.85,0.61,0,0,0,0
86.84,13,4121,US,1,2,3,62.83,1.38,0,0,0,0
125.95,11,5912,US,0,0,4,142.97,0.88,0,0,0,0
50.23,6,5814,US,0,2,5,122.75,0.41,0,0,0,0
35.38,17,5732,US,0,0,5,95.76,0.37,0,0,1,0
28.79,15,5411,US,0,2,5,65.05,0.44,0,0,0,0
26.18,9,5732,US,0,3,5,71.3,0.37,0,0,1,0
36.38,8,5912,US,0,0,0,75.94,0.48,0,0,0,0
17.62,11,5732,US,0,1,3,137.51,0.13,0,0,1,0
22.63,21,5541,US,0,1,6,68.38,0.33,0,0,0,0
13.5,16,4121,US,0,0,5,135.5,0.1,0,0,0,0
37.38,19,5732,US,0,1,3,61.33,0.61,0,0,1,0
11.29,17,5311,US,0,0,4,113.51,0.1,0,0,0,0
85.92,23,5732,US,0,1,2,52.06,1.65,0,0,1,0
113.4,7,5311,US,0,1,4,86.22,1.32,0,0,0,0
20.12,14,5541,US,0,0,9,132.6,0.15,0,0,0,0
83.68,12,5541,US,1,1,5,129.11,0.65,0,0,0,0
91.13,23,5814,US,0,1,7,149.65,0.61,0,0,0,0
46.15,15,5541,US,0,1,3,106.13,0.43,0,0,0,0
31.42,13,5814,US,0,1,3,83.87,0.37,0,0,0,0
62.85,16,5814,US,0,0,3,107.48,0.58,0,0,0,0
102.52,16,5541,US,0,0,0,55.11,1.86,0,0,0,0
32.43,18,5541,US,0,1,5,137.29,0.24,0,0,0,0
13.78,16,5411,US,0,2,3,70.38,0.2,0,0,0,0
21.16,14,5311,US,0,2,4,106.34,0.2,0,0,0,0
19.21,6,5411,US,0,2,6,114.81,0.17,0,0,0,0
62.26,15,5912,US,1,2,5,78.98,0.79,0,0,0,0
44.89,14,5814,US,0,1,2,67.77,0.66,0,0,0,0
88.13,10,5732,US,0,1,2,51.66,1.71,0,0,1,0
13.58,12,5912,US,0,1,5,87.09,0.16,0,0,0,0
246.98,19,5541,US,0,0,2,110.01,2.25,0,0,0,0
125.87,15,5411,DE,0,0,0,71.46,1.76,1,0,0,0
145.94,12,4121,US,2,2,5,140.88,1.04,0,0,0,0
97.82,15,4121,US,0,0,0,56.93,1.72,0,0,0,0
15.53,14,5912,US,0,2,4,70.35,0.22,0,0,0,0
35.24,17,5541,US,0,0,2,67.26,0.52,0,0,0,0
308.13,10,5912,US,1,1,5,130.25,2.37,0,0,0,0
185.28,12,4121,US,0,0,5,59.06,3.14,0,0,0,0
15.05,15,5912,US,0,0,1,142.37,0.11,0,0,0,0
85.62,16,5311,US,0,0,7,134.29,0.64,0,0,0,0
42.76,16,5311,US,0,0,2,144.93,0.3,0,0,0,0
266.86,21,5411,US,0,1,3,143.79,1.86,0,0,0,0
222.47,14,5812,US,0,4,5,66.64,3.34,0,0,0,0
27.84,19,5541,US,1,2,3,88.85,0.31,0,0,0,0
453.05,11,5814,US,0,1,3,139.96,3.24,0,0,0,0
40.06,11,5912,US,0,2,4,113.18,0.35,0,0,0,0
36.73,12,5541,US,0,0,4,138.12,0.27,0,0,0,0
84.12,18,5311,US,0,2,8,104.16,0.81,0,0,0,0
138.16,15,5814,US,0,1,4,125.09,1.1,0,0,0,0
205.41,0,4829,GB,8,23,36,65.7,3.13,1,1,1,1
125.79,15,5912,US,0,1,1,118.98,1.06,0,0,0,0
7400.48,1,6051,US,1,4,9,78.47,94.31,0,1,1,1
90.79,13,4121,US,0,1,1,72.49,1.25,0,0,0,0
143.09,12,5411,CA,0,0,5,51.34,2.79,1,0,0,0
191.77,18,5311,US,0,2,6,99.94,1.92,0,0,0,0
11.74,11,5812,US,0,0,2,99.8,0.12,0,0,0,0
7131.32,0,6051,CY,2,5,10,40.01,178.24,1,1,1,1
75.45,13,5541,US,0,1,6,82.65,0.91,0,0,0,0
9.26,9,5812,US,0,0,4,78.71,0.12,0,0,0,0
103.86,16,5311,US,0,1,2,125.16,0.83,0,0,0,0
13.01,12,5812,US,0,0,2,107.3,0.12,0,0,0,0
1414.02,12,4829,CY,4,4,6,99.37,14.23,1,0,1,1
25.75,13,5814,US,0,2,2,79.62,0.32,0,0,0,0
153.67,16,5912,US,0,0,0,101.25,1.52,0,0,0,0
36.42,12,5541,US,2,4,5,103.51,0.35,0,0,0,0
13.41,19,5812,US,0,0,5,118.46,0.11,0,0,0,0
32.18,13,4121,US,0,1,2,76.19,0.42,0,0,0,0
28.96,11,5541,US,1,1,5,65.93,0.44,0,0,0,0
43.5,13,5411,US,1,2,6,145.11,0.3,0,0,0,0
236.99,11,5814,US,0,0,1,134.54,1.76,0,0,0,0
61.96,6,5541,US,0,0,2,69.36,0.89,0,0,0,0
50.47,18,5812,US,0,3,8,131.71,0.38,0,0,0,0
123.79,14,5812,DE,0,1,4,86.57,1.43,1,0,0,0
32.26,18,4121,US,0,2,4,141.97,0.23,0,0,0,0
34.41,9,5311,US,0,0,3,68.81,0.5,0,0,0,0
9.95,15,5912,US,0,2,4,146.7,0.07,0,0,0,0
12.81,12,5812,US,0,2,6,93.48,0.14,0,0,0,0
117.89,16,5541,US,0,1,4,140.5,0.84,0,0,0,0
35.26,16,5311,US,0,2,4,104.48,0.34,0,0,0,0
12.64,20,5732,US,1,2,5,109.1,0.12,0,0,1,0
102.58,13,5411,US,0,0,3,140.47,0.73,0,0,0,0
22.77,20,5732,US,1,1,4,143.93,0.16,0,0,1,0
13.28,12,5912,US,0,0,3,56.56,0.23,0,0,0,0
118.76,15,5541,US,0,0,2,56.55,2.1,0,0,0,0
113.92,16,5311,US,0,0,5,58.98,1.93,0,0,0,0
107.86,14,5311,US,0,1,2,120.91,0.89,0,0,0,0
38.05,13,5814,US,0,1,2,58.48,0.65,0,0,0,0
54.22,23,5311,JP,0,3,5,64.08,0.85,1,0,0,0
52.36,13,5541,US,0,1,2,139.56,0.38,0,0,0,0
45.19,16,4121,US,0,0,1,99.3,0.46,0,0,0,0
192.54,9,5541,US,0,0,4,79.31,2.43,0,0,0,0
149.22,18,5732,US,0,2,3,138.07,1.08,0,0,1,0
42.22,13,5311,US,1,2,5,134.81,0.31,0,0,0,0
30.49,15,5814,US,0,1,4,53.38,0.57,0,0,0,0
23.57,15,4121,US,1,1,4,79.83,0.3,0,0,0,0
52.62,9,5912,US,0,2,7,122.93,0.43,0,0,0,0
84.21,7,5541,US,0,0,8,75.85,1.11,0,0,0,0
30.11,18,4121,US,0,0,5,103.83,0.29,0,0,0,0
252.08,11,5732,US,0,2,5,59.44,4.24,0,0,1,0
60.09,10,5311,US,0,1,5,118.74,0.51,0,0,0,0
23.76,20,5814,US,0,1,3,148.72,0.16,0,0,0,0
39.48,18,5912,US,0,1,3,58.88,0.67,0,0,0,0
353.59,19,5732,GB,6,16,29,82.52,4.28,1,0,1,1
2880.66,20,5944,CY,1,4,11,46.0,62.62,1,0,1,1
382.11,15,5814,US,0,1,2,86.33,4.43,0,0,0,0
9.84,16,5732,US,2,3,7,67.6,0.15,0,0,1,0
59.57,2,5814,US,0,0,2,126.9,0.47,0,1,0,0
37.17,16,4121,US,0,2,6,146.57,0.25,0,0,0,0
47.96,8,5812,US,1,2,5,90.95,0.53,0,0,0,0
27.29,17,5732,US,0,2,2,102.14,0.27,0,0,1,0
17.12,10,5732,US,0,0,5,86.41,0.2,0,0,1,0
108.48,15,5311,US,0,1,4,74.65,1.45,0,0,0,0
129.86,10,5732,US,0,4,7,133.59,0.97,0,0,1,0
43.93,16,5411,US,0,0,5,107.13,0.41,0,0,0,0
17.11,13,5732,US,1,1,2,141.17,0.12,0,0,1,0
53.77,10,5912,US,0,0,3,84.06,0.64,0,0,0,0
18.18,12,5814,US,0,0,2,110.57,0.16,0,0,0,0
15.59,15,5311,US,0,1,2,87.22,0.18,0,0,0,0
40.13,17,4121,US,0,0,1,88.04,0.46,0,0,0,0
111.22,6,5912,US,1,2,3,146.19,0.76,0,0,0,0
153.37,12,5311,US,0,1,3,73.31,2.09,0,0,0,0
37.68,12,5311,US,1,2,3,86.63,0.43,0,0,0,0
55.69,14,5732,US,0,0,5,141.57,0.39,0,0,1,0
93.43,10,5812,US,1,3,5,97.36,0.96,0,0,0,0
95.37,17,5311,US,1,1,6,67.02,1.42,0,0,0,0
54.71,12,5732,US,1,3,7,121.73,0.45,0,0,1,0
25.11,10,5732,US,0,0,2,68.4,0.37,0,0,1,0
78.4,13,4121,FR,2,3,6,124.13,0.63,1,0,0,0
6.33,12,4121,US,0,2,5,94.84,0.07,0,0,0,0
81.25,11,5912,US,0,2,6,92.47,0.88,0,0,0,0
31.54,17,5311,GB,0,1,2,132.38,0.24,1,0,0,0
27.15,20,5732,US,0,1,3,107.3,0.25,0,0,1,0
167.2,4,5411,US,0,0,2,56.32,2.97,0,1,0,0
16.56,15,5541,US,0,2,4,88.35,0.19,0,0,0,0
104.5,11,5411,US,0,1,5,53.28,1.96,0,0,0,0
269.21,12,5732,US,0,1,5,59.68,4.51,0,0,1,0
10.3,10,5814,US,2,2,6,101.45,0.1,0,0,0,0
0.84,23,5311,US,6,12,38,52.42,0.02,0,0,0,1
31.19,8,5812,US,1,1,2,133.86,0.23,0,0,0,0
107.99,17,5912,US,0,2,4,105.69,1.02,0,0,0,0
17.59,11,5541,US,0,0,4,118.67,0.15,0,0,0,0
289.85,12,5812,US,0,2,6,62.86,4.61,0,0,0,0
55.83,16,5411,US,0,0,1,60.13,0.93,0,0,0,0
986.1,3,5732,CY,3,4,11,43.04,22.91,1,1,1,1
35.39,12,5814,US,0,1,5,136.58,0.26,0,0,0,0
136.95,10,5541,US,0,1,6,132.98,1.03,0,0,0,0
13.34,10,5812,US,1,1,3,83.72,0.16,0,0,0,0
55.45,17,4121,US,0,0,1,65.64,0.84,0,0,0,0
4.83,10,5814,US,0,2,4,143.89,0.03,0,0,0,0
37.91,11,5814,JP,0,0,6,98.8,0.38,1,0,0,0
5.16,11,5812,US,0,0,4,143.24,0.04,0,0,0,0
29.24,12,5732,US,1,1,3,52.93,0.55,0,0,1,0
15.65,10,5732,US,0,3,6,124.51,0.13,0,0,1,0
42.74,14,5732,US,0,1,5,103.51,0.41,0,0,1,0
64.23,13,5311,US,0,0,2,89.62,0.72,0,0,0,0
33.31,15,5912,US,0,2,5,74.42,0.45,0,0,0,0
50.25,10,5541,US,0,0,0,138.21,0.36,0,0,0,0
56.71,7,5912,US,0,1,6,113.61,0.5,0,0,0,0
180.72,17,5812,US,0,0,0,129.8,1.39,0,0,0,0
70.82,18,5732,US,0,0,3,123.31,0.57,0,0,1,0
23.27,13,5411,US,0,0,0,57.59,0.4,0,0,0,0
83.72,9,5541,US,0,1,5,63.15,1.33,0,0,0,0
18.66,14,5311,US,0,0,0,73.92,0.25,0,0,0,0
92.21,14,5912,US,0,1,8,73.25,1.26,0,0,0,0
137.24,14,5311,US,0,1,6,98.8,1.39,0,0,0,0
49.08,11,5541,US,0,1,4,70.72,0.69,0,0,0,0
30.32,19,5912,US,0,1,2,63.61,0.48,0,0,0,0
34.28,13,5411,US,0,0,3,58.87,0.58,0,0,0,0
19.26,9,4121,US,0,0,4,61.61,0.31,0,0,0,0
77.5,10,5541,US,0,3,10,75.66,1.02,0,0,0,0
33.88,14,5912,US,0,0,2,89.69,0.38,0,0,0,0
182.75,19,5311,CA,0,0,6,51.68,3.54,1,0,0,0
44.64,17,5411,US,0,0,2,92.34,0.48,0,0,0,0
32.37,9,5912,US,0,1,5,51.27,0.63,0,0,0,0
18.45,18,4121,US,0,1,3,88.7,0.21,0,0,0,0
2.5,17,5814,US,0,1,7,148.72,0.02,0,0,0,0
574.5,0,7995,US,5,11,38,73.05,7.86,0,1,1,1
18.3,9,5912,US,0,2,3,78.06,0.23,0,0,0,0
117.92,15,4121,US,1,4,5,87.56,1.35,0,0,0,0
15.48,19,5814,US,0,2,4,78.87,0.2,0,0,0,0
36.42,12,5411,US,0,1,4,120.45,0.3,0,0,0,0
217.09,11,5814,US,0,0,1,126.94,1.71,0,0,0,0
83.97,17,5541,US,1,1,2,89.7,0.94,0,0,0,0
37.31,13,5814,US,0,2,5,73.89,0.5,0,0,0,0
30.8,11,5814,GB,0,1,3,129.41,0.24,1,0,0,0
21.4,22,5912,US,0,0,4,112.12,0.19,0,0,0,0
70.24,14,5411,US,0,1,2,53.93,1.3,0,0,0,0
49.81,13,5912,US,0,1,4,106.5,0.47,0,0,0,0
101.28,9,5812,CA,0,0,4,108.19,0.94,1,0,0,0
198.79,10,5812,US,0,1,3,126.36,1.57,0,0,0,0
24.55,9,5912,US,0,1,4,80.85,0.3,0,0,0,0
62.58,14,5812,US,0,0,4,68.62,0.91,0,0,0,0
134.17,9,5912,US,0,2,4,90.29,1.49,0,0,0,0
11.09,18,5912,US,0,0,2,137.24,0.08,0,0,0,0
207.83,23,5814,US,0,2,4,130.73,1.59,0,0,0,0
16.9,17,5912,US,1,1,6,71.75,0.24,0,0,0,0
11.1,23,5732,US,0,0,1,86.34,0.13,0,0,1,0
55.41,17,5814,CA,0,0,2,86.09,0.64,1,0,0,0
22.77,7,5311,US,0,0,2,113.54,0.2,0,0,0,0
108.76,13,5541,US,0,1,2,120.08,0.91,0,0,0,0
41.79,11,5541,US,0,0,6,131.43,0.32,0,0,0,0
89.9,10,5311,US,0,0,3,71.17,1.26,0,0,0,0
89.36,11,5814,US,1,2,3,62.28,1.43,0,0,0,0
20.95,14,5311,US,0,1,4,95.36,0.22,0,0,0,0
50.99,16,5541,US,0,0,4,57.8,0.88,0,0,0,0
31.1,14,4121,US,0,1,10,75.39,0.41,0,0,0,0
22.56,14,5311,US,0,2,7,133.39,0.17,0,0,0,0
131.3,13,5732,US,1,2,4,90.24,1.46,0,0,1,0
11.92,12,5814,US,0,1,4,124.52,0.1,0,0,0,0
36.4,15,4121,US,0,0,3,145.66,0.25,0,0,0,0
17.49,18,5541,US,0,0,6,87.96,0.2,0,0,0,0
85.3,13,5541,US,0,0,1,147.7,0.58,0,0,0,0
22.56,13,5912,US,1,1,3,112.26,0.2,0,0,0,0
48.03,13,5814,US,0,0,3,140.94,0.34,0,0,0,0
46.9,12,5812,US,0,1,2,113.27,0.41,0,0,0,0
55.23,14,5411,US,0,0,3,144.42,0.38,0,0,0,0
28.58,4,5732,CA,0,2,3,97.73,0.29,1,1,1,0
512.73,21,7995,RO,5,12,35,61.85,8.29,1,0,1,1
53.89,17,4121,US,0,1,6,101.0,0.53,0,0,0,0
11.48,12,5311,US,0,1,2,81.28,0.14,0,0,0,0
60.41,6,5541,US,0,1,2,146.29,0.41,0,0,0,0
71.85,16,5732,US,0,2,5,106.01,0.68,0,0,1,0
186.86,13,5814,US,0,2,4,140.22,1.33,0,0,0,0
147.29,8,5912,US,0,1,2,100.02,1.47,0,0,0,0
27.97,9,5732,US,0,0,5,135.91,0.21,0,0,1,0
23.04,9,5732,US,0,1,3,82.01,0.28,0,0,1,0
12.01,6,5814,US,0,2,2,51.85,0.23,0,0,0,0
100.17,18,5541,US,1,3,4,103.02,0.97,0,0,0,0
71.39,20,5411,US,1,1,4,130.74,0.55,0,0,0,0
20.1,15,5812,US,0,4,5,50.54,0.4,0,0,0,0
15.71,14,5812,US,0,1,3,127.12,0.12,0,0,0,0
61.73,5,5311,US,0,2,3,97.44,0.63,0,1,0,0
257.91,12,5812,US,1,1,4,139.92,1.84,0,0,0,0
4120.21,2,6051,CY,2,4,9,67.92,60.66,1,1,1,1
27.63,14,5411,US,0,2,4,78.23,0.35,0,0,0,0
23.57,7,5912,US,0,1,3,121.15,0.19,0,0,0,0
16.13,13,4121,US,0,2,3,139.13,0.12,0,0,0,0
55.89,19,5814,US,0,0,6,65.62,0.85,0,0,0,0
118.13,18,5814,US,0,1,1,147.33,0.8,0,0,0,0
21.14,15,5912,US,2,2,5,88.61,0.24,0,0,0,0
47.24,11,5311,US,0,0,0,105.4,0.45,0,0,0,0
11.73,10,5814,US,0,0,0,71.4,0.16,0,0,0,0
7.42,13,5541,US,0,0,1,137.75,0.05,0,0,0,0
2.51,6,5732,US,0,0,3,80.45,0.03,0,0,1,0
28.5,3,5541,US,0,0,1,129.38,0.22,0,1,0,0
69.63,7,5814,US,1,1,4,66.31,1.05,0,0,0,0
13.61,17,5732,US,0,3,6,66.39,0.21,0,0,1,0
135.3,17,5732,US,0,0,2,111.45,1.21,0,0,1,0
119.51,11,5541,US,0,0,5,113.07,1.06,0,0,0,0
9.11,16,5411,US,1,2,7,127.01,0.07,0,0,0,0
21.74,19,5541,US,0,0,4,99.15,0.22,0,0,0,0
19.2,16,5411,US,0,0,2,64.91,0.3,0,0,0,0
54.98,18,5732,US,0,0,1,120.74,0.46,0,0,1,0
21.05,11,5311,US,1,3,7,92.96,0.23,0,0,0,0
61.45,8,5311,US,0,1,3,84.98,0.72,0,0,0,0
69.73,17,5311,US,0,1,3,137.86,0.51,0,0,0,0
16.78,14,4121,US,0,0,3,54.92,0.31,0,0,0,0
269.5,15,5541,US,0,0,1,85.77,3.14,0,0,0,0
25.01,7,4121,US,0,0,1,144.05,0.17,0,0,0,0
18.22,19,5912,US,1,2,6,66.33,0.27,0,0,0,0
61.91,12,4121,US,0,0,5,80.47,0.77,0,0,0,0
58.45,13,5732,US,0,1,3,144.43,0.4,0,0,1,0
6637.49,4,5732,US,3,5,4,45.76,145.05,0,1,1,1
32.74,11,5732,US,0,0,2,140.58,0.23,0,0,1,0
119.75,13,5541,US,0,1,3,75.07,1.6,0,0,0,0
14.94,23,5814,US,0,1,7,127.14,0.12,0,0,0,0
35.24,15,5732,US,0,1,1,121.8,0.29,0,0,1,0
151.44,15,5812,US,0,2,6,105.79,1.43,0,0,0,0
40.12,12,5311,US,0,0,4,90.3,0.44,0,0,0,0
93.49,9,5541,US,0,2,3,66.12,1.41,0,0,0,0
24.59,13,5541,CA,0,2,5,109.37,0.22,1,0,0,0
64.84,19,5812,US,0,0,1,147.42,0.44,0,0,0,0
78.05,8,5411,US,0,1,3,136.62,0.57,0,0,0,0
111.17,12,5541,DE,0,1,2,110.76,1.0,1,0,0,0
20.81,10,5814,US,0,0,2,69.5,0.3,0,0,0,0
42.62,15,5812,US,1,1,2,66.27,0.64,0,0,0,0
23.97,12,5311,US,0,0,0,148.37,0.16,0,0,0,0
30.51,17,5411,US,0,1,2,94.29,0.32,0,0,0,0
41.13,17,5311,US,0,0,2,131.43,0.31,0,0,0,0
357.87,14,5814,US,0,0,5,83.26,4.3,0,0,0,0
26.5,17,5814,US,0,2,2,117.54,0.23,0,0,0,0
130.42,10,5812,US,0,1,1,111.06,1.17,0,0,0,0
61.21,12,5912,US,1,1,2,73.7,0.83,0,0,0,0
36.12,17,4121,US,0,1,2,62.16,0.58,0,0,0,0
30.43,13,5912,US,0,1,5,103.85,0.29,0,0,0,0
298.75,13,5411,US,0,1,2,139.7,2.14,0,0,0,0
87.81,10,5812,US,0,2,2,123.27,0.71,0,0,0,0
102.67,16,4121,US,0,1,2,75.62,1.36,0,0,0,0
39.49,18,5912,US,0,0,0,86.27,0.46,0,0,0,0
35.1,14,5812,US,0,0,6,118.16,0.3,0,0,0,0
62.56,11,5812,US,0,2,7,147.02,0.43,0,0,0,0
65.79,16,5814,US,0,1,3,55.68,1.18,0,0,0,0
72.52,11,5814,US,0,1,3,90.16,0.8,0,0,0,0
10.28,21,5814,US,0,1,3,93.1,0.11,0,0,0,0
16.23,14,5541,US,1,2,3,134.45,0.12,0,0,0,0
18.49,7,5812,US,0,0,2,59.11,0.31,0,0,0,0
103.71,8,5814,US,0,0,1,59.76,1.74,0,0,0,0
368.78,16,5814,US,0,0,2,104.16,3.54,0,0,0,0
51.75,13,5912,US,0,1,3,67.68,0.76,0,0,0,0
16.45,5,5814,US,0,0,5,103.53,0.16,0,1,0,0
59.95,13,4121,US,0,1,2,103.71,0.58,0,0,0,0
128.35,18,5912,US,0,0,2,137.62,0.93,0,0,0,0
16.51,9,5814,US,0,0,0,91.47,0.18,0,0,0,0
24.49,10,5732,US,0,1,3,101.86,0.24,0,0,1,0
53.73,10,4121,US,1,2,5,148.25,0.36,0,0,0,0
172.09,15,5814,US,0,1,3,66.1,2.6,0,0,0,0
34.29,11,5912,US,0,0,1,60.62,0.57,0,0,0,0
58.91,10,5732,US,0,0,4,117.45,0.5,0,0,1,0
44.53,17,5912,US,0,1,3,148.83,0.3,0,0,0,0
97.97,21,5311,US,0,1,2,133.24,0.74,0,0,0,0
32.59,9,4121,US,1,1,1,73.6,0.44,0,0,0,0
336.06,22,5944,GB,10,18,30,41.21,8.15,1,0,1,1
39.53,17,5812,US,1,4,8,147.13,0.27,0,0,0,0
56.56,16,5541,US,0,1,3,144.68,0.39,0,0,0,0
18.1,11,5814,US,0,0,1,58.43,0.31,0,0,0,0
83.86,11,5812,US,0,0,3,83.56,1.0,0,0,0,0
201.77,12,4121,US,0,2,8,69.26,2.91,0,0,0,0
22.99,7,5812,US,0,1,8,135.98,0.17,0,0,0,0
59.86,14,5732,US,0,2,4,109.11,0.55,0,0,1,0
44.67,18,5732,US,1,1,4,147.27,0.3,0,0,1,0
72.68,21,5812,US,0,0,5,96.18,0.76,0,0,0,0
11.72,14,5311,US,0,1,5,118.87,0.1,0,0,0,0
73.91,16,5541,US,2,2,5,98.86,0.75,0,0,0,0
7812.4,2,5732,US,1,4,9,73.97,105.62,0,1,1,1
49.19,15,5311,US,0,1,2,112.43,0.44,0,0,0,0
38.96,13,5541,US,2,3,5,116.01,0.34,0,0,0,0
43.19,9,5732,US,0,1,1,113.65,0.38,0,0,1,0
1.27,8,5311,NG,6,12,26,93.08,0.01,1,0,0,1
165.99,14,5541,US,0,2,4,76.42,2.17,0,0,0,0
125.36,19,5812,US,0,0,1,113.54,1.1,0,0,0,0
35.98,12,5912,US,0,2,6,109.74,0.33,0,0,0,0
81.55,5,5311,US,0,0,5,100.71,0.81,0,1,0,0
97.62,12,5912,US,0,0,0,126.32,0.77,0,0,0,0
51.21,12,5814,US,0,1,2,84.99,0.6,0,0,0,0
46.92,17,5311,US,0,0,1,84.76,0.55,0,0,0,0
92.1,13,5311,US,0,0,1,90.08,1.02,0,0,0,0
102.17,12,5311,US,0,2,4,130.9,0.78,0,0,0,0
101.29,12,5732,US,0,0,5,105.23,0.96,0,0,1,0
51.93,10,5541,US,0,0,3,83.82,0.62,0,0,0,0
66.83,10,5814,US,0,0,0,65.67,1.02,0,0,0,0
36.31,17,5812,US,1,1,3,106.53,0.34,0,0,0,0
12.77,11,5814,US,0,0,1,120.75,0.11,0,0,0,0
90.46,11,5912,US,0,1,5,64.82,1.4,0,0,0,0
168.77,11,5812,US,0,0,3,94.04,1.79,0,0,0,0
8.59,11,5812,US,2,4,5,99.34,0.09,0,0,0,0
41.34,19,5311,US,0,1,2,144.64,0.29,0,0,0,0
14.82,12,5541,US,0,0,2,52.62,0.28,0,0,0,0
60.52,13,5311,US,0,2,3,71.94,0.84,0,0,0,0
40.73,16,5732,US,0,1,5,149.0,0.27,0,0,1,0
14.33,12,4121,US,1,1,3,124.66,0.11,0,0,0,0
12.02,18,4121,US,0,1,5,139.06,0.09,0,0,0,0
53.6,7,5541,US,0,1,3,146.09,0.37,0,0,0,0
48.37,14,5812,US,0,0,2,57.09,0.85,0,0,0,0
478.01,6,5814,US,0,0,4,100.74,4.74,0,0,0,0
48.0,12,5912,US,2,2,4,101.74,0.47,0,0,0,0
158.23,10,5814,US,0,0,4,88.94,1.78,0,0,0,0
163.47,11,5812,US,1,1,2,124.18,1.32,0,0,0,0
106.43,12,5812,US,0,1,3,67.82,1.57,0,0,0,0
2533.25,1,5732,RO,2,6,4,41.03,61.74,1,1,1,1
202.37,12,5814,US,0,4,8,92.07,2.2,0,0,0,0
21.04,15,5814,US,0,2,4,117.93,0.18,0,0,0,0
286.14,14,5541,US,0,1,5,116.46,2.46,0,0,0,0
14.5,13,5912,US,0,4,5,114.02,0.13,0,0,0,0
16.19,9,5411,US,1,3,9,135.42,0.12,0,0,0,0
21.22,15,5311,US,1,2,3,53.96,0.39,0,0,0,0
39.26,18,5541,US,0,1,1,58.79,0.67,0,0,0,0
333.75,12,5812,US,1,2,3,135.82,2.46,0,0,0,0
16.83,13,5411,US,1,1,4,90.55,0.19,0,0,0,0
62.31,15,5311,US,1,3,6,105.09,0.59,0,0,0,0
20.01,10,5541,US,0,1,2,142.21,0.14,0,0,0,0
61.95,17,5732,US,0,2,8,99.89,0.62,0,0,1,0
475.86,20,5812,US,0,1,2,104.09,4.57,0,0,0,0
101.75,8,5541,US,0,0,1,65.68,1.55,0,0,0,0
94.4,22,5812,US,1,1,2,89.52,1.05,0,0,0,0
175.86,19,5912,FR,0,0,4,89.2,1.97,1,0,0,0
1661.3,3,4829,NG,3,4,6,83.73,19.84,1,1,1,1
56.05,3,5814,US,0,1,2,100.63,0.56,0,1,0,0
56.24,9,5812,US,0,2,4,121.54,0.46,0,0,0,0
110.71,16,4121,US,0,1,6,145.06,0.76,0,0,0,0
59.7,12,5311,US,0,1,1,113.64,0.53,0,0,0,0
16.38,8,5912,US,0,1,6,97.41,0.17,0,0,0,0
20.63,11,5411,US,0,1,5,88.88,0.23,0,0,0,0
138.54,8,5812,US,0,2,6,66.6,2.08,0,0,0,0
87.6,11,5732,US,0,1,4,118.73,0.74,0,0,1,0
33.65,15,5912,GB,0,2,8,62.32,0.54,1,0,0,0
46.99,14,5411,US,0,2,4,71.06,0.66,0,0,0,0
264.15,8,6051,GB,6,16,33,60.32,4.38,1,0,1,1
54.83,9,5541,US,0,1,1,98.09,0.56,0,0,0,0
803.98,13,5944,GB,8,25,37,97.95,8.21,1,0,1,1
90.67,12,5814,US,0,0,2,107.19,0.85,0,0,0,0
271.21,14,4121,US,0,1,5,71.18,3.81,0,0,0,0
53.19,8,4121,US,0,1,2,118.18,0.45,0,0,0,0
14.25,13,5912,US,0,0,3,79.4,0.18,0,0,0,0
53.04,17,5812,US,0,1,5,80.7,0.66,0,0,0,0
26.2,22,4121,US,1,2,6,74.22,0.35,0,0,0,0
35.81,9,5812,US,0,0,2,75.54,0.47,0,0,0,0
24.44,15,5812,US,0,1,3,61.01,0.4,0,0,0,0
91.19,18,5411,US,0,0,4,146.98,0.62,0,0,0,0
26.03,18,4121,US,1,2,3,111.08,0.23,0,0,0,0
40.02,2,5541,US,0,0,2,88.79,0.45,0,1,0,0
14.25,16,5812,US,0,4,7,133.69,0.11,0,0,0,0
63.35,9,5912,US,0,2,3,115.29,0.55,0,0,0,0
74.56,22,5411,US,0,1,2,88.66,0.84,0,0,0,0
64.03,19,5814,US,0,1,6,67.68,0.95,0,0,0,0
13.44,13,5411,US,0,1,5,124.82,0.11,0,0,0,0
65.07,17,5541,US,0,2,2,107.71,0.6,0,0,0,0
3006.77,0,5944,CN,1,8,6,72.13,41.69,1,1,1,1
31.42,9,5541,US,0,0,5,52.55,0.6,0,0,0,0
99.31,9,5411,GB,0,0,4,80.4,1.24,1,0,0,0
6.49,14,5411,US,0,1,3,81.3,0.08,0,0,0,0
25.22,12,5812,US,0,2,5,121.3,0.21,0,0,0,0
149.79,8,5411,US,0,0,2,124.18,1.21,0,0,0,0
39.29,18,4121,US,1,1,2,97.81,0.4,0,0,0,0
31.58,8,5732,US,0,0,3,110.72,0.29,0,0,1,0
25.83,8,5541,US,1,2,4,83.8,0.31,0,0,0,0
18.81,15,5814,US,0,1,2,149.61,0.13,0,0,0,0
123.84,16,5411,US,0,0,0,72.26,1.71,0,0,0,0
18.99,12,5814,US,1,1,5,125.05,0.15,0,0,0,0
8.66,14,4121,US,0,0,2,50.27,0.17,0,0,0,0
42.89,13,5411,US,0,0,3,64.51,0.66,0,0,0,0
30.78,20,5311,US,0,1,3,92.25,0.33,0,0,0,0
6454.0,0,6051,RO,3,6,4,65.76,98.14,1,1,1,1
80.68,17,5812,US,0,1,3,60.36,1.34,0,0,0,0
40.31,15,5814,US,0,1,3,147.28,0.27,0,0,0,0
21.66,18,5912,US,0,1,5,132.61,0.16,0,0,0,0
63.86,17,5411,US,0,3,5,99.19,0.64,0,0,0,0
45.49,17,5812,US,0,0,2,98.03,0.46,0,0,0,0
4.14,4,5812,US,1,2,6,121.08,0.03,0,1,0,0
69.54,17,4121,US,1,2,5,51.31,1.36,0,0,0,0
71.94,13,5411,US,0,1,5,146.37,0.49,0,0,0,0
88.09,13,5541,US,1,2,4,54.26,1.62,0,0,0,0
24.55,12,5912,US,0,0,2,122.75,0.2,0,0,0,0
31.32,23,5732,US,0,1,4,57.38,0.55,0,0,1,0
18.49,18,5814,US,0,0,2,53.16,0.35,0,0,0,0
71.16,15,5912,US,0,0,1,84.39,0.84,0,0,0,0
50.3,11,5311,US,0,1,1,137.75,0.37,0,0,0,0
705.51,10,5814,US,1,1,7,90.67,7.78,0,0,0,0
34.12,7,4121,US,0,0,2,74.2,0.46,0,0,0,0
34.89,17,4121,JP,0,1,3,113.32,0.31,1,0,0,0
13.86,9,4121,US,0,1,4,61.79,0.22,0,0,0,0
9.79,18,5812,US,0,0,0,137.89,0.07,0,0,0,0
200.33,9,5732,CA,1,2,4,135.86,1.47,1,0,1,0
39.62,4,5912,US,0,0,3,106.7,0.37,0,1,0,0
83.33,13,5732,US,0,0,1,129.52,0.64,0,0,1,0
38.28,13,5814,US,1,1,2,63.19,0.61,0,0,0,0
55.98,17,5411,US,0,0,1,86.77,0.65,0,0,0,0
104.12,17,5912,US,0,0,6,124.07,0.84,0,0,0,0
36.08,11,5812,US,1,2,6,74.8,0.48,0,0,0,0
109.69,15,5411,US,0,2,4,117.44,0.93,0,0,0,0
27.81,22,4121,US,0,1,3,149.4,0.19,0,0,0,0
26.85,13,5541,US,0,1,3,96.91,0.28,0,0,0,0
32.95,20,5814,FR,1,2,4,131.51,0.25,1,0,0,0
81.15,19,5812,US,1,1,4,77.33,1.05,0,0,0,0
114.09,12,5732,US,0,0,2,108.62,1.05,0,0,1,0
11.83,2,5541,US,0,0,4,143.21,0.08,0,1,0,0
143.52,14,5812,US,0,1,1,87.36,1.64,0,0,0,0
36.53,13,5411,US,0,0,2,123.93,0.29,0,0,0,0
70.05,18,4121,US,0,0,1,70.33,1.0,0,0,0,0
61.19,14,5912,US,0,0,1,65.23,0.94,0,0,0,0
3510.51,3,6051,US,1,2,4,79.46,44.18,0,1,1,1
85.93,13,4121,US,0,0,3,103.54,0.83,0,0,0,0
125.89,16,5912,US,0,1,2,107.86,1.17,0,0,0,0
24.97,17,5732,CA,0,3,6,139.66,0.18,1,0,1,0
179.53,2,5732,US,8,23,37,85.51,2.1,0,1,1,1
44.55,12,5541,US,0,0,0,129.33,0.34,0,0,0,0
65.83,20,5541,US,0,0,2,140.53,0.47,0,0,0,0
28.46,9,5411,US,0,1,5,109.15,0.26,0,0,0,0
31.51,12,5541,US,0,1,6,60.85,0.52,0,0,0,0
15.55,17,5411,US,0,0,1,52.23,0.3,0,0,0,0
28.77,12,5912,US,1,2,2,89.18,0.32,0,0,0,0
20.24,22,5812,JP,0,0,5,77.79,0.26,1,0,0,0
26.05,13,5541,US,0,1,3,144.1,0.18,0,0,0,0
113.53,20,5812,US,0,4,7,108.93,1.04,0,0,0,0
27.02,9,5411,US,0,0,4,76.78,0.35,0,0,0,0
43.95,17,5541,US,0,0,5,124.67,0.35,0,0,0,0
153.44,11,4829,GB,8,15,25,66.5,2.31,1,0,1,1
38.7,7,5411,US,0,2,2,56.74,0.68,0,0,0,0
278.43,11,5912,US,1,1,3,117.95,2.36,0,0,0,0
23.8,19,5812,US,0,1,6,81.89,0.29,0,0,0,0
513.35,14,5912,US,0,2,4,57.91,8.86,0,0,0,0
71.94,16,4121,US,0,4,6,71.58,1.01,0,0,0,0
34.4,19,5541,US,0,1,4,74.52,0.46,0,0,0,0
51.92,12,5814,US,0,2,3,72.71,0.71,0,0,0,0
34.6,18,5411,US,1,3,5,115.41,0.3,0,0,0,0
56.31,13,5814,FR,0,0,0,106.36,0.53,1,0,0,0
2839.61,1,5732,CY,2,6,8,78.76,36.05,1,1,1,1
60.92,14,4121,US,0,0,2,147.61,0.41,0,0,0,0
74.89,21,5732,US,1,2,4,98.59,0.76,0,0,1,0
103.74,15,5814,US,0,1,2,61.06,1.7,0,0,0,0
123.31,9,4121,US,0,0,0,131.55,0.94,0,0,0,0
28.01,13,5812,US,0,0,0,100.72,0.28,0,0,0,0
25.07,12,5814,US,0,1,3,92.61,0.27,0,0,0,0
109.55,14,5814,US,0,0,1,128.84,0.85,0,0,0,0
46.58,10,5732,US,0,0,4,51.85,0.9,0,0,1,0
35.77,11,5541,US,0,1,1,110.47,0.32,0,0,0,0
64.55,13,5411,US,0,1,4,129.88,0.5,0,0,0,0
351.52,11,5541,US,0,4,6,61.64,5.7,0,0,0,0
2.71,4,5311,NG,8,14,37,58.63,0.05,1,1,0,1
115.45,18,5311,US,0,3,5,94.92,1.22,0,0,0,0
27.81,11,5732,US,0,0,2,114.27,0.24,0,0,1,0
44.5,7,4121,US,1,2,5,82.91,0.54,0,0,0,0
2.48,9,5311,US,7,30,30,93.61,0.03,0,0,0,1
44.19,16,5912,US,0,1,5,57.18,0.77,0,0,0,0
67.89,13,5812,US,0,0,4,118.49,0.57,0,0,0,0
22.51,15,5541,US,0,0,4,134.67,0.17,0,0,0,0
58.03,19,5732,FR,0,0,8,84.87,0.68,1,0,1,0
24.17,11,5411,US,0,1,6,116.13,0.21,0,0,0,0
30.69,15,5411,US,0,0,1,139.69,0.22,0,0,0,0
136.01,11,5812,US,0,1,5,100.59,1.35,0,0,0,0
35.28,16,5541,US,0,1,3,112.96,0.31,0,0,0,0
16.69,15,5411,US,0,1,6,98.79,0.17,0,0,0,0
21.47,14,4121,US,1,3,7,78.52,0.27,0,0,0,0
124.58,9,4121,US,0,1,5,146.41,0.85,0,0,0,0
75.05,14,5912,US,1,1,4,148.73,0.5,0,0,0,0
195.25,20,5411,US,0,1,3,109.03,1.79,0,0,0,0
33.73,14,4121,US,0,0,3,97.96,0.34,0,0,0,0
43.77,13,5411,US,0,0,3,104.95,0.42,0,0,0,0
159.9,10,5814,US,1,1,5,109.05,1.47,0,0,0,0
60.53,23,5814,US,0,1,2,105.37,0.57,0,0,0,0
54.69,15,5912,US,0,0,2,76.47,0.72,0,0,0,0
57.95,12,5411,US,0,2,4,117.08,0.49,0,0,0,0
7.68,14,4121,US,1,2,2,148.78,0.05,0,0,0,0
24.63,13,5814,US,0,0,3,80.8,0.3,0,0,0,0
16.39,17,5814,US,0,0,1,134.42,0.12,0,0,0,0
69.43,14,5912,US,0,0,2,143.08,0.49,0,0,0,0
2620.15,1,6051,CN,3,2,4,65.86,39.78,1,1,1,1
10.08,21,5541,US,0,1,4,59.59,0.17,0,0,0,0
53.15,11,5812,US,1,2,5,81.77,0.65,0,0,0,0
97.03,10,5732,US,0,0,2,130.61,0.74,0,0,1,0
60.58,13,5812,US,0,1,3,61.7,0.98,0,0,0,0
9.75,14,5732,US,1,1,3,145.59,0.07,0,0,1,0
46.62,19,5311,US,1,2,3,78.76,0.59,0,0,0,0
62.92,18,5912,US,0,2,4,66.82,0.94,0,0,0,0
52.62,14,5814,US,0,3,6,138.59,0.38,0,0,0,0
82.34,17,5814,US,0,1,1,80.56,1.02,0,0,0,0
39.44,16,5814,US,0,0,2,96.18,0.41,0,0,0,0
141.03,23,5814,US,0,1,4,95.75,1.47,0,0,0,0
27.95,9,5411,US,0,0,2,73.75,0.38,0,0,0,0
63.3,14,5541,US,2,2,8,139.26,0.45,0,0,0,0
7.11,21,4121,US,0,1,2,76.96,0.09,0,0,0,0
64.2,7,5411,US,2,2,6,114.49,0.56,0,0,0,0
40.11,9,5812,US,0,0,2,112.47,0.36,0,0,0,0
731.68,23,7995,GB,9,16,28,97.67,7.49,1,0,1,1
5433.05,1,5944,US,3,2,5,66.22,82.05,0,1,1,1
36.49,15,5541,US,0,2,3,136.13,0.27,0,0,0,0
18.39,16,5912,US,1,1,5,139.1,0.13,0,0,0,0
7.95,12,5814,US,1,2,5,149.58,0.05,0,0,0,0
104.57,15,5912,US,1,1,4,147.79,0.71,0,0,0,0
67.29,7,5311,US,0,0,0,52.89,1.27,0,0,0,0
173.33,10,5732,US,0,2,4,142.57,1.22,0,0,1,0
12.8,14,5912,US,0,0,4,59.85,0.21,0,0,0,0
47.52,9,4121,US,0,1,2,56.63,0.84,0,0,0,0
168.5,11,4121,US,0,0,6,65.52,2.57,0,0,0,0
19.4,18,5541,US,0,0,2,100.2,0.19,0,0,0,0
78.3,16,5541,US,0,0,1,135.82,0.58,0,0,0,0
40.36,20,5812,US,0,1,3,147.52,0.27,0,0,0,0
67.58,13,5411,US,0,1,4,114.03,0.59,0,0,0,0
96.51,5,5311,US,0,1,2,56.66,1.7,0,1,0,0
245.16,21,5812,US,0,0,0,143.62,1.71,0,0,0,0
22.83,15,5912,US,0,0,1,128.55,0.18,0,0,0,0
2236.02,9,6051,CY,4,8,6,63.67,35.12,1,0,1,1
17.09,16,5812,US,0,1,3,105.63,0.16,0,0,0,0
72.12,14,5814,US,0,2,8,106.64,0.68,0,0,0,0
7.51,11,5912,US,0,1,4,60.46,0.12,0,0,0,0
52.15,14,5541,US,0,0,4,96.18,0.54,0,0,0,0
45.6,16,5912,US,0,1,3,119.67,0.38,0,0,0,0
7.69,15,5732,US,0,0,1,116.4,0.07,0,0,1,0
144.24,12,5411,US,1,1,4,58.45,2.47,0,0,0,0
36.05,13,5541,US,0,0,3,60.41,0.6,0,0,0,0
